MM,DD,YY,HRI_AverageTemp,HRI_MaxTemp,HRI_TempDifference,Samples_per_day
1,1,2000,6.23375,6.29,0.056250000000000355,48
1,1,2002,6.525625,6.69,0.1643750000000006,48
1,1,2005,5.0597916666666665,5.24,0.18020833333333375,48
1,1,2006,5.608333333333333,5.75,0.1416666666666666,48
1,1,2008,5.232708333333333,5.42,0.18729166666666686,48
1,1,2009,4.9998125,5.565,0.5651875000000004,48
1,1,2010,4.489166666666667,4.88,0.39083333333333314,48
1,1,2012,7.877125,8.02,0.1428749999999992,48
1,1,2013,7.4965,7.77,0.2734999999999994,48
1,1,2014,6.116270833333333,6.661,0.5447291666666665,48
1,1,2015,6.8453125,7.619,0.7736874999999994,48
1,1,2016,8.6535625,8.792,0.1384375000000002,48
1,2,2000,5.851875,6.29,0.4381250000000003,48
1,2,2002,6.3062499999999995,6.53,0.22375000000000078,48
1,2,2005,5.104791666666666,5.24,0.13520833333333382,48
1,2,2006,5.60125,5.75,0.14874999999999972,48
1,2,2008,4.779583333333333,5.13,0.3504166666666668,48
1,2,2009,5.0638125,5.257,0.19318749999999962,48
1,2,2010,4.464791666666667,4.88,0.4152083333333332,48
1,2,2012,7.793916666666666,8.07,0.2760833333333341,48
1,2,2013,7.017854166666667,7.419,0.40114583333333265,48
1,2,2014,5.481354166666667,6.23,0.7486458333333337,48
1,2,2015,7.3144583333333335,8.045,0.7305416666666664,48
1,2,2016,8.497229166666667,8.817,0.3197708333333331,48
1,3,2000,5.799375,5.98,0.18062500000000004,48
1,3,2002,6.316666666666666,6.38,0.06333333333333346,48
1,3,2005,5.355416666666667,5.39,0.034583333333332966,48
1,3,2006,5.661666666666666,6.06,0.39833333333333343,48
1,3,2008,4.453333333333333,4.84,0.3866666666666667,48
1,3,2009,5.047083333333333,5.205,0.15791666666666693,48
1,3,2010,4.157916666666667,4.59,0.43208333333333293,48
1,3,2012,7.942395833333333,8.095,0.15260416666666732,48
1,3,2013,6.351791666666666,6.661,0.3092083333333333,48
1,3,2014,4.816895833333334,5.437,0.6201041666666667,48
1,3,2015,7.060833333333333,7.619,0.5581666666666667,48
1,3,2016,8.20425,8.469,0.2647499999999994,48
1,4,2000,5.66,5.83,0.16999999999999993,48
1,4,2002,6.141041666666666,6.38,0.2389583333333336,48
1,4,2005,5.286041666666667,5.39,0.10395833333333293,48
1,4,2006,5.59875,5.75,0.1512500000000001,48
1,4,2008,4.6225,4.84,0.21750000000000025,48
1,4,2009,4.773875,4.947,0.17312499999999975,48
1,4,2010,3.8670833333333334,4.29,0.4229166666666666,48
1,4,2012,7.422395833333333,7.67,0.24760416666666707,48
1,4,2013,6.043125,6.357,0.31387500000000035,48
1,4,2014,4.4138125,4.688,0.27418750000000003,48
1,4,2015,6.954166666666667,7.92,0.9658333333333333,48
1,4,2016,8.0600625,8.419,0.3589374999999997,48
1,5,2000,5.8675,5.98,0.11250000000000071,48
1,5,2002,5.913541666666666,6.06,0.14645833333333336,48
1,5,2005,5.196458333333333,5.39,0.1935416666666665,48
1,5,2006,5.5893749999999995,5.75,0.16062500000000046,48
1,5,2008,4.489583333333333,4.84,0.3504166666666668,48
1,5,2009,4.752791666666667,4.921,0.1682083333333333,48
1,5,2010,3.8670833333333334,4.29,0.4229166666666666,48
1,5,2012,6.916083333333333,7.268,0.3519166666666669,48
1,5,2013,6.381645833333334,6.611,0.22935416666666608,48
1,5,2014,4.382875,4.74,0.3571249999999999,48
1,5,2015,6.924979166666667,7.519,0.5940208333333334,48
1,5,2016,7.738333333333333,7.995,0.2566666666666668,48
1,6,2000,5.715,5.83,0.11500000000000021,48
1,6,2002,6.083125,6.38,0.296875,48
1,6,2005,4.819375,5.08,0.2606250000000001,48
1,6,2006,5.684166666666666,5.75,0.06583333333333385,48
1,6,2008,4.459375,4.84,0.3806250000000002,48
1,6,2009,4.760354166666667,4.973,0.2126458333333332,48
1,6,2010,3.7824999999999998,4,0.21750000000000025,48
1,6,2012,6.787708333333333,7.242,0.4542916666666672,48
1,6,2013,6.3509375,6.585,0.23406250000000028,48
1,6,2014,4.73825,4.895,0.15674999999999972,48
1,6,2015,6.800458333333333,7.116,0.3155416666666664,48
1,6,2016,7.2264375,7.494,0.2675624999999995,48
1,7,2000,5.43,5.52,0.08999999999999986,48
1,7,2002,6.170624999999999,6.22,0.04937500000000039,48
1,7,2005,4.845208333333333,5.08,0.23479166666666718,48
1,7,2006,5.667083333333333,5.91,0.2429166666666669,48
1,7,2008,4.501666666666667,4.84,0.33833333333333293,48
1,7,2009,4.92275,4.973,0.05025000000000013,48
1,7,2010,3.5710416666666664,4,0.42895833333333355,48
1,7,2012,6.7999583333333335,7.167,0.36704166666666627,48
1,7,2013,6.429166666666666,6.813,0.38383333333333347,48
1,7,2014,4.607291666666667,4.74,0.13270833333333343,48
1,7,2015,6.606354166666667,6.889,0.2826458333333335,48
1,7,2016,7.34675,7.67,0.3232499999999998,48
1,8,2000,5.528125,5.83,0.3018749999999999,48
1,8,2002,6.085416666666666,6.22,0.1345833333333335,48
1,8,2005,4.862708333333333,5.08,0.2172916666666671,48
1,8,2006,5.886458333333334,6.06,0.17354166666666604,48
1,8,2008,4.719166666666666,4.84,0.12083333333333357,48
1,8,2009,4.77325,4.999,0.22574999999999967,48
1,8,2010,3.5347916666666666,3.71,0.1752083333333334,48
1,8,2012,6.731541666666667,6.864,0.13245833333333312,48
1,8,2013,6.927375,7.041,0.11362500000000075,48
1,8,2014,4.607833333333334,4.688,0.08016666666666605,48
1,8,2015,6.311208333333333,6.458,0.1467916666666671,48
1,8,2016,7.266979166666666,7.544,0.27702083333333327,48
1,9,2000,5.704166666666667,5.83,0.12583333333333346,48
1,9,2002,5.86875,6.06,0.19124999999999925,48
1,9,2005,4.703333333333333,4.93,0.22666666666666657,48
1,9,2006,5.804375,6.06,0.2556249999999993,48
1,9,2008,4.695,4.84,0.14499999999999957,48
1,9,2009,4.718020833333333,4.921,0.20297916666666715,48
1,9,2010,3.5952083333333333,3.71,0.11479166666666663,48
1,9,2012,6.825645833333334,7.192,0.36635416666666654,48
1,9,2013,6.8784375,7.066,0.1875624999999994,48
1,9,2014,4.324,4.48,0.15600000000000058,48
1,9,2015,6.164291666666667,6.357,0.19270833333333304,48
1,9,2016,7.150375,7.368,0.21762499999999996,48
1,10,2000,5.714166666666666,5.83,0.11583333333333368,48
1,10,2002,5.531041666666667,5.91,0.3789583333333333,48
1,10,2005,4.762291666666667,5.08,0.31770833333333304,48
1,10,2006,5.690416666666667,5.91,0.21958333333333346,48
1,10,2008,4.610416666666667,4.84,0.22958333333333325,48
1,10,2009,4.299354166666666,4.662,0.36264583333333356,48
1,10,2010,3.40125,3.42,0.018749999999999822,48
1,10,2012,6.675104166666666,6.864,0.18889583333333348,48
1,10,2013,6.355229166666667,6.864,0.5087708333333332,48
1,10,2014,4.2132708333333335,4.402,0.18872916666666661,48
1,10,2015,5.927770833333334,6.102,0.17422916666666666,48
1,10,2016,7.2203124999999995,7.268,0.04768750000000033,48
1,11,2000,5.604583333333333,5.83,0.22541666666666682,48
1,11,2002,5.752083333333333,6.06,0.3079166666666664,48
1,11,2005,4.948958333333334,5.08,0.1310416666666665,48
1,11,2006,5.683541666666667,6.06,0.3764583333333329,48
1,11,2008,4.610416666666667,4.84,0.22958333333333325,48
1,11,2009,4.003770833333333,4.662,0.6582291666666666,48
1,11,2010,3.1950000000000003,3.42,0.22499999999999964,48
1,11,2012,6.964833333333333,7.192,0.22716666666666718,48
1,11,2013,6.058041666666667,6.509,0.45095833333333335,48
1,11,2014,4.0858125,4.35,0.26418749999999935,48
1,11,2015,5.897958333333333,6.026,0.1280416666666664,48
1,11,2016,6.960625,7.167,0.20637499999999953,48
1,12,2000,5.7647916666666665,5.83,0.06520833333333353,48
1,12,2002,5.880416666666666,6.06,0.17958333333333343,48
1,12,2005,4.800208333333333,5.08,0.2797916666666671,48
1,12,2006,5.84375,6.06,0.2162499999999996,48
1,12,2008,4.80375,5.13,0.32624999999999993,48
1,12,2009,3.8644583333333333,4.089,0.22454166666666708,48
1,12,2010,2.7485416666666667,3.12,0.37145833333333345,48
1,12,2012,6.770875,6.99,0.21912500000000001,48
1,12,2013,6.098875,6.255,0.1561250000000003,48
1,12,2014,4.381854166666667,4.61,0.2281458333333335,48
1,12,2015,5.791854166666667,6.128,0.33614583333333314,48
1,12,2016,6.69975,6.914,0.21424999999999983,48
1,13,2000,5.738125,5.83,0.09187499999999993,48
1,13,2002,5.783541666666666,6.06,0.27645833333333325,48
1,13,2005,4.656875,4.77,0.11312499999999925,48
1,13,2006,5.81125,5.91,0.0987499999999999,48
1,13,2008,4.556041666666666,4.84,0.28395833333333353,48
1,13,2009,3.7594375,3.906,0.14656249999999993,48
1,13,2010,3.035416666666667,3.12,0.08458333333333323,48
1,13,2012,6.620208333333333,6.763,0.14279166666666665,48
1,13,2013,5.9384375,6.102,0.16356250000000028,48
1,13,2014,4.6089166666666666,4.792,0.18308333333333326,48
1,13,2015,5.601020833333333,6.255,0.6539791666666668,48
1,13,2016,6.513520833333334,6.611,0.09747916666666612,48
1,14,2000,5.224166666666666,5.67,0.44583333333333375,48
1,14,2002,5.780208333333333,5.91,0.12979166666666675,48
1,14,2005,4.9122916666666665,5.55,0.6377083333333333,48
1,14,2006,5.853958333333334,5.91,0.05604166666666632,48
1,14,2008,4.737291666666667,5.13,0.3927083333333332,48
1,14,2009,3.383583333333333,3.775,0.39141666666666675,48
1,14,2010,3.3372916666666668,3.71,0.3727083333333332,48
1,14,2012,6.596916666666667,6.737,0.14008333333333312,48
1,14,2013,6.087875,6.204,0.11612499999999937,48
1,14,2014,4.53525,4.688,0.15275000000000016,48
1,14,2015,5.1313125,5.308,0.1766874999999999,48
1,14,2016,6.954291666666666,7.142,0.18770833333333403,48
1,15,2000,4.073958333333334,4.58,0.5060416666666665,48
1,15,2002,5.7543750000000005,5.91,0.15562499999999968,48
1,15,2005,5.0008333333333335,5.24,0.23916666666666675,48
1,15,2006,5.911041666666667,6.06,0.14895833333333286,48
1,15,2008,4.84,4.84,0,48
1,15,2009,3.2107916666666667,3.327,0.11620833333333325,48
1,15,2010,3.122291666666667,3.71,0.587708333333333,48
1,15,2012,6.044416666666667,6.56,0.5155833333333328,48
1,15,2013,6.253020833333333,6.408,0.1549791666666671,48
1,15,2014,4.641395833333333,4.869,0.2276041666666666,48
1,15,2015,4.8833125,5.05,0.1666875000000001,48
1,15,2016,6.97325,7.116,0.1427499999999995,48
1,16,2000,3.6825,4.42,0.7374999999999998,48
1,16,2002,5.49,5.6,0.10999999999999943,48
1,16,2005,4.882083333333333,5.08,0.19791666666666696,48
1,16,2006,5.447708333333333,5.91,0.4622916666666672,48
1,16,2008,4.51375,4.84,0.32624999999999993,48
1,16,2009,3.1265625,3.301,0.17443750000000025,48
1,16,2010,3.12625,3.42,0.29374999999999973,48
1,16,2012,5.2523125,5.462,0.20968749999999936,48
1,16,2013,6.298041666666666,6.408,0.10995833333333405,48
1,16,2014,4.667958333333333,4.766,0.09804166666666703,48
1,16,2015,4.5146875,5.024,0.5093125000000001,48
1,16,2016,6.5573125,7.015,0.4576874999999996,48
1,17,2000,4.14875,4.89,0.74125,48
1,17,2002,5.397291666666667,5.6,0.20270833333333282,48
1,17,2005,4.8497916666666665,5.08,0.23020833333333357,48
1,17,2006,5.37,5.6,0.22999999999999954,48
1,17,2008,4.489583333333333,4.84,0.3504166666666668,48
1,17,2009,3.197,3.512,0.31499999999999995,48
1,17,2010,3.42875,3.71,0.28125,48
1,17,2012,5.7619375,6.128,0.36606249999999996,48
1,17,2013,6.599520833333333,6.813,0.21347916666666666,48
1,17,2014,4.694458333333333,4.869,0.17454166666666637,48
1,17,2015,4.038145833333333,4.402,0.36385416666666703,48
1,17,2016,6.1775,6.509,0.33150000000000013,48
1,18,2000,3.517916666666667,4.27,0.7520833333333328,48
1,18,2002,5.314791666666667,5.6,0.2852083333333324,48
1,18,2005,4.462916666666667,4.93,0.4670833333333331,48
1,18,2006,5.283333333333333,5.44,0.15666666666666718,48
1,18,2008,4.592291666666666,4.84,0.24770833333333364,48
1,18,2009,3.021916666666667,3.406,0.38408333333333333,48
1,18,2010,3.4320833333333334,3.71,0.2779166666666666,48
1,18,2012,6.221541666666667,6.56,0.33845833333333264,48
1,18,2013,6.47475,6.712,0.23724999999999952,48
1,18,2014,4.7571666666666665,4.921,0.16383333333333372,48
1,18,2015,4.319270833333333,4.636,0.31672916666666673,48
1,18,2016,6.188583333333334,6.509,0.32041666666666657,48
1,19,2000,4.008125,4.42,0.4118750000000002,48
1,19,2002,5.503333333333334,5.6,0.09666666666666579,48
1,19,2005,3.819375,4.14,0.3206249999999997,48
1,19,2006,5.071458333333333,5.28,0.20854166666666707,48
1,19,2008,4.815833333333333,5.13,0.3141666666666669,48
1,19,2009,3.0711458333333335,3.564,0.4928541666666666,48
1,19,2010,3.4320833333333334,3.71,0.2779166666666666,48
1,19,2012,5.989395833333333,6.255,0.26560416666666686,48
1,19,2013,6.2503125,6.458,0.20768750000000047,48
1,19,2014,4.485416666666667,4.844,0.3585833333333337,48
1,19,2015,4.730895833333333,5.334,0.6031041666666663,48
1,19,2016,5.9265625,6.535,0.6084375,48
1,20,2000,4.069791666666667,4.42,0.3502083333333328,48
1,20,2002,5.34,5.44,0.10000000000000053,48
1,20,2005,3.913125,4.3,0.38687499999999986,48
1,20,2006,5.029583333333333,5.28,0.2504166666666672,48
1,20,2008,4.652708333333333,5.13,0.4772916666666669,48
1,20,2009,3.4659583333333335,3.88,0.4140416666666664,48
1,20,2010,3.42,3.42,0,48
1,20,2012,5.637958333333334,6.026,0.3880416666666662,48
1,20,2013,6.2651666666666666,6.458,0.19283333333333363,48
1,20,2014,4.375791666666666,4.973,0.5972083333333336,48
1,20,2015,4.948520833333333,5.076,0.12747916666666637,48
1,20,2016,5.253354166666667,6.102,0.8486458333333333,48
1,21,2000,3.8360416666666666,3.95,0.1139583333333336,48
1,21,2002,5.2675,5.28,0.012500000000000178,48
1,21,2005,3.258958333333333,3.67,0.41104166666666675,48
1,21,2006,5.13,5.13,0,2
1,21,2008,4.3445833333333335,4.84,0.4954166666666664,48
1,21,2009,3.1435833333333334,3.433,0.28941666666666643,48
1,21,2010,3.42,3.42,0,48
1,21,2012,5.3131875,5.719,0.4058125000000006,48
1,21,2013,6.146875,6.23,0.08312500000000078,48
1,21,2014,4.478583333333333,5.179,0.7004166666666674,48
1,21,2015,4.92275,5.076,0.1532499999999999,48
1,21,2016,4.707104166666666,5.128,0.4208958333333337,48
1,22,2000,3.1645833333333333,3.95,0.7854166666666669,48
1,22,2002,5.138958333333333,5.28,0.14104166666666718,48
1,22,2005,2.890416666666667,3.2,0.3095833333333333,48
1,22,2008,4.537916666666667,5.13,0.5920833333333331,48
1,22,2009,2.9942083333333334,3.564,0.5697916666666667,48
1,22,2010,3.35125,3.42,0.06875000000000009,48
1,22,2012,4.980291666666667,5.231,0.25070833333333287,48
1,22,2013,5.538104166666667,6.102,0.5638958333333335,48
1,22,2014,3.9175625,4.194,0.2764375000000001,48
1,22,2015,4.806479166666667,4.921,0.11452083333333363,48
1,22,2016,4.9596875,5.076,0.11631249999999937,48
1,23,2000,2.9091666666666667,3.48,0.5708333333333333,48
1,23,2002,5.215416666666667,5.44,0.22458333333333336,48
1,23,2005,3.2714583333333334,3.83,0.5585416666666667,48
1,23,2008,4.362708333333333,4.84,0.4772916666666669,48
1,23,2009,2.9203333333333332,3.009,0.08866666666666667,48
1,23,2010,3.3691666666666666,3.71,0.3408333333333333,48
1,23,2012,5.3563125,5.616,0.25968750000000007,48
1,23,2013,4.869354166666667,4.999,0.12964583333333302,48
1,23,2014,3.8818125,4.089,0.2071875000000003,48
1,23,2015,4.698291666666667,4.818,0.11970833333333264,48
1,23,2016,5.506895833333333,6.128,0.621104166666667,48
1,24,2000,3.4341666666666666,3.8,0.36583333333333323,48
1,24,2002,5.308333333333334,5.44,0.13166666666666682,48
1,24,2005,3.1566666666666667,3.52,0.3633333333333333,48
1,24,2008,4.380833333333333,4.84,0.4591666666666665,48
1,24,2009,2.72725,2.983,0.2557499999999999,48
1,24,2010,3.36375,3.42,0.05624999999999991,48
1,24,2012,5.69575,6,0.3042499999999997,48
1,24,2013,4.041291666666667,4.766,0.7247083333333331,48
1,24,2014,3.5864583333333333,4.037,0.4505416666666666,48
1,24,2015,4.52225,4.844,0.32175000000000065,48
1,24,2016,5.5130625,5.796,0.28293750000000006,48
1,25,2000,3.155625,3.64,0.484375,48
1,25,2002,5.0562499999999995,5.44,0.3837500000000009,48
1,25,2005,2.95,3.52,0.5699999999999998,48
1,25,2008,4.235833333333333,4.55,0.3141666666666669,48
1,25,2009,2.619875,3.512,0.8921250000000001,48
1,25,2010,3.4683333333333333,3.71,0.2416666666666667,48
1,25,2012,5.903875,6.408,0.5041250000000002,48
1,25,2013,3.6181666666666668,4.298,0.6798333333333333,48
1,25,2014,3.3853333333333335,3.433,0.0476666666666663,48
1,25,2015,4.4734791666666665,4.818,0.34452083333333317,48
1,25,2016,5.428041666666666,5.539,0.11095833333333349,48
1,26,2000,3.2360416666666665,3.48,0.2439583333333335,48
1,26,2002,5.146458333333333,5.6,0.4535416666666663,48
1,26,2005,2.537291666666667,2.72,0.18270833333333325,48
1,26,2008,3.8914583333333335,3.97,0.07854166666666673,48
1,26,2009,3.357666666666667,3.564,0.20633333333333326,48
1,26,2010,3.6616666666666666,3.71,0.04833333333333334,48
1,26,2012,5.630083333333333,6.281,0.6509166666666664,48
1,26,2013,3.9507291666666666,4.714,0.7632708333333338,48
1,26,2014,3.4825208333333335,3.985,0.5024791666666664,48
1,26,2015,3.98525,4.298,0.31274999999999986,48
1,26,2016,5.454854166666666,5.642,0.187145833333334,48
1,27,2000,3.2333333333333334,3.33,0.09666666666666668,48
1,27,2002,5.284583333333334,5.44,0.15541666666666654,48
1,27,2005,2.9102083333333333,3.36,0.4497916666666666,48
1,27,2008,3.97,3.97,0,48
1,27,2009,2.659104166666667,3.142,0.4828958333333331,48
1,27,2010,3.685833333333333,3.71,0.02416666666666689,48
1,27,2012,5.591583333333333,6,0.40841666666666665,48
1,27,2013,4.445833333333334,4.74,0.29416666666666647,48
1,27,2014,2.8105416666666665,3.142,0.3314583333333334,48
1,27,2015,4.469708333333333,4.818,0.34829166666666644,48
1,27,2016,5.427666666666667,5.591,0.1633333333333331,48
1,28,2000,2.8847916666666666,3.17,0.2852083333333333,48
1,28,2002,5.336666666666667,5.6,0.26333333333333275,48
1,28,2005,2.6333333333333333,3.04,0.40666666666666673,48
1,28,2008,3.8914583333333335,3.97,0.07854166666666673,48
1,28,2009,2.8874375,3.195,0.30756249999999996,48
1,28,2010,3.6133333333333333,3.71,0.09666666666666668,48
1,28,2012,5.711104166666667,6.179,0.4678958333333334,48
1,28,2013,4.442083333333334,4.61,0.16791666666666671,48
1,28,2014,2.5669583333333335,3.301,0.7340416666666667,48
1,28,2015,4.474583333333333,4.636,0.16141666666666676,48
1,28,2016,5.144791666666666,5.488,0.343208333333334,48
1,29,2000,2.0052083333333335,2.38,0.3747916666666664,48
1,29,2002,5.473333333333334,5.6,0.12666666666666604,48
1,29,2005,2.492916666666667,2.88,0.387083333333333,48
1,29,2008,3.7102083333333336,3.97,0.25979166666666664,48
1,29,2009,2.8943333333333334,3.168,0.2736666666666667,48
1,29,2010,3.4074999999999998,3.42,0.012500000000000178,48
1,29,2012,5.9074375,6.255,0.34756249999999955,48
1,29,2013,4.511958333333333,4.714,0.20204166666666712,48
1,29,2014,3.162375,3.406,0.2436250000000002,48
1,29,2015,4.234583333333333,4.298,0.0634166666666669,48
1,29,2016,5.041083333333333,5.308,0.2669166666666669,48
1,30,2000,1.3460416666666668,1.74,0.3939583333333332,48
1,30,2002,5.43,5.6,0.16999999999999993,48
1,30,2005,2.6354166666666665,3.04,0.4045833333333335,48
1,30,2008,3.68,3.68,0,48
1,30,2009,2.8432708333333334,3.274,0.4307291666666666,48
1,30,2010,3.1470833333333332,3.42,0.2729166666666667,48
1,30,2012,5.8756458333333335,6,0.12435416666666654,48
1,30,2013,4.822395833333333,4.947,0.12460416666666685,48
1,30,2014,3.0954166666666665,3.327,0.23158333333333347,48
1,30,2015,4.270291666666667,5.205,0.934708333333333,48
1,30,2016,5.154520833333334,5.36,0.20547916666666666,48
1,31,2000,1.7816666666666667,2.54,0.7583333333333333,48
1,31,2002,5.221041666666666,5.6,0.3789583333333333,48
1,31,2005,2.4433333333333334,2.72,0.27666666666666684,48
1,31,2008,3.58625,3.68,0.09375,48
1,31,2009,2.930229166666667,3.168,0.23777083333333326,48
1,31,2010,2.6354166666666665,3.12,0.4845833333333336,48
1,31,2012,5.8505416666666665,6.077,0.22645833333333343,48
1,31,2013,4.957645833333333,5.076,0.11835416666666632,48
1,31,2014,3.365666666666667,3.459,0.09333333333333327,48
1,31,2015,3.5862083333333334,4.194,0.6077916666666665,48
1,31,2016,5.353041666666667,5.591,0.23795833333333327,48
2,1,2000,2.106666666666667,2.38,0.273333333333333,48
2,1,2002,4.846666666666667,5.13,0.2833333333333332,48
2,1,2005,2.1266666666666665,2.25,0.12333333333333352,48
2,1,2008,3.64875,3.68,0.03125,48
2,1,2009,3.1216458333333335,3.354,0.23235416666666664,48
2,1,2010,2.5425,2.83,0.2875000000000001,48
2,1,2012,5.8878125,6.026,0.1381874999999999,48
2,1,2013,4.891479166666667,5.05,0.15852083333333322,48
2,1,2014,3.2947083333333333,3.406,0.11129166666666679,48
2,1,2015,3.5078958333333334,4.168,0.6601041666666667,48
2,1,2016,5.321729166666667,5.693,0.371270833333333,48
2,2,2000,2.511875,2.69,0.1781250000000001,48
2,2,2002,5.005208333333333,5.6,0.5947916666666666,48
2,2,2005,2.07,2.25,0.18000000000000016,48
2,2,2008,3.6612500000000003,3.68,0.018749999999999822,48
2,2,2009,3.1392708333333332,3.195,0.05572916666666661,48
2,2,2010,2.58,2.83,0.25,48
2,2,2012,5.811645833333333,6.026,0.2143541666666664,48
2,2,2013,4.7205,4.792,0.07149999999999945,48
2,2,2014,3.324375,3.459,0.13462500000000022,48
2,2,2015,3.4886041666666667,3.775,0.2863958333333332,48
2,2,2016,5.387791666666667,5.745,0.35720833333333335,48
2,3,2000,2.0064583333333332,2.54,0.5335416666666668,48
2,3,2002,4.9191666666666665,5.28,0.3608333333333338,48
2,3,2005,2.2795833333333335,2.56,0.28041666666666654,48
2,3,2008,3.58625,3.68,0.09375,48
2,3,2009,2.995041666666667,3.142,0.14695833333333308,48
2,3,2010,2.655,2.83,0.17500000000000027,48
2,3,2012,5.613458333333333,6,0.386541666666667,48
2,3,2013,4.605666666666667,4.818,0.2123333333333326,48
2,3,2014,3.2853541666666666,3.406,0.12064583333333356,48
2,3,2015,3.3870416666666667,3.564,0.17695833333333333,48
2,3,2016,5.589625,5.872,0.28237500000000004,48
2,4,2000,2.236666666666667,2.38,0.1433333333333331,48
2,4,2002,4.9799999999999995,5.13,0.15000000000000036,48
2,4,2005,2.298125,2.56,0.26187499999999986,48
2,4,2008,3.44875,3.68,0.23125000000000018,48
2,4,2009,2.7900833333333335,2.956,0.1659166666666665,48
2,4,2010,2.3285416666666667,2.53,0.20145833333333307,48
2,4,2012,5.709770833333334,6.077,0.3672291666666663,48
2,4,2013,4.1576458333333335,4.35,0.19235416666666616,48
2,4,2014,3.1412916666666666,3.301,0.15970833333333356,48
2,4,2015,2.7527291666666667,3.142,0.38927083333333323,48
2,4,2016,5.830666666666667,6.23,0.39933333333333376,48
2,5,2000,2.1966666666666668,2.54,0.34333333333333327,48
2,5,2002,4.811041666666666,5.13,0.3189583333333337,48
2,5,2005,2.4064583333333336,2.72,0.3135416666666666,48
2,5,2008,3.5175,3.68,0.1625000000000001,48
2,5,2009,2.583645833333333,2.744,0.16035416666666702,48
2,5,2010,2.150625,2.53,0.379375,48
2,5,2012,5.4874583333333335,5.591,0.10354166666666664,48
2,5,2013,4.452729166666667,4.766,0.31327083333333317,48
2,5,2014,2.8959375,3.116,0.22006250000000005,48
2,5,2015,2.95275,3.274,0.32125000000000004,48
2,5,2016,5.5812083333333335,6.077,0.4957916666666664,48
2,6,2000,2.501875,2.69,0.18812499999999988,48
2,6,2002,4.65125,4.81,0.1587499999999995,48
2,6,2005,2.530625,2.88,0.34937499999999977,48
2,6,2008,3.4175,3.68,0.2625000000000002,48
2,6,2009,2.3113958333333335,2.637,0.3256041666666665,48
2,6,2010,1.9672916666666667,2.24,0.27270833333333355,48
2,6,2012,5.326083333333333,5.539,0.21291666666666664,48
2,6,2013,4.576229166666667,4.869,0.292770833333333,48
2,6,2014,2.769604166666667,2.823,0.05339583333333309,48
2,6,2015,2.372375,2.557,0.18462500000000004,48
2,6,2016,5.197208333333333,5.898,0.7007916666666665,48
2,7,2000,2.570625,2.85,0.27937499999999993,48
2,7,2002,4.679583333333333,4.97,0.2904166666666663,48
2,7,2005,2.5987500000000003,2.72,0.12124999999999986,48
2,7,2008,3.6237500000000002,3.68,0.05624999999999991,48
2,7,2009,2.3097708333333333,2.61,0.30022916666666655,48
2,7,2010,2.311875,2.53,0.21812499999999968,48
2,7,2012,5.567104166666667,5.796,0.22889583333333352,48
2,7,2013,4.2993958333333335,4.558,0.2586041666666663,48
2,7,2014,2.453375,2.77,0.31662500000000016,48
2,7,2015,2.2722291666666665,2.77,0.4977708333333335,48
2,7,2016,5.470458333333333,6.026,0.5555416666666666,48
2,8,2000,2.8202083333333334,3.01,0.18979166666666636,48
2,8,2002,4.790416666666666,5.13,0.33958333333333357,48
2,8,2005,2.5704166666666666,2.72,0.14958333333333362,48
2,8,2008,3.605,3.68,0.07500000000000018,48
2,8,2009,2.613958333333333,2.877,0.2630416666666666,48
2,8,2010,2.4447916666666667,2.53,0.08520833333333311,48
2,8,2012,5.48425,5.565,0.0807500000000001,48
2,8,2013,4.2539375,4.402,0.14806249999999999,48
2,8,2014,2.474375,2.664,0.18962499999999993,48
2,8,2015,2.4753125,3.459,0.9836875000000003,48
2,8,2016,5.457458333333333,5.796,0.33854166666666696,48
2,9,2000,2.623125,2.85,0.22687500000000016,48
2,9,2002,4.74875,5.13,0.38124999999999964,48
2,9,2005,2.4850000000000003,2.56,0.07499999999999973,48
2,9,2008,3.716041666666667,3.97,0.2539583333333333,48
2,9,2009,2.646916666666667,2.823,0.17608333333333315,48
2,9,2010,2.0708333333333333,2.53,0.4591666666666665,48
2,9,2012,5.0453125,5.488,0.4426875000000008,48
2,9,2013,4.446416666666667,4.74,0.2935833333333333,48
2,9,2014,2.4375625,2.557,0.11943750000000009,48
2,9,2015,2.6171458333333333,2.983,0.3658541666666668,48
2,9,2016,5.426083333333334,5.462,0.03591666666666615,48
2,10,2000,2.8341666666666665,3.01,0.17583333333333329,48
2,10,2002,4.722083333333333,5.13,0.4079166666666669,48
2,10,2005,2.435,2.56,0.125,48
2,10,2008,3.885416666666667,4.26,0.3745833333333328,48
2,10,2009,2.5835833333333333,2.69,0.1064166666666666,48
2,10,2010,2.2189583333333336,2.53,0.3110416666666662,48
2,10,2012,5.1900625,5.462,0.27193749999999994,48
2,10,2013,4.5352500000000004,4.818,0.28274999999999917,48
2,10,2014,2.201020833333333,2.289,0.08797916666666694,48
2,10,2015,3.082666666666667,3.433,0.35033333333333294,48
2,10,2016,5.40025,5.488,0.08775000000000066,48
2,11,2000,2.727708333333333,2.85,0.12229166666666691,48
2,11,2002,4.770833333333333,5.13,0.35916666666666686,48
2,11,2005,2.7033333333333336,2.88,0.1766666666666663,48
2,11,2008,3.566875,3.97,0.4031250000000002,48
2,11,2009,2.635854166666667,2.744,0.10814583333333339,48
2,11,2010,2.53,2.53,0,48
2,11,2012,5.5564375,5.745,0.18856249999999974,48
2,11,2013,4.457458333333333,4.947,0.48954166666666676,48
2,11,2014,2.1705208333333332,2.343,0.17247916666666674,48
2,11,2015,2.5494166666666667,2.983,0.43358333333333343,48
2,11,2016,5.308375,5.642,0.3336250000000005,48
2,12,2000,2.558125,2.69,0.13187499999999996,48
2,12,2002,4.509166666666666,4.66,0.15083333333333382,48
2,12,2005,2.6374074074074074,2.88,0.24259259259259247,27
2,12,2008,3.4683333333333333,3.97,0.5016666666666669,48
2,12,2009,2.7219583333333333,3.036,0.3140416666666668,48
2,12,2010,2.56125,2.83,0.26875000000000027,48
2,12,2012,5.2274375,5.565,0.33756250000000065,48
2,12,2013,4.687833333333334,4.921,0.23316666666666652,48
2,12,2014,1.9585625,2.021,0.062437499999999924,48
2,12,2015,2.4766666666666666,2.584,0.1073333333333335,48
2,12,2016,5.129270833333333,5.334,0.20472916666666663,48
2,13,2000,2.3866666666666667,2.54,0.15333333333333332,48
2,13,2002,4.4468749999999995,4.66,0.21312500000000068,48
2,13,2008,3.48,3.68,0.20000000000000018,48
2,13,2009,2.6752291666666665,3.009,0.33377083333333335,48
2,13,2010,2.511875,2.53,0.018124999999999947,48
2,13,2012,4.932375,5.128,0.19562499999999972,48
2,13,2013,4.5530625,4.844,0.29093750000000007,48
2,13,2014,1.9640208333333333,2.262,0.2979791666666667,48
2,13,2015,2.0346875,2.423,0.38831250000000006,48
2,13,2016,4.907125,5.205,0.29787500000000033,48
2,14,2000,2.34,2.54,0.20000000000000018,48
2,14,2002,4.309038461538461,4.5,0.19096153846153907,52
2,14,2008,3.4627083333333335,3.68,0.21729166666666666,48
2,14,2009,2.519458333333333,2.664,0.144541666666667,48
2,14,2010,2.5016666666666665,2.83,0.3283333333333336,48
2,14,2012,5.101979166666666,5.257,0.15502083333333339,48
2,14,2013,4.4924583333333334,4.688,0.19554166666666628,48
2,14,2014,2.537166666666667,2.823,0.28583333333333316,48
2,14,2015,1.5605416666666667,1.886,0.3254583333333332,48
2,14,2016,3.525541666666667,4.22,0.694458333333333,48
2,15,2000,2.3266666666666667,2.54,0.21333333333333337,48
2,15,2002,4.550208333333333,4.62,0.06979166666666714,48
2,15,2008,3.6225,3.97,0.34750000000000014,48
2,15,2009,2.5511875,2.637,0.08581249999999985,48
2,15,2010,2.7416666666666667,3.12,0.3783333333333334,48
2,15,2012,4.968354166666667,5.102,0.13364583333333346,48
2,15,2013,4.297781818181818,4.48,0.1822181818181825,55
2,15,2014,3.052208333333333,3.485,0.4327916666666667,48
2,15,2015,1.5321666666666667,1.94,0.40783333333333327,48
2,15,2016,3.3398958333333333,3.801,0.46110416666666687,48
2,16,2000,2.3997916666666668,2.69,0.2902083333333332,48
2,16,2002,4.6466666666666665,4.78,0.13333333333333375,48
2,16,2008,3.438125,3.68,0.24187500000000028,48
2,16,2009,2.5552083333333333,2.69,0.13479166666666664,48
2,16,2010,2.6979166666666665,3.12,0.4220833333333336,48
2,16,2012,5.065791666666667,5.282,0.21620833333333334,48
2,16,2013,4.367333333333334,4.402,0.0346666666666664,48
2,16,2014,2.682958333333333,3.036,0.3530416666666669,48
2,16,2015,0.6475625,1.18,0.5324374999999999,48
2,16,2016,3.754,4.063,0.3089999999999997,48
2,17,2000,2.6020833333333333,3.17,0.5679166666666666,48
2,17,2002,4.696666666666667,4.78,0.08333333333333304,48
2,17,2008,3.3879166666666665,3.68,0.2920833333333337,48
2,17,2009,2.550145833333333,2.717,0.16685416666666697,48
2,17,2010,2.5122916666666666,2.83,0.3177083333333335,48
2,17,2012,5.218,5.385,0.16699999999999982,48
2,17,2013,4.22575,4.558,0.33225000000000016,48
2,17,2014,2.4587291666666666,2.85,0.39127083333333346,48
2,17,2015,1.2399375,1.507,0.2670625,48
2,17,2016,3.8458958333333335,4.037,0.1911041666666664,48
2,18,2000,2.6020833333333333,3.01,0.4079166666666665,48
2,18,2002,4.439166666666667,4.62,0.18083333333333318,48
2,18,2008,3.5612500000000002,3.68,0.11874999999999991,48
2,18,2009,2.7424166666666667,2.823,0.08058333333333323,48
2,18,2010,2.555833333333333,2.83,0.2741666666666669,48
2,18,2012,5.305458333333333,5.462,0.15654166666666658,48
2,18,2013,3.651875,3.958,0.3061250000000002,48
2,18,2014,2.447604166666667,2.503,0.05539583333333331,48
2,18,2015,0.9090833333333334,1.317,0.4079166666666666,48
2,18,2016,3.8940208333333333,4.011,0.11697916666666686,48
2,19,2000,2.413125,2.69,0.276875,48
2,19,2002,4.46,4.46,0,48
2,19,2008,3.6477083333333336,3.97,0.32229166666666664,48
2,19,2009,2.714291666666667,2.823,0.10870833333333296,48
2,19,2010,2.6802083333333333,3.12,0.4397916666666668,48
2,19,2012,5.297395833333333,5.36,0.06260416666666746,48
2,19,2013,4.103729166666667,4.272,0.1682708333333336,48
2,19,2014,2.553916666666667,2.797,0.24308333333333332,48
2,19,2015,0.9040208333333334,1.099,0.1949791666666666,48
2,19,2016,3.996625,4.089,0.09237500000000054,48
2,20,2000,2.4233333333333333,2.54,0.1166666666666667,48
2,20,2002,4.456875,4.46,0.0031249999999998224,48
2,20,2008,3.591875,3.97,0.37812500000000027,48
2,20,2009,2.8250208333333333,3.089,0.26397916666666665,48
2,20,2010,2.63,2.83,0.20000000000000018,48
2,20,2012,5.1916875000000005,5.308,0.11631249999999937,48
2,20,2013,4.123854166666667,4.376,0.2521458333333335,48
2,20,2014,2.548354166666667,2.77,0.2216458333333331,48
2,20,2015,1.0024791666666666,1.398,0.3955208333333333,48
2,20,2016,4.0863125,4.168,0.081687500000000135,48
2,21,2000,2.7314583333333333,2.85,0.11854166666666677,48
2,21,2002,4.3845833333333335,4.46,0.07541666666666647,48
2,21,2008,3.462083333333333,3.68,0.21791666666666698,48
2,21,2009,2.8078333333333334,2.983,0.1751666666666667,48
2,21,2010,2.7425,2.83,0.08749999999999991,48
2,21,2012,5.063020833333333,5.128,0.06497916666666725,48
2,21,2013,4.014583333333333,4.089,0.07441666666666702,48
2,21,2014,2.5189375,2.717,0.19806250000000025,48
2,21,2015,1.1776041666666666,1.588,0.4103958333333335,48
2,21,2016,4.155125,4.246,0.09087500000000048,48
2,22,2000,2.660625,2.85,0.18937500000000007,48
2,22,2002,4.460208333333333,4.62,0.159791666666667,48
2,22,2008,3.2535416666666666,3.68,0.4264583333333336,48
2,22,2009,2.774541666666667,2.903,0.12845833333333312,48
2,22,2010,2.6174999999999997,2.83,0.21250000000000036,48
2,22,2012,5.107166666666666,5.308,0.20083333333333364,48
2,22,2013,3.6714375,3.775,0.10356249999999978,48
2,22,2014,2.588041666666667,2.664,0.07595833333333335,48
2,22,2015,1.7873541666666666,2.047,0.2596458333333336,48
2,22,2016,4.1505833333333335,4.194,0.04341666666666644,48
2,23,2000,2.7508333333333335,3.01,0.2591666666666663,48
2,23,2002,4.613333333333333,4.78,0.16666666666666696,48
2,23,2008,3.0708333333333333,3.38,0.3091666666666666,48
2,23,2009,2.7047291666666666,2.823,0.11827083333333333,48
2,23,2010,2.7800000000000002,2.83,0.04999999999999982,48
2,23,2012,5.226479166666667,5.462,0.23552083333333318,48
2,23,2013,3.8339791666666665,3.932,0.09802083333333345,48
2,23,2014,2.6332291666666667,2.717,0.08377083333333335,48
2,23,2015,1.6509583333333333,1.913,0.26204166666666673,48
2,23,2016,4.143395833333334,4.324,0.180604166666666,48
2,24,2000,2.953333333333333,3.17,0.21666666666666679,48
2,24,2002,4.62,4.78,0.16000000000000014,48
2,24,2008,3.2224999999999997,3.68,0.45750000000000046,48
2,24,2009,2.6412708333333335,2.77,0.12872916666666656,48
2,24,2010,2.83,2.83,0,48
2,24,2012,5.275354166666666,5.462,0.1866458333333334,48
2,24,2013,3.9053750000000003,3.958,0.05262499999999992,48
2,24,2014,2.7153125,2.877,0.16168749999999976,48
2,24,2015,1.1930833333333333,1.453,0.2599166666666668,48
2,24,2016,4.422041666666667,4.558,0.13595833333333296,48
2,25,2000,2.9899999999999998,3.17,0.18000000000000016,48
2,25,2002,4.523333333333333,4.62,0.09666666666666668,48
2,25,2008,3.345625,3.68,0.3343750000000001,48
2,25,2009,2.5924583333333335,2.744,0.15154166666666669,48
2,25,2010,2.83,2.83,0,48
2,25,2012,5.322041666666666,5.488,0.1659583333333341,48
2,25,2013,3.947020833333333,4.037,0.08997916666666672,48
2,25,2014,2.6968541666666668,2.93,0.23314583333333339,48
2,25,2015,0.98325,1.425,0.4417500000000001,48
2,25,2016,4.602416666666667,4.688,0.08558333333333312,48
2,26,2000,3.01,3.01,0,48
2,26,2002,4.6433333333333335,4.78,0.13666666666666671,48
2,26,2008,3.3877083333333333,3.68,0.29229166666666684,48
2,26,2009,2.6329583333333333,2.85,0.2170416666666668,48
2,26,2010,2.9025,3.12,0.21750000000000025,48
2,26,2012,5.239916666666667,5.411,0.1710833333333328,48
2,26,2013,4.053791666666667,4.115,0.06120833333333309,48
2,26,2014,2.5428125,2.797,0.2541875,48
2,26,2015,0.8342916666666667,1.126,0.29170833333333324,48
2,26,2016,4.6998125,4.869,0.1691874999999996,48
2,27,2000,3.083333333333333,3.17,0.08666666666666689,48
2,27,2002,4.763333333333334,4.78,0.016666666666666607,48
2,27,2008,3.6285416666666666,3.97,0.34145833333333364,48
2,27,2009,2.6798125,2.744,0.06418750000000006,48
2,27,2010,2.9810416666666666,3.12,0.13895833333333352,48
2,27,2012,5.283854166666667,5.36,0.07614583333333336,48
2,27,2013,4.152229166666667,4.272,0.11977083333333294,48
2,27,2014,2.3926041666666666,2.477,0.08439583333333323,48
2,27,2015,0.5847708333333334,0.66,0.07522916666666668,48
2,27,2016,4.482708333333333,4.766,0.28329166666666694,48
2,28,2000,3.1866666666666665,3.33,0.14333333333333353,48
2,28,2002,4.774583333333333,4.93,0.15541666666666654,48
2,28,2008,3.5300000000000002,3.97,0.43999999999999995,48
2,28,2009,2.8440416666666666,2.93,0.08595833333333358,48
2,28,2010,3.095833333333333,3.12,0.02416666666666689,48
2,28,2012,5.379895833333333,5.488,0.10810416666666711,48
2,28,2013,4.3435,4.454,0.11050000000000004,48
2,28,2014,2.179145833333333,2.289,0.10985416666666703,48
2,28,2015,0.6746666666666666,0.907,0.2323333333333334,48
2,28,2016,4.45075,4.688,0.23724999999999952,48
2,29,2000,3.3033333333333332,3.33,0.02666666666666684,48
2,29,2008,3.14875,3.68,0.53125,48
2,29,2012,5.280645833333334,5.385,0.10435416666666608,48
2,29,2016,4.567208333333333,4.818,0.2507916666666663,48
3,1,2000,3.364375,3.48,0.11562500000000009,48
3,1,2002,4.798333333333334,5.09,0.2916666666666661,48
3,1,2008,3.40125,3.97,0.5687500000000001,48
3,1,2009,2.795729166666667,2.877,0.08127083333333296,48
3,1,2010,3.12,3.12,0,48
3,1,2012,5.192270833333334,5.282,0.08972916666666642,48
3,1,2013,4.406333333333333,4.454,0.0476666666666663,48
3,1,2014,1.9971666666666668,2.155,0.15783333333333305,48
3,1,2015,0.7056041666666667,0.852,0.14639583333333328,48
3,1,2016,4.688541666666667,4.844,0.1554583333333337,48
3,2,2000,3.451875,3.48,0.028125000000000178,48
3,2,2002,4.775,5.09,0.3149999999999995,48
3,2,2008,3.388541666666667,3.97,0.5814583333333334,48
3,2,2009,2.62975,2.77,0.14024999999999999,48
3,2,2010,3.12,3.12,0,48
3,2,2012,5.247541666666667,5.308,0.06045833333333306,48
3,2,2013,4.4431666666666665,4.584,0.14083333333333314,48
3,2,2014,2.0033541666666665,2.128,0.12464583333333357,48
3,2,2015,0.7827500000000001,1.071,0.2882499999999999,48
3,2,2016,4.698291666666667,4.766,0.06770833333333304,48
3,3,2000,3.476875,3.48,0.0031249999999998224,48
3,3,2002,4.803958333333333,5.09,0.28604166666666675,48
3,3,2008,3.703125,3.97,0.2668750000000002,48
3,3,2009,2.580208333333333,2.664,0.08379166666666693,48
3,3,2010,3.12,3.12,0,48
3,3,2012,5.228208333333333,5.36,0.13179166666666742,48
3,3,2013,4.4345,4.48,0.04550000000000054,48
3,3,2014,2.0329166666666665,2.074,0.04108333333333336,48
3,3,2015,0.4760416666666667,0.742,0.2659583333333333,48
3,3,2016,4.631125,4.714,0.08287500000000048,48
3,4,2000,3.506666666666667,3.64,0.1333333333333333,48
3,4,2002,4.93625,5.09,0.1537499999999996,48
3,4,2008,3.2845833333333334,3.68,0.39541666666666675,48
3,4,2009,2.427,2.477,0.04999999999999982,48
3,4,2010,3.12,3.12,0,48
3,4,2012,5.220583333333334,5.36,0.13941666666666652,48
3,4,2013,4.445875,4.558,0.11212499999999981,48
3,4,2014,1.9388333333333334,2.047,0.10816666666666674,48
3,4,2015,0.4243125,0.66,0.23568750000000005,48
3,4,2016,4.594291666666667,4.766,0.17170833333333313,48
3,5,2000,3.470625,3.48,0.009374999999999911,48
3,5,2002,4.8914583333333335,5.09,0.1985416666666664,48
3,5,2008,3.283333333333333,3.38,0.09666666666666668,48
3,5,2009,2.3963125,2.557,0.16068749999999987,48
3,5,2010,3.12,3.12,0,48
3,5,2012,5.3343541666666665,5.462,0.12764583333333324,48
3,5,2013,4.373291666666667,4.558,0.18470833333333303,48
3,5,2014,1.9146875,1.994,0.0793124999999999,48
3,5,2015,0.5118333333333334,0.77,0.25816666666666666,48
3,5,2016,4.537958333333333,4.61,0.07204166666666723,48
3,6,2000,3.533333333333333,3.64,0.10666666666666691,48
3,6,2002,4.777291666666667,5.09,0.31270833333333314,48
3,6,2008,3.38,3.38,0,48
3,6,2009,2.423,2.823,0.3999999999999999,48
3,6,2010,3.0777083333333333,3.12,0.04229166666666684,48
3,6,2012,5.138375,5.411,0.2726249999999997,48
3,6,2013,4.2947500000000005,4.402,0.10724999999999962,48
3,6,2014,1.9146875,1.994,0.0793124999999999,48
3,6,2015,0.61575,0.852,0.23624999999999996,48
3,6,2016,4.545541666666667,4.558,0.012458333333333016,48
3,7,2000,3.6233333333333335,3.64,0.016666666666666607,48
3,7,2002,4.916875,5.09,0.17312499999999975,48
3,7,2008,3.38,3.38,0,48
3,7,2009,2.619,2.956,0.33699999999999974,48
3,7,2010,3.12,3.12,0,48
3,7,2012,5.158604166666667,5.565,0.40639583333333373,48
3,7,2013,4.4187916666666665,4.532,0.11320833333333358,48
3,7,2014,1.9686875,2.021,0.052312499999999984,48
3,7,2015,0.50425,0.825,0.32075,48
3,7,2016,4.546083333333334,4.584,0.03791666666666593,48
3,8,2000,3.64,3.64,0,48
3,8,2002,4.918125,5.09,0.171875,48
3,8,2008,3.253125,3.38,0.12687500000000007,48
3,8,2009,2.709625,2.877,0.16737499999999983,48
3,8,2010,3.12,3.12,0,48
3,8,2012,5.083479166666667,5.539,0.45552083333333293,48
3,8,2013,4.3380833333333335,4.428,0.08991666666666642,48
3,8,2014,2.0023958333333334,2.047,0.04460416666666678,48
3,8,2015,0.5594375,0.687,0.12756250000000002,48
3,8,2016,4.558,4.584,0.0259999999999998,48
3,9,2000,3.65,3.8,0.1499999999999999,48
3,9,2002,4.943333333333333,5.09,0.1466666666666665,48
3,9,2008,3.337708333333333,3.38,0.04229166666666684,48
3,9,2009,2.7497708333333333,2.85,0.10022916666666681,48
3,9,2010,3.12,3.12,0,48
3,9,2012,5.419958333333334,5.591,0.17104166666666654,48
3,9,2013,4.271458333333333,4.376,0.10454166666666698,48
3,9,2014,2.1269375,2.262,0.13506250000000009,48
3,9,2015,0.79775,1.044,0.24625000000000008,48
3,9,2016,4.602416666666667,4.662,0.05958333333333332,48
3,10,2000,3.6889583333333333,3.95,0.26104166666666684,48
3,10,2002,5.10375,5.24,0.13625000000000043,48
3,10,2005,1.94,1.94,0,20
3,10,2008,3.3739583333333334,3.38,0.006041666666666501,48
3,10,2009,2.855375,3.009,0.1536249999999999,48
3,10,2010,3.12,3.12,0,48
3,10,2012,5.458125,5.565,0.1068750000000005,48
3,10,2013,4.360291666666667,4.506,0.14570833333333333,48
3,10,2014,2.261875,2.503,0.24112500000000026,48
3,10,2015,0.7869375,0.989,0.20206250000000003,48
3,10,2016,4.706958333333334,4.844,0.13704166666666673,48
3,11,2000,3.800625,3.95,0.14937500000000004,48
3,11,2002,5.013125,5.24,0.2268750000000006,48
3,11,2005,1.8933333333333333,1.94,0.046666666666666634,48
3,11,2008,3.3679166666666664,3.38,0.012083333333333446,48
3,11,2009,2.9948958333333335,3.089,0.09410416666666643,48
3,11,2010,3.12,3.12,0,48
3,11,2012,5.435020833333334,5.539,0.10397916666666607,48
3,11,2013,4.46375,4.532,0.06824999999999992,48
3,11,2014,2.3908125,2.584,0.19318750000000007,48
3,11,2015,0.8733541666666667,1.044,0.17064583333333339,48
3,11,2016,4.808104166666666,4.869,0.06089583333333337,48
3,12,2000,3.9406250000000003,3.95,0.009374999999999911,48
3,12,2002,5.00875,5.24,0.23125000000000018,48
3,12,2005,2.0185416666666667,2.41,0.39145833333333346,48
3,12,2008,3.2954166666666667,3.38,0.08458333333333323,48
3,12,2009,2.9342708333333336,2.983,0.04872916666666649,48
3,12,2010,3.12625,3.42,0.29374999999999973,48
3,12,2012,5.458,5.565,0.1070000000000002,48
3,12,2013,4.4995,4.558,0.05849999999999955,48
3,12,2014,2.4131666666666667,2.637,0.22383333333333333,48
3,12,2015,1.1978125,1.425,0.2271875000000001,48
3,12,2016,4.9345,5.076,0.14149999999999974,48
3,13,2000,3.88125,3.95,0.06875000000000009,48
3,13,2002,5.0685416666666665,5.24,0.1714583333333337,48
3,13,2005,2.013333333333333,2.1,0.08666666666666689,48
3,13,2006,3.5716666666666668,3.68,0.10833333333333339,18
3,13,2008,3.2954166666666667,3.38,0.08458333333333323,48
3,13,2009,2.9386666666666668,3.009,0.07033333333333314,48
3,13,2010,3.22625,3.42,0.1937500000000001,48
3,13,2012,5.476791666666667,5.514,0.037208333333333066,48
3,13,2013,4.53525,4.584,0.04875000000000007,48
3,13,2014,2.432541666666667,2.503,0.07045833333333329,48
3,13,2015,1.39875,1.561,0.16225,48
3,13,2016,4.968333333333334,5.282,0.3136666666666663,48
3,14,2000,3.846875,3.95,0.10312500000000036,48
3,14,2002,5.139583333333333,5.24,0.10041666666666682,48
3,14,2005,2.0366666666666666,2.1,0.06333333333333346,48
3,14,2006,3.655625,3.84,0.18437499999999973,48
3,14,2008,3.2712499999999998,3.38,0.10875000000000012,48
3,14,2009,2.962375,3.142,0.1796249999999997,48
3,14,2010,3.42,3.42,0,48
3,14,2012,5.556416666666666,5.796,0.23958333333333393,48
3,14,2013,4.5357916666666664,4.558,0.022208333333333385,48
3,14,2014,2.339541666666667,2.396,0.056458333333333055,48
3,14,2015,1.449,1.588,0.139,48
3,14,2016,5.1586875,5.282,0.12331249999999994,48
3,15,2000,3.853125,3.95,0.09687500000000027,48
3,15,2002,5.1775,5.24,0.0625,48
3,15,2005,2.0827083333333336,2.25,0.1672916666666664,48
3,15,2006,3.741875,3.99,0.24812500000000037,48
3,15,2008,3.09,3.09,0,48
3,15,2009,2.9445833333333336,2.983,0.038416666666666544,48
3,15,2010,3.395,3.42,0.02499999999999991,48
3,15,2012,5.778229166666667,5.847,0.06877083333333367,48
3,15,2013,4.404166666666667,4.532,0.12783333333333324,48
3,15,2014,2.4068541666666667,2.664,0.2571458333333334,48
3,15,2015,1.584375,1.805,0.22062499999999985,48
3,15,2016,5.223770833333333,5.334,0.1102291666666666,48
3,16,2000,3.9691666666666667,4.11,0.1408333333333336,48
3,16,2002,5.2275,5.24,0.012500000000000178,48
3,16,2005,2.15,2.25,0.10000000000000009,48
3,16,2006,3.7758333333333334,3.99,0.21416666666666684,48
3,16,2008,3.09,3.09,0,48
3,16,2009,3.012729166666667,3.116,0.1032708333333332,48
3,16,2010,3.21375,3.42,0.20624999999999982,48
3,16,2012,5.8829375,5.898,0.015062499999999979,48
3,16,2013,4.321291666666667,4.402,0.08070833333333294,48
3,16,2014,2.4955625,2.744,0.2484375000000001,48
3,16,2015,1.8175625,2.182,0.36443749999999997,48
3,16,2016,5.207208333333333,5.282,0.07479166666666703,48
3,17,2000,4.063541666666667,4.42,0.3564583333333333,48
3,17,2002,5.218125000000001,5.24,0.021874999999999645,48
3,17,2005,2.240625,2.25,0.009374999999999911,48
3,17,2006,3.8052083333333333,3.99,0.1847916666666669,48
3,17,2008,3.09,3.09,0,48
3,17,2009,3.158,3.301,0.14300000000000024,48
3,17,2010,3.42,3.42,0,48
3,17,2012,5.851583333333333,5.898,0.04641666666666655,48
3,17,2013,4.299083333333333,4.35,0.05091666666666672,48
3,17,2014,2.4292291666666666,2.503,0.07377083333333356,48
3,17,2015,1.9667083333333333,2.209,0.2422916666666668,48
3,17,2016,5.215708333333334,5.282,0.06629166666666642,48
3,18,2000,3.8806249999999998,4.27,0.3893749999999998,48
3,18,2002,5.105625,5.24,0.13437500000000036,48
3,18,2005,2.25,2.25,0,48
3,18,2006,3.901875,3.99,0.08812500000000023,48
3,18,2008,3.09,3.09,0,48
3,18,2009,3.153020833333333,3.433,0.27997916666666667,48
3,18,2010,3.4074999999999998,3.42,0.012500000000000178,48
3,18,2012,5.8100625,6.179,0.36893750000000036,48
3,18,2013,4.2376875,4.298,0.06031250000000021,48
3,18,2014,2.4543125,2.53,0.07568749999999991,48
3,18,2015,2.057,2.262,0.20500000000000007,48
3,18,2016,5.0518125,5.282,0.23018750000000043,48
3,19,2000,3.8,3.8,0,48
3,19,2002,5.026666666666666,5.09,0.06333333333333346,48
3,19,2005,2.25,2.25,0,48
3,19,2006,3.914791666666667,3.99,0.07520833333333332,48
3,19,2008,3.1322916666666667,3.38,0.2477083333333332,48
3,19,2009,2.9987916666666665,3.248,0.2492083333333337,48
3,19,2010,3.32,3.42,0.10000000000000009,48
3,19,2012,5.8250416666666665,6.153,0.32795833333333313,48
3,19,2013,3.9277291666666665,4.272,0.34427083333333375,48
3,19,2014,2.5479166666666666,2.637,0.0890833333333334,48
3,19,2015,2.091625,2.262,0.17037499999999994,48
3,19,2016,5.084791666666667,5.257,0.17220833333333285,48
3,20,2000,3.75,3.8,0.04999999999999982,48
3,20,2001,3.69,3.69,0,25
3,20,2002,5.026666666666666,5.09,0.06333333333333346,48
3,20,2005,2.23125,2.25,0.018749999999999822,48
3,20,2006,3.8185416666666665,3.99,0.1714583333333337,48
3,20,2008,3.2229166666666664,3.38,0.15708333333333346,48
3,20,2009,3.104375,3.301,0.19662500000000005,48
3,20,2010,3.28875,3.42,0.1312500000000001,48
3,20,2012,5.887770833333334,6.408,0.5202291666666667,48
3,20,2013,3.8410625,3.932,0.0909374999999999,48
3,20,2014,2.6070416666666665,2.664,0.056958333333333666,48
3,20,2015,2.0100625,2.101,0.0909374999999999,48
3,20,2016,5.217416666666667,5.36,0.1425833333333335,48
3,21,2000,3.7533333333333334,3.8,0.04666666666666641,48
3,21,2001,3.69,3.69,0,48
3,21,2002,5.06,5.09,0.03000000000000025,48
3,21,2005,2.25,2.25,0,48
3,21,2006,3.7033333333333336,3.84,0.13666666666666627,48
3,21,2008,3.138333333333333,3.38,0.2416666666666667,48
3,21,2009,3.3314375,3.459,0.12756250000000025,48
3,21,2010,3.2825,3.42,0.13749999999999973,48
3,21,2012,5.881354166666666,6.306,0.42464583333333383,48
3,21,2013,3.7967916666666666,3.88,0.08320833333333333,48
3,21,2014,2.6041875,2.69,0.08581249999999985,48
3,21,2015,2.0180416666666665,2.074,0.05595833333333333,48
3,21,2016,5.110541666666666,5.179,0.06845833333333395,48
3,22,2000,3.743333333333333,3.8,0.05666666666666664,48
3,22,2001,3.8066666666666666,3.85,0.043333333333333446,48
3,22,2002,4.98375,5.09,0.10625000000000018,48
3,22,2005,2.276666666666667,2.57,0.293333333333333,48
3,22,2006,3.68,3.68,0,48
3,22,2008,3.138333333333333,3.38,0.2416666666666667,48
3,22,2009,3.3508333333333336,3.433,0.08216666666666628,48
3,22,2010,3.22625,3.42,0.1937500000000001,48
3,22,2012,5.781854166666667,6.051,0.269145833333333,48
3,22,2013,3.8152083333333335,3.932,0.1167916666666664,48
3,22,2014,2.6414375,2.717,0.0755625000000002,48
3,22,2015,2.0423333333333336,2.182,0.13966666666666638,48
3,22,2016,5.1385625,5.205,0.06643750000000015,48
3,23,2000,3.736666666666667,3.8,0.06333333333333302,48
3,23,2001,3.8333333333333335,3.85,0.016666666666666607,48
3,23,2002,4.845625,4.93,0.08437499999999964,48
3,23,2005,2.3033333333333332,2.41,0.10666666666666691,48
3,23,2006,3.68,3.68,0,48
3,23,2008,3.1624999999999996,3.38,0.21750000000000025,48
3,23,2009,3.279729166666667,3.406,0.12627083333333333,48
3,23,2010,3.6425,4.59,0.9474999999999998,48
3,23,2012,5.7429375,5.821,0.0780624999999997,48
3,23,2013,3.942645833333333,4.037,0.09435416666666674,48
3,23,2014,2.6342291666666666,2.69,0.055770833333333325,48
3,23,2015,2.0966666666666667,2.37,0.27333333333333343,48
3,23,2016,5.1616875,5.205,0.043312499999999865,48
3,24,2000,3.75,3.8,0.04999999999999982,48
3,24,2001,3.7866666666666666,3.85,0.06333333333333346,48
3,24,2002,4.864375,4.93,0.06562499999999982,48
3,24,2005,2.56,2.73,0.16999999999999993,48
3,24,2006,3.68,3.68,0,48
3,24,2008,3.1020833333333333,3.38,0.2779166666666666,48
3,24,2009,3.322229166666667,3.406,0.08377083333333335,48
3,24,2010,3.97,4.59,0.6199999999999997,48
3,24,2012,5.869208333333333,6.153,0.28379166666666666,48
3,24,2013,3.9223958333333333,4.037,0.11460416666666662,48
3,24,2014,2.6566875000000003,2.664,0.007312499999999833,48
3,24,2015,2.0300833333333332,2.262,0.23191666666666677,48
3,24,2016,5.217375,5.308,0.09062500000000018,48
3,25,2000,3.7966666666666664,3.8,0.0033333333333334103,48
3,25,2001,3.85,3.85,0,48
3,25,2002,4.93,4.93,0,48
3,25,2005,2.5233333333333334,2.73,0.20666666666666655,48
3,25,2006,3.8075,3.99,0.1825000000000001,48
3,25,2008,3.09,3.09,0,48
3,25,2009,3.2686875,3.301,0.03231250000000019,48
3,25,2010,3.9516666666666667,4.29,0.3383333333333334,48
3,25,2012,5.9171458333333335,6.204,0.2868541666666662,48
3,25,2013,3.9945,4.063,0.06849999999999978,48
3,25,2014,2.6307708333333335,2.69,0.059229166666666444,48
3,25,2015,2.1730416666666668,2.316,0.14295833333333308,48
3,25,2016,5.185395833333334,5.231,0.045604166666666224,48
3,26,2000,3.8,3.8,0,48
3,26,2001,3.836666666666667,3.85,0.013333333333333197,48
3,26,2002,4.93,4.93,0,48
3,26,2005,2.654583333333333,3.36,0.7054166666666668,48
3,26,2006,3.92125,3.99,0.06875000000000009,48
3,26,2008,3.2652083333333333,3.38,0.11479166666666663,48
3,26,2009,3.2731041666666667,3.301,0.027895833333333453,48
3,26,2010,3.6979166666666665,4,0.3020833333333335,48
3,26,2012,5.800520833333334,5.949,0.14847916666666627,48
3,26,2013,3.9923125,4.063,0.07068749999999957,48
3,26,2014,2.6592708333333333,2.717,0.05772916666666683,48
3,26,2015,2.1859375,2.236,0.05006250000000012,48
3,26,2016,5.167520833333334,5.179,0.011479166666666707,48
3,27,2000,3.8031249999999996,3.95,0.14687500000000053,48
3,27,2001,3.836666666666667,3.85,0.013333333333333197,48
3,27,2002,4.93,4.93,0,48
3,27,2005,2.763125,3.36,0.5968749999999998,48
3,27,2006,3.9777083333333336,4.15,0.17229166666666673,48
3,27,2008,3.337708333333333,3.38,0.04229166666666684,48
3,27,2009,3.2594375,3.301,0.04156249999999995,48
3,27,2010,3.764375,4,0.2356250000000002,48
3,27,2012,5.89325,6.102,0.2087500000000002,48
3,27,2013,3.9572083333333334,3.985,0.027791666666666437,48
3,27,2014,2.58525,2.637,0.051750000000000185,48
3,27,2015,2.214,2.289,0.07500000000000018,48
3,27,2016,5.177979166666667,5.205,0.027020833333333272,48
3,28,2000,3.955625,4.74,0.7843750000000003,48
3,28,2001,3.85,3.85,0,48
3,28,2002,4.9366666666666665,5.09,0.15333333333333332,48
3,28,2005,2.6487499999999997,3.2,0.5512500000000005,48
3,28,2006,4.076041666666667,4.62,0.5439583333333333,48
3,28,2008,3.361875,3.38,0.018124999999999947,48
3,28,2009,3.2705,3.406,0.13549999999999995,48
3,28,2010,3.794583333333333,4.29,0.49541666666666684,48
3,28,2012,5.98475,6.23,0.2452500000000004,48
3,28,2013,4.0651875,4.22,0.15481249999999935,48
3,28,2014,2.633770833333333,2.744,0.11022916666666704,48
3,28,2015,2.2619375,2.45,0.18806250000000002,48
3,28,2016,5.229791666666666,5.282,0.052208333333333634,48
3,29,2000,4.426041666666666,4.74,0.3139583333333338,48
3,29,2001,3.85,3.85,0,48
3,29,2002,5.011875,5.24,0.22812500000000036,48
3,29,2005,2.716875,3.04,0.3231250000000001,48
3,29,2006,4.195416666666667,4.62,0.42458333333333353,48
3,29,2008,3.38,3.38,0,48
3,29,2009,3.3973125,3.906,0.5086875000000002,48
3,29,2010,3.6979166666666665,4,0.3020833333333335,48
3,29,2012,6.105375,6.179,0.07362499999999983,48
3,29,2013,4.149416666666667,4.324,0.17458333333333265,48
3,29,2014,2.7192291666666666,2.823,0.10377083333333337,48
3,29,2015,2.3718333333333335,2.45,0.07816666666666672,48
3,29,2016,5.250625,5.437,0.18637499999999996,48
3,30,2000,4.092708333333333,4.42,0.32729166666666654,48
3,30,2001,3.9666666666666663,4.01,0.043333333333333446,48
3,30,2002,5.15125,5.24,0.0887500000000001,48
3,30,2005,2.9735416666666667,3.04,0.06645833333333329,48
3,30,2006,4.098541666666667,4.62,0.5214583333333334,48
3,30,2008,3.41125,3.68,0.26875000000000027,48
3,30,2009,3.4941666666666666,3.67,0.17583333333333329,48
3,30,2010,3.734166666666667,4.29,0.5558333333333332,48
3,30,2012,6.175,6.357,0.18200000000000038,48
3,30,2013,4.102645833333334,4.246,0.14335416666666667,48
3,30,2014,2.9080416666666666,3.036,0.1279583333333334,48
3,30,2015,2.4185,2.477,0.058499999999999996,48
3,30,2016,5.362125,5.565,0.20287500000000058,48
3,31,2000,4.1189583333333335,4.58,0.46104166666666657,48
3,31,2001,3.9366666666666665,4.01,0.07333333333333325,48
3,31,2002,5.141666666666667,5.24,0.0983333333333336,48
3,31,2005,3.0533333333333332,3.51,0.45666666666666655,48
3,31,2006,4.027083333333334,4.31,0.28291666666666604,48
3,31,2008,3.38,3.38,0,48
3,31,2009,3.611479166666667,3.801,0.18952083333333336,48
3,31,2010,3.6797916666666666,4,0.32020833333333343,48
3,31,2012,6.228104166666666,6.281,0.052895833333333364,48
3,31,2013,4.145104166666667,4.298,0.152895833333333,48
3,31,2014,2.9431458333333333,2.983,0.039854166666666746,48
3,31,2015,2.4617291666666667,2.503,0.04127083333333337,48
3,31,2016,5.409729166666667,5.642,0.23227083333333365,48
4,1,2000,4.003333333333334,4.27,0.2666666666666657,48
4,1,2001,3.8633333333333333,4.01,0.1466666666666665,48
4,1,2002,5.206666666666667,5.4,0.19333333333333336,48
4,1,2005,3.183125,3.51,0.3268749999999998,48
4,1,2006,4.010208333333334,4.46,0.44979166666666615,48
4,1,2008,3.4299999999999997,3.68,0.25000000000000044,48
4,1,2009,3.60325,3.775,0.17174999999999985,48
4,1,2010,3.9335416666666667,4.29,0.3564583333333333,48
4,1,2012,6.301270833333334,6.408,0.10672916666666676,48
4,1,2013,4.1369375,4.48,0.34306250000000027,48
4,1,2014,2.9646875,3.063,0.09831250000000002,48
4,1,2015,2.5301458333333335,2.823,0.2928541666666664,48
4,1,2016,5.398645833333333,5.616,0.21735416666666652,48
4,2,2000,4.119791666666667,4.58,0.4602083333333331,48
4,2,2001,3.79,3.85,0.06000000000000005,48
4,2,2002,5.160416666666666,5.56,0.3995833333333332,48
4,2,2005,3.4447916666666667,3.82,0.37520833333333314,48
4,2,2006,4.197916666666667,4.62,0.42208333333333314,48
4,2,2008,3.455,3.68,0.2250000000000001,48
4,2,2009,3.6016041666666667,3.827,0.22539583333333324,48
4,2,2010,3.897291666666667,4.29,0.3927083333333332,48
4,2,2012,6.299166666666666,6.408,0.108833333333334,48
4,2,2013,4.119479166666667,4.246,0.1265208333333332,48
4,2,2014,3.0735833333333336,3.168,0.0944166666666666,48
4,2,2015,2.662,2.823,0.16100000000000003,48
4,2,2016,5.313979166666667,5.591,0.27702083333333327,48
4,3,2000,4.139166666666666,4.58,0.44083333333333385,48
4,3,2001,3.8033333333333332,3.85,0.046666666666666856,48
4,3,2002,5.203541666666666,5.56,0.3564583333333333,48
4,3,2005,2.98875,3.51,0.5212499999999998,48
4,3,2006,4.398541666666667,4.78,0.3814583333333337,48
4,3,2008,3.5925000000000002,3.68,0.08749999999999991,48
4,3,2009,3.5999375000000002,3.906,0.3060624999999999,48
4,3,2010,3.685833333333333,3.71,0.02416666666666689,48
4,3,2012,6.290041666666667,6.382,0.09195833333333248,48
4,3,2013,4.107958333333333,4.141,0.033041666666666636,48
4,3,2014,3.077,3.142,0.06499999999999995,48
4,3,2015,2.7707708333333336,3.009,0.23822916666666627,48
4,3,2016,5.269375,5.488,0.2186250000000003,48
4,4,2000,4.1658333333333335,4.89,0.7241666666666662,48
4,4,2001,3.85,3.85,0,48
4,4,2002,5.220833333333333,5.56,0.3391666666666664,48
4,4,2005,2.808125,2.88,0.07187499999999991,48
4,4,2006,4.713125,4.93,0.21687499999999993,48
4,4,2008,3.68,3.68,0,48
4,4,2009,3.5681458333333333,3.722,0.15385416666666663,48
4,4,2010,3.685833333333333,4,0.3141666666666669,48
4,4,2012,6.293770833333333,6.484,0.19022916666666667,48
4,4,2013,4.1789375,4.324,0.14506249999999987,48
4,4,2014,3.1194375,3.195,0.07556249999999975,48
4,4,2015,2.714,3.009,0.29499999999999993,48
4,4,2016,5.283875,5.411,0.1271249999999995,48
4,5,2000,4.07,4.27,0.1999999999999993,48
4,5,2001,3.85,3.85,0,48
4,5,2002,5.301458333333334,5.87,0.5685416666666665,48
4,5,2005,2.799375,3.04,0.2406250000000001,48
4,5,2006,4.67,4.78,0.11000000000000032,48
4,5,2008,3.68,3.68,0,48
4,5,2009,3.62075,4.115,0.4942500000000001,48
4,5,2010,3.6616666666666666,3.71,0.04833333333333334,48
4,5,2012,6.2885,6.484,0.1955,48
4,5,2013,4.236583333333334,4.35,0.11341666666666583,48
4,5,2014,3.1056041666666667,3.168,0.06239583333333343,48
4,5,2015,2.7928333333333333,2.983,0.19016666666666682,48
4,5,2016,5.017270833333333,5.102,0.08472916666666741,48
4,6,2000,4.000625,4.42,0.4193749999999996,48
4,6,2001,3.886041666666667,4.32,0.43395833333333345,48
4,6,2002,5.4679166666666665,5.87,0.40208333333333357,48
4,6,2005,3.056875,3.67,0.6131250000000001,48
4,6,2006,4.623333333333333,4.78,0.15666666666666718,48
4,6,2008,3.68,3.68,0,48
4,6,2009,3.8502916666666667,4.246,0.3957083333333338,48
4,6,2010,3.7220833333333334,4,0.2779166666666666,48
4,6,2012,6.399125,6.712,0.312875,48
4,6,2013,4.323458333333334,4.558,0.23454166666666598,48
4,6,2014,3.2041458333333335,3.406,0.20185416666666667,48
4,6,2015,2.83975,3.327,0.48724999999999996,48
4,6,2016,5.018958333333333,5.076,0.05704166666666666,48
4,7,2000,4.07,4.27,0.1999999999999993,48
4,7,2001,4.2195833333333335,4.48,0.26041666666666696,48
4,7,2002,5.400416666666667,5.56,0.15958333333333297,48
4,7,2005,3.12,3.36,0.23999999999999977,48
4,7,2006,4.5304166666666665,4.78,0.2495833333333337,48
4,7,2008,3.68,3.68,0,48
4,7,2009,4.047541666666667,4.402,0.35445833333333354,48
4,7,2010,3.71,3.71,0,48
4,7,2012,6.569979166666666,7.015,0.4450208333333334,48
4,7,2013,4.546083333333334,4.766,0.21991666666666632,48
4,7,2014,3.2411666666666665,3.38,0.13883333333333336,48
4,7,2015,2.9041041666666665,3.248,0.34389583333333373,48
4,7,2016,5.068333333333333,5.179,0.11066666666666691,48
4,8,2000,4.260833333333333,4.89,0.6291666666666664,48
4,8,2001,4.307708333333333,4.63,0.32229166666666664,48
4,8,2002,5.380000000000001,5.4,0.019999999999999574,48
4,8,2005,3.243125,3.51,0.26687499999999975,48
4,8,2006,4.500208333333333,4.78,0.2797916666666671,48
4,8,2008,3.68,3.68,0,48
4,8,2009,3.6770416666666668,4.194,0.5169583333333332,48
4,8,2010,3.71,3.71,0,48
4,8,2012,6.6085625,6.763,0.15443750000000023,48
4,8,2013,4.643041666666667,4.74,0.09695833333333326,48
4,8,2014,3.2974583333333336,3.406,0.10854166666666654,48
4,8,2015,3.2507083333333333,3.485,0.23429166666666656,48
4,8,2016,5.1905625,5.282,0.09143749999999962,48
4,9,2000,4.706875,5.52,0.8131249999999994,48
4,9,2001,4.166041666666667,4.32,0.15395833333333364,48
4,9,2002,5.576041666666667,6.18,0.6039583333333329,48
4,9,2005,3.3449999999999998,3.51,0.16500000000000004,48
4,9,2006,4.683333333333334,4.78,0.09666666666666668,48
4,9,2008,3.68,3.68,0,48
4,9,2009,3.7196041666666666,4.428,0.7083958333333333,48
4,9,2010,3.685833333333333,3.71,0.02416666666666689,48
4,9,2012,6.5618541666666665,6.839,0.27714583333333387,48
4,9,2013,4.724291666666667,4.844,0.11970833333333353,48
4,9,2014,3.229604166666667,3.301,0.07139583333333333,48
4,9,2015,3.4985,3.512,0.013500000000000068,48
4,9,2016,5.244833333333333,5.462,0.2171666666666665,48
4,10,2000,4.723125,5.2,0.4768750000000006,48
4,10,2001,4.265,5.26,0.9950000000000001,48
4,10,2002,5.274583333333333,5.56,0.28541666666666643,48
4,10,2005,3.3341666666666665,3.82,0.48583333333333334,48
4,10,2006,4.88,4.93,0.04999999999999982,48
4,10,2008,3.68,3.68,0,48
4,10,2009,3.8594375,4.48,0.6205625000000006,48
4,10,2010,3.5529166666666665,3.71,0.15708333333333346,48
4,10,2012,6.531791666666667,6.839,0.3072083333333335,48
4,10,2013,4.8269375,5.488,0.6610625000000008,48
4,10,2014,3.2941666666666665,3.406,0.11183333333333367,48
4,10,2015,3.434083333333333,3.485,0.05091666666666672,48
4,10,2016,5.250854166666667,5.437,0.18614583333333368,48
4,11,2000,4.6033333333333335,4.74,0.13666666666666671,48
4,11,2001,4.212083333333333,5.42,1.2079166666666667,48
4,11,2002,5.414583333333334,6.49,1.0754166666666665,48
4,11,2005,3.5614583333333334,3.98,0.4185416666666666,48
4,11,2006,4.8125,4.93,0.11749999999999972,48
4,11,2008,3.6860416666666667,3.97,0.28395833333333353,48
4,11,2009,4.084604166666667,4.636,0.5513958333333333,48
4,11,2010,3.6469565217391304,3.71,0.06304347826086953,46
4,11,2012,6.690916666666666,7.368,0.6770833333333339,48
4,11,2013,4.887645833333333,5.719,0.8313541666666673,48
4,11,2014,3.3172708333333336,3.433,0.11572916666666622,48
4,11,2015,3.3105833333333337,3.538,0.22741666666666616,48
4,11,2016,5.331625,5.565,0.23337500000000055,48
4,12,2000,4.593333333333334,4.74,0.1466666666666665,48
4,12,2001,4.175,4.48,0.3050000000000006,48
4,12,2002,5.510416666666667,6.33,0.8195833333333331,48
4,12,2005,4.3793750000000005,5.23,0.850625,48
4,12,2006,4.71875,4.93,0.21124999999999972,48
4,12,2008,3.7041666666666666,3.97,0.2658333333333336,48
4,12,2009,4.179458333333334,4.61,0.4305416666666666,48
4,12,2012,6.819875,7.142,0.32212500000000066,48
4,12,2013,5.162520833333333,5.36,0.19747916666666754,48
4,12,2014,3.2979166666666666,3.406,0.10808333333333353,48
4,12,2015,3.4485625,3.854,0.4054375000000001,48
4,12,2016,5.305020833333333,5.591,0.28597916666666734,48
4,13,2000,4.863333333333333,5.05,0.18666666666666654,48
4,13,2001,4.135625,4.48,0.3443750000000003,48
4,13,2002,5.543125,5.87,0.32687500000000025,48
4,13,2005,4.7022916666666665,5.85,1.147708333333333,48
4,13,2006,4.7125,4.93,0.21749999999999936,48
4,13,2008,3.68,3.68,0,48
4,13,2009,4.035520833333333,4.428,0.39247916666666693,48
4,13,2012,7.008916666666667,7.444,0.43508333333333304,48
4,13,2013,5.43775,5.539,0.1012499999999994,48
4,13,2014,3.2417291666666666,3.327,0.0852708333333334,48
4,13,2015,3.4195,3.617,0.1974999999999998,48
4,13,2016,5.303833333333333,5.693,0.3891666666666662,48
4,14,2000,5.1025,5.52,0.41749999999999954,48
4,14,2001,4.119375,4.63,0.5106250000000001,48
4,14,2002,5.299166666666666,5.71,0.4108333333333336,48
4,14,2005,4.303541666666667,6,1.6964583333333332,48
4,14,2006,4.649791666666667,4.93,0.2802083333333325,48
4,14,2008,3.7464583333333334,3.97,0.22354166666666675,48
4,14,2009,4.507083333333333,4.766,0.2589166666666669,48
4,14,2012,7.0579374999999995,7.419,0.36106250000000006,48
4,14,2013,5.45,5.565,0.11500000000000021,48
4,14,2014,3.2698750000000003,3.354,0.08412499999999978,48
4,14,2015,3.4496875,3.932,0.4823124999999999,48
4,14,2016,5.518416666666667,5.847,0.32858333333333345,48
4,15,2000,5.310416666666667,5.67,0.35958333333333314,48
4,15,2001,4.469166666666667,4.79,0.32083333333333286,48
4,15,2002,5.474375,6.8,1.3256249999999996,48
4,15,2005,4.237708333333333,4.91,0.6722916666666672,48
4,15,2006,4.586666666666667,4.78,0.19333333333333336,48
4,15,2008,3.7706250000000003,4.26,0.48937499999999945,48
4,15,2009,4.537958333333333,4.766,0.22804166666666692,48
4,15,2012,6.740833333333334,7.066,0.32516666666666616,48
4,15,2013,5.464416666666667,5.796,0.33158333333333356,48
4,15,2014,3.506625,4.22,0.7133749999999996,48
4,15,2015,3.468729166666667,4.063,0.5942708333333329,48
4,15,2016,5.8415,5.949,0.10749999999999993,48
4,16,2000,5.228541666666667,5.52,0.29145833333333293,48
4,16,2001,4.600416666666667,4.95,0.34958333333333336,48
4,16,2002,5.67875,6.49,0.8112500000000002,48
4,16,2005,3.765625,4.6,0.8343749999999996,48
4,16,2006,4.609166666666667,5.09,0.480833333333333,48
4,16,2008,3.698125,3.97,0.2718750000000001,48
4,16,2009,4.698625,4.999,0.30037499999999984,48
4,16,2012,6.712395833333333,7.116,0.40360416666666676,48
4,16,2013,5.4755,5.898,0.42249999999999943,48
4,16,2014,3.4440416666666667,3.775,0.33095833333333324,48
4,16,2015,3.5475416666666666,4.947,1.3994583333333335,48
4,16,2016,5.905583333333333,5.949,0.04341666666666644,48
4,17,2000,5.3464583333333335,5.83,0.48354166666666654,48
4,17,2001,4.388958333333334,4.79,0.4010416666666661,48
4,17,2002,5.722708333333333,6.33,0.6072916666666668,48
4,17,2005,3.6772916666666666,3.98,0.30270833333333336,48
4,17,2006,4.909791666666667,5.24,0.3302083333333332,48
4,17,2008,3.68,3.68,0,48
4,17,2009,4.502395833333333,4.792,0.2896041666666669,48
4,17,2012,6.5155,6.788,0.27249999999999996,48
4,17,2013,5.219145833333333,5.282,0.06285416666666688,48
4,17,2014,3.73625,4.011,0.27475000000000005,48
4,17,2015,3.734958333333333,4.402,0.667041666666667,48
4,17,2016,5.932083333333333,6.051,0.11891666666666723,48
4,18,2000,5.892708333333333,6.14,0.24729166666666647,48
4,18,2001,4.979583333333333,5.57,0.590416666666667,48
4,18,2002,6.548333333333333,8.5,1.951666666666667,48
4,18,2005,3.6185416666666663,3.98,0.36145833333333366,48
4,18,2006,5.77,6.8,1.0300000000000002,48
4,18,2008,3.68,3.68,0,48
4,18,2009,4.086333333333333,4.714,0.6276666666666673,48
4,18,2012,6.4319375,6.763,0.3310624999999998,48
4,18,2013,5.2568125,5.334,0.07718749999999996,48
4,18,2014,4.0847291666666665,4.246,0.16127083333333392,48
4,18,2015,3.7137708333333332,4.636,0.9222291666666669,48
4,18,2016,6.070833333333333,6.255,0.18416666666666703,48
4,19,2000,6.033333333333333,6.14,0.10666666666666647,48
4,19,2001,5.231458333333333,5.57,0.33854166666666696,48
4,19,2002,7.555833333333333,8.19,0.6341666666666663,48
4,19,2005,3.480625,3.67,0.18937500000000007,48
4,19,2006,6.3152083333333335,6.64,0.32479166666666615,48
4,19,2008,3.740416666666667,3.97,0.22958333333333325,48
4,19,2009,4.205770833333333,4.947,0.7412291666666668,48
4,19,2012,6.7085625,7.318,0.6094374999999994,48
4,19,2013,5.2939791666666665,5.36,0.06602083333333386,48
4,19,2014,4.32725,4.558,0.23074999999999957,48
4,19,2015,4.046270833333334,5.514,1.4677291666666665,48
4,19,2016,6.1728958333333335,6.737,0.5641041666666666,48
4,20,2000,5.98,5.98,0,48
4,20,2001,5.171666666666667,5.57,0.39833333333333343,48
4,20,2002,6.419791666666667,7.57,1.1502083333333335,48
4,20,2005,3.3852083333333334,3.67,0.28479166666666655,48
4,20,2006,6.759166666666666,6.95,0.19083333333333385,48
4,20,2008,3.722291666666667,3.97,0.2477083333333332,48
4,20,2009,4.049125,4.506,0.45687500000000014,48
4,20,2012,6.568041666666667,7.167,0.598958333333333,48
4,20,2013,5.280479166666667,5.308,0.027520833333332995,48
4,20,2014,4.533625,4.74,0.20637500000000042,48
4,20,2015,4.529791666666667,5.745,1.215208333333333,48
4,20,2016,6.107208333333333,7.116,1.0087916666666663,48
4,21,2000,6.134375,6.29,0.15562499999999968,48
4,21,2001,5.070416666666667,5.42,0.34958333333333336,48
4,21,2002,6.629375,7.11,0.48062500000000075,48
4,21,2005,4.3585416666666665,7.4,3.041458333333334,48
4,21,2006,6.935625,7.26,0.32437499999999986,48
4,21,2008,3.7041666666666666,3.97,0.2658333333333336,48
4,21,2009,4.7568125,6.204,1.4471875,48
4,21,2012,6.348729166666667,6.712,0.363270833333333,48
4,21,2013,5.26675,5.591,0.32425000000000015,48
4,21,2014,4.396583333333333,4.584,0.18741666666666656,48
4,21,2015,4.410833333333334,5.719,1.3081666666666667,48
4,21,2016,5.935208333333334,6.306,0.3707916666666664,48
4,22,2000,6.099583333333333,6.29,0.19041666666666668,48
4,22,2001,4.78,5.1,0.3199999999999994,48
4,22,2002,8.031666666666666,8.65,0.6183333333333341,48
4,22,2005,3.4970833333333333,3.82,0.3229166666666665,48
4,22,2006,7.269583333333333,7.42,0.15041666666666664,48
4,22,2008,3.740416666666667,3.97,0.22958333333333325,48
4,22,2009,3.76875,3.932,0.16325000000000012,48
4,22,2012,7.145458333333333,8.817,1.6715416666666671,48
4,22,2013,5.699520833333334,6.535,0.8354791666666666,48
4,22,2014,4.1401875,4.246,0.10581250000000075,48
4,22,2015,3.5762916666666666,3.906,0.3297083333333335,48
4,22,2016,5.784625,6.102,0.3173750000000002,48
4,23,2000,5.855,5.98,0.125,48
4,23,2001,4.616875,5.1,0.48312499999999936,48
4,23,2002,7.745625,7.88,0.13437499999999947,48
4,23,2005,3.5056249999999998,3.67,0.16437500000000016,48
4,23,2006,7.32,7.42,0.09999999999999964,48
4,23,2008,3.698125,3.97,0.2718750000000001,48
4,23,2009,3.8355208333333333,3.932,0.09647916666666667,48
4,23,2012,8.252708333333333,8.618,0.3652916666666677,48
4,23,2013,6.414916666666667,6.636,0.22108333333333352,48
4,23,2014,3.979645833333333,4.22,0.24035416666666665,48
4,23,2015,3.562125,3.88,0.3178749999999999,48
4,23,2016,5.874604166666667,6.026,0.15139583333333295,48
4,24,2000,5.83,5.83,0,48
4,24,2001,4.560833333333333,4.95,0.3891666666666671,48
4,24,2002,7.744375,8.04,0.29562499999999936,48
4,24,2005,3.466875,3.67,0.203125,48
4,24,2006,6.8218749999999995,7.26,0.4381250000000003,48
4,24,2008,4.084791666666667,5.13,1.045208333333333,48
4,24,2009,4.042229166666667,4.376,0.33377083333333335,48
4,24,2012,7.709270833333333,8.817,1.107729166666667,48
4,24,2013,6.760416666666667,6.99,0.22958333333333325,48
4,24,2014,3.9308541666666668,4.324,0.3931458333333331,48
4,24,2015,3.785041666666667,4.272,0.4869583333333334,48
4,24,2016,6.6120833333333335,7.745,1.1329166666666666,48
4,25,2000,5.86125,5.98,0.11875000000000036,48
4,25,2001,4.279583333333333,6.51,2.2304166666666667,48
4,25,2002,7.55625,7.88,0.32374999999999954,48
4,25,2005,3.4522916666666665,3.82,0.3677083333333333,48
4,25,2006,6.7195833333333335,6.95,0.23041666666666671,48
4,25,2008,4.22375,4.84,0.61625,48
4,25,2009,4.687854166666667,5.154,0.46614583333333304,48
4,25,2012,7.50975,8.866,1.3562499999999993,48
4,25,2013,6.530375,7.015,0.4846249999999994,48
4,25,2014,4.473791666666667,5.076,0.6022083333333326,48
4,25,2015,4.587395833333333,5.282,0.6946041666666671,48
4,25,2016,6.672458333333333,7.368,0.6955416666666672,48
4,26,2000,5.9750000000000005,6.14,0.16499999999999915,48
4,26,2001,4.5775,5.26,0.6825000000000001,48
4,26,2002,6.985416666666667,7.42,0.4345833333333333,48
4,26,2005,3.648125,3.82,0.171875,48
4,26,2006,7.055833333333333,7.88,0.8241666666666667,48
4,26,2008,4.090833333333333,4.55,0.4591666666666665,48
4,26,2009,4.066958333333333,4.869,0.8020416666666668,48
4,26,2012,7.101666666666667,8.941,1.8393333333333342,48
4,26,2013,6.698895833333333,7.569,0.8701041666666667,48
4,26,2014,4.901625,5.179,0.27737500000000015,48
4,26,2015,4.93525,5.385,0.44974999999999987,48
4,26,2016,7.405833333333333,7.77,0.36416666666666675,48
4,27,2000,5.88,5.98,0.10000000000000053,48
4,27,2001,4.966458333333334,5.57,0.6035416666666666,48
4,27,2002,7.082291666666666,7.57,0.48770833333333385,48
4,27,2005,3.9004166666666666,4.13,0.22958333333333325,48
4,27,2006,7.194791666666667,7.73,0.5352083333333333,48
4,27,2008,4.489583333333333,5.42,0.9304166666666669,48
4,27,2009,3.9872708333333335,4.74,0.7527291666666667,48
4,27,2012,6.7085,7.72,1.0114999999999998,48
4,27,2013,6.894708333333333,7.393,0.4982916666666668,48
4,27,2014,4.9679166666666665,5.128,0.16008333333333358,48
4,27,2015,5.248916666666666,5.821,0.5720833333333335,48
4,27,2016,7.4184375,7.97,0.5515625000000002,48
4,28,2000,5.925833333333333,6.29,0.36416666666666675,48
4,28,2001,4.545208333333333,6.36,1.8147916666666672,48
4,28,2002,7.349375,7.88,0.5306249999999997,48
4,28,2005,3.8295833333333333,4.45,0.6204166666666668,48
4,28,2006,7.304791666666667,7.88,0.5752083333333333,48
4,28,2008,4.51375,5.71,1.19625,48
4,28,2009,3.7695208333333334,4.298,0.5284791666666666,48
4,28,2012,6.619958333333333,7.895,1.2750416666666666,48
4,28,2013,6.966458333333334,8.295,1.3285416666666663,48
4,28,2014,5.1194375,5.514,0.39456250000000015,48
4,28,2015,5.909375,6.408,0.49862500000000054,48
4,28,2016,7.1726875,7.82,0.6473125,48
4,29,2000,5.858333333333333,6.14,0.2816666666666663,48
4,29,2001,4.972708333333333,5.89,0.9172916666666664,48
4,29,2002,7.627916666666667,7.73,0.10208333333333375,48
4,29,2005,3.7385416666666664,4.29,0.5514583333333336,48
4,29,2006,7.427291666666666,8.04,0.612708333333333,48
4,29,2008,3.825,4.55,0.7249999999999996,48
4,29,2009,4.822729166666667,6.661,1.8382708333333326,48
4,29,2012,7.126145833333333,7.995,0.8688541666666669,48
4,29,2013,6.8038541666666665,8.344,1.5401458333333329,48
4,29,2014,5.486958333333333,5.77,0.28304166666666664,48
4,29,2015,5.7781875000000005,6.408,0.6298124999999999,48
4,29,2016,7.0414375,7.695,0.6535625000000005,48
4,30,2000,5.84875,5.98,0.13125000000000053,48
4,30,2001,4.460833333333333,4.95,0.48916666666666675,48
4,30,2002,7.459375,7.73,0.2706250000000008,48
4,30,2005,4.769583333333333,5.23,0.46041666666666714,48
4,30,2006,7.623958333333333,8.04,0.41604166666666575,48
4,30,2008,5.141875,5.99,0.8481250000000005,48
4,30,2009,4.146229166666667,4.869,0.7227708333333327,48
4,30,2012,8.191979166666666,8.668,0.4760208333333331,48
4,30,2013,6.727145833333333,7.619,0.8918541666666666,48
4,30,2014,5.461708333333333,5.565,0.10329166666666723,48
4,30,2015,6.32675,7.116,0.78925,48
4,30,2016,6.830895833333333,7.268,0.43710416666666685,48
5,1,2000,5.940833333333334,6.14,0.19916666666666583,48
5,1,2001,4.486458333333333,4.79,0.3035416666666668,48
5,1,2002,7.02375,7.57,0.5462500000000006,48
5,1,2005,4.829583333333334,5.54,0.7104166666666663,48
5,1,2006,7.7625,8.04,0.27749999999999897,48
5,1,2008,4.984583333333333,5.99,1.005416666666667,48
5,1,2009,3.8457083333333335,4.22,0.37429166666666625,48
5,1,2012,8.314791666666666,8.494,0.17920833333333341,48
5,1,2013,6.563229166666667,7.318,0.7547708333333327,48
5,1,2014,5.511041666666667,5.565,0.05395833333333311,48
5,1,2015,6.541625,7.494,0.952375,48
5,1,2016,6.666729166666666,7.393,0.7262708333333334,48
5,2,2000,6.07625,6.45,0.37375000000000025,48
5,2,2001,4.586458333333334,4.79,0.2035416666666663,48
5,2,2002,6.79875,7.11,0.31125000000000025,48
5,2,2005,4.230208333333334,4.91,0.6797916666666666,48
5,2,2006,7.805,7.88,0.07500000000000018,48
5,2,2008,4.447291666666667,5.42,0.9727083333333333,48
5,2,2009,3.7500416666666667,4.063,0.312958333333333,48
5,2,2012,8.340604166666667,8.543,0.20239583333333222,48
5,2,2013,6.603354166666667,9.262,2.658645833333334,48
5,2,2014,5.459020833333334,5.591,0.13197916666666654,48
5,2,2015,6.406354166666667,7.97,1.5636458333333332,48
5,2,2016,6.483083333333333,6.813,0.32991666666666664,48
5,3,2000,6.037708333333334,6.14,0.102291666666666,48
5,3,2001,4.74,4.79,0.04999999999999982,48
5,3,2002,6.913958333333333,7.57,0.6560416666666669,48
5,3,2005,4.081875,4.6,0.5181249999999995,48
5,3,2006,7.73,7.73,0,48
5,3,2008,4.435,5.99,1.5550000000000006,48
5,3,2009,3.9282708333333334,4.141,0.21272916666666664,48
5,3,2012,8.034,8.618,0.5839999999999996,48
5,3,2013,7.646916666666667,9.386,1.7390833333333324,48
5,3,2014,5.4478333333333335,5.668,0.22016666666666662,48
5,3,2015,5.6935,6.408,0.7145000000000001,48
5,3,2016,6.663104166666667,7.745,1.0818958333333333,48
5,4,2000,6.145,6.45,0.3050000000000006,48
5,4,2001,4.8100000000000005,5.26,0.4499999999999993,48
5,4,2002,7.285208333333333,8.34,1.0547916666666666,48
5,4,2005,4.185833333333333,4.76,0.5741666666666667,48
5,4,2006,7.835208333333334,8.65,0.8147916666666664,48
5,4,2008,4.922291666666666,7.73,2.807708333333334,48
5,4,2009,3.975791666666667,4.115,0.13920833333333338,48
5,4,2012,7.413770833333333,8.742,1.3282291666666675,48
5,4,2013,8.513583333333333,9.312,0.7984166666666663,48
5,4,2014,5.410916666666667,5.565,0.15408333333333335,48
5,4,2015,4.754083333333333,5.282,0.527916666666667,48
5,4,2016,7.251041666666667,8.22,0.968958333333334,48
5,5,2000,5.985625,6.29,0.3043750000000003,48
5,5,2001,4.819166666666667,5.42,0.6008333333333331,48
5,5,2002,7.320416666666667,8.19,0.8695833333333329,48
5,5,2005,4.238333333333333,4.6,0.36166666666666636,48
5,5,2006,7.9714583333333335,8.65,0.6785416666666668,48
5,5,2008,5.074583333333333,6.57,1.4954166666666673,48
5,5,2009,4.450208333333333,7.745,3.294791666666667,48
5,5,2012,6.948479166666667,8.195,1.2465208333333333,48
5,5,2013,9.051729166666666,9.41,0.358270833333334,48
5,5,2014,5.3417916666666665,5.898,0.5562083333333332,48
5,5,2015,4.716625,4.921,0.20437500000000064,48
5,5,2016,7.9324375,8.22,0.28756250000000083,48
5,6,2000,5.858958333333334,6.14,0.28104166666666597,48
5,6,2001,5.687083333333334,7.14,1.452916666666666,48
5,6,2002,6.978541666666667,7.11,0.13145833333333368,48
5,6,2005,4.258125,5.23,0.9718750000000007,48
5,6,2006,7.78625,8.04,0.25374999999999925,48
5,6,2008,4.8625,6.86,1.9975000000000005,48
5,6,2009,5.215083333333333,6.864,1.6489166666666666,48
5,6,2012,7.213125,8.195,0.9818750000000005,48
5,6,2013,9.122666666666667,9.903,0.7803333333333331,48
5,6,2014,5.489583333333333,5.668,0.1784166666666671,48
5,6,2015,4.820854166666667,4.999,0.17814583333333278,48
5,6,2016,7.782375,7.945,0.16262500000000024,48
5,7,2000,5.839375,5.98,0.140625,48
5,7,2001,5.768125,8.69,2.921874999999999,48
5,7,2002,6.394791666666666,6.8,0.4052083333333334,48
5,7,2005,5.734375,7.4,1.6656250000000004,48
5,7,2006,7.310416666666667,8.04,0.7295833333333324,48
5,7,2008,4.453125,6.28,1.8268750000000002,48
5,7,2009,5.4459583333333335,6.914,1.4680416666666662,48
5,7,2012,7.718333333333333,8.12,0.4016666666666664,48
5,7,2013,8.289083333333334,9.336,1.0469166666666663,48
5,7,2014,5.527,5.847,0.3200000000000003,48
5,7,2015,4.984541666666667,5.128,0.14345833333333324,48
5,7,2016,7.807458333333333,7.92,0.11254166666666698,48
5,8,2000,5.839375,5.98,0.140625,48
5,8,2001,4.937916666666667,6.51,1.5720833333333326,48
5,8,2002,6.12625,6.8,0.6737500000000001,48
5,8,2005,6.5093749999999995,6.62,0.11062500000000064,48
5,8,2006,7.513958333333333,8.5,0.9860416666666669,48
5,8,2008,4.284166666666667,4.84,0.5558333333333332,48
5,8,2009,5.0276875,6.661,1.6333124999999997,48
5,8,2012,7.932166666666666,9.657,1.7248333333333337,48
5,8,2013,7.304354166666666,8.295,0.9906458333333337,48
5,8,2014,5.421208333333333,5.847,0.425791666666667,48
5,8,2015,5.6715625,8.369,2.6974374999999995,48
5,8,2016,7.7275625,7.92,0.1924374999999996,48
5,9,2000,5.87375,5.98,0.10625000000000018,48
5,9,2001,4.613333333333333,4.95,0.3366666666666669,48
5,9,2002,6.086875,6.33,0.24312500000000004,48
5,9,2005,6.3081249999999995,6.47,0.1618750000000002,48
5,9,2006,7.858958333333333,8.65,0.7910416666666675,48
5,9,2008,4.846041666666666,5.71,0.8639583333333336,48
5,9,2009,5.059666666666667,6.585,1.5253333333333332,48
5,9,2012,7.573416666666667,8.22,0.646583333333334,48
5,9,2013,6.870895833333333,7.544,0.6731041666666666,48
5,9,2014,4.976458333333333,5.539,0.5625416666666663,48
5,9,2015,6.720375,8.02,1.2996249999999998,48
5,9,2016,7.58,7.945,0.3650000000000002,48
5,10,2000,6.603541666666667,9.54,2.9364583333333325,48
5,10,2001,4.565,4.79,0.22499999999999964,48
5,10,2002,6.074375,6.33,0.2556250000000002,48
5,10,2005,6.070208333333333,6.47,0.3997916666666663,48
5,10,2006,8.527916666666666,8.65,0.12208333333333421,48
5,10,2008,4.779583333333333,5.42,0.6404166666666669,48
5,10,2009,4.60175,6.331,1.7292500000000004,48
5,10,2012,7.199041666666667,7.795,0.5959583333333329,48
5,10,2013,6.589875,7.066,0.4761249999999997,48
5,10,2014,4.830375,5.205,0.374625,48
5,10,2015,5.769041666666666,7.091,1.3219583333333338,48
5,10,2016,7.354729166666667,8.941,1.5862708333333337,48
5,11,2000,7.976458333333333,8.92,0.9435416666666665,48
5,11,2001,4.426458333333334,4.63,0.2035416666666663,48
5,11,2002,5.856458333333333,6.02,0.16354166666666625,48
5,11,2005,5.980416666666667,6.16,0.17958333333333343,48
5,11,2006,8.609375,8.65,0.040625000000000355,48
5,11,2008,5.72375,8.02,2.2962499999999997,48
5,11,2009,5.3819375,7.217,1.8350624999999994,48
5,11,2012,7.300541666666667,8.045,0.7444583333333332,48
5,11,2013,6.755541666666667,7.217,0.46145833333333286,48
5,11,2014,4.738125,4.947,0.20887499999999992,48
5,11,2015,5.455145833333333,6.026,0.5708541666666669,48
5,11,2016,7.316333333333334,8.618,1.3016666666666667,48
5,12,2000,8.684791666666667,9.23,0.5452083333333331,48
5,12,2001,4.492083333333333,4.63,0.13791666666666647,48
5,12,2002,6.416666666666667,7.26,0.8433333333333328,48
5,12,2005,6.264166666666667,7.71,1.4458333333333329,48
5,12,2006,8.571875,8.65,0.078125,48
5,12,2008,7.792916666666667,9.76,1.967083333333333,48
5,12,2009,6.6161875,7.645,1.0288125,48
5,12,2012,7.790520833333333,8.543,0.7524791666666664,48
5,12,2013,6.5516875,7.066,0.5143125,48
5,12,2014,5.047375,5.719,0.6716250000000006,48
5,12,2015,5.9156875,6.56,0.6443124999999998,48
5,12,2016,7.0441666666666665,7.393,0.34883333333333333,48
5,13,2000,8.385833333333332,9.07,0.6841666666666679,48
5,13,2001,4.630208333333333,4.95,0.31979166666666714,48
5,13,2002,7.845416666666667,9.27,1.4245833333333326,48
5,13,2005,6.306666666666667,6.93,0.6233333333333331,48
5,13,2006,8.206875,8.5,0.29312499999999986,48
5,13,2008,7.872083333333333,9.76,1.8879166666666665,48
5,13,2009,6.104,7.293,1.189,48
5,13,2012,8.004729166666667,8.543,0.5382708333333319,48
5,13,2013,6.372583333333333,6.636,0.2634166666666671,48
5,13,2014,5.8215625,6.484,0.6624375000000002,48
5,13,2015,5.879354166666666,8.618,2.738645833333334,48
5,13,2016,6.710020833333333,7.217,0.5069791666666665,48
5,14,2000,7.686875000000001,8.3,0.6131250000000001,48
5,14,2001,5.556875,6.51,0.953125,48
5,14,2002,7.796458333333334,8.81,1.0135416666666668,48
5,14,2005,6.1745833333333335,6.62,0.44541666666666657,48
5,14,2006,8.146875,8.34,0.1931250000000002,48
5,14,2008,6.887708333333333,9.47,2.5822916666666673,48
5,14,2009,4.919604166666667,6,1.0803958333333332,48
5,14,2012,8.307604166666668,8.941,0.6333958333333332,48
5,14,2013,6.7392916666666665,7.82,1.0807083333333338,48
5,14,2014,5.297229166666667,6.153,0.8557708333333327,48
5,14,2015,6.346604166666666,7.92,1.5733958333333335,48
5,14,2016,6.381145833333333,6.712,0.33085416666666667,48
5,15,2000,7.314375,8.61,1.2956249999999994,48
5,15,2001,5.279411764705882,5.73,0.4505882352941182,34
5,15,2002,6.435625,7.11,0.6743750000000004,48
5,15,2005,6.128125,6.78,0.6518750000000004,48
5,15,2006,8.311875,8.34,0.02812499999999929,48
5,15,2008,5.616666666666666,6.86,1.243333333333334,48
5,15,2009,4.3174166666666665,4.584,0.26658333333333317,48
5,15,2012,8.397708333333334,8.841,0.4432916666666653,48
5,15,2013,7.1915625,8.717,1.5254375000000007,48
5,15,2014,5.108583333333334,5.796,0.6874166666666666,48
5,15,2015,6.195604166666667,8.568,2.372395833333333,48
5,15,2016,5.992583333333333,6.331,0.33841666666666725,48
5,16,2000,7.119375,8.45,1.3306249999999995,48
5,16,2002,7.408125,8.19,0.7818749999999994,48
5,16,2005,6.435208333333334,7.4,0.9647916666666667,48
5,16,2006,8.30875,8.34,0.03125,48
5,16,2008,5.581666666666667,5.99,0.4083333333333332,48
5,16,2009,4.447979166666666,4.766,0.31802083333333364,48
5,16,2012,7.994791666666667,8.717,0.7222083333333336,48
5,16,2013,6.549041666666667,6.965,0.4159583333333332,48
5,16,2014,5.095958333333333,5.385,0.28904166666666686,48
5,16,2015,5.5211875,6.484,0.9628125000000001,48
5,16,2016,6.0559375,6.357,0.30106250000000045,48
5,17,2000,7.340625,8.61,1.2693749999999993,48
5,17,2002,7.849583333333333,8.34,0.4904166666666665,48
5,17,2005,5.947708333333333,6.31,0.3622916666666667,48
5,17,2006,8.013333333333334,8.34,0.3266666666666662,48
5,17,2008,5.534166666666667,5.99,0.45583333333333353,48
5,17,2009,4.5410625,5.102,0.5609375000000005,48
5,17,2012,7.7547291666666665,7.945,0.19027083333333383,48
5,17,2013,6.286645833333333,6.661,0.37435416666666654,48
5,17,2014,5.1049375,5.642,0.5370625000000002,48
5,17,2015,5.266375,5.872,0.6056249999999999,48
5,17,2016,6.319895833333334,7.167,0.8471041666666661,48
5,18,2000,7.125,8.14,1.0150000000000006,48
5,18,2001,7.1121428571428575,8.56,1.447857142857143,28
5,18,2002,8.445208333333333,9.12,0.6747916666666658,48
5,18,2005,5.808541666666667,6.16,0.35145833333333343,48
5,18,2006,7.540416666666666,8.19,0.6495833333333332,48
5,18,2008,5.412708333333334,6.57,1.1572916666666666,48
5,18,2009,4.897145833333333,6.357,1.4598541666666671,48
5,18,2012,8.192854166666667,8.916,0.7231458333333336,48
5,18,2013,6.431229166666666,6.914,0.48277083333333337,48
5,18,2014,4.874625,5.205,0.3303750000000001,48
5,18,2015,5.8385625,7.091,1.2524375,48
5,18,2016,6.7159375,7.217,0.5010624999999997,48
5,19,2000,6.240833333333334,7.22,0.9791666666666661,48
5,19,2001,6.34875,9.65,3.3012500000000005,96
5,19,2002,8.449791666666666,8.96,0.5102083333333347,48
5,19,2005,5.7247916666666665,6,0.2752083333333335,48
5,19,2006,7.052708333333333,8.19,1.1372916666666661,48
5,19,2008,5.141041666666666,6.86,1.718958333333334,48
5,19,2009,5.151875,5.949,0.7971249999999994,48
5,19,2012,8.208916666666667,9.657,1.448083333333333,48
5,19,2013,6.318375,6.965,0.6466250000000002,48
5,19,2014,4.987208333333333,5.36,0.3727916666666671,48
5,19,2015,5.336166666666666,7.895,2.5588333333333333,48
5,19,2016,6.6111458333333335,6.914,0.3028541666666662,48
5,20,2000,6.88125,7.99,1.1087500000000006,48
5,20,2001,7.381666666666667,9.18,1.798333333333333,96
5,20,2002,8.312083333333334,8.96,0.6479166666666671,48
5,20,2005,5.725625,6,0.27437500000000004,48
5,20,2006,6.81875,6.95,0.13125000000000053,48
5,20,2008,5.616458333333333,5.99,0.3735416666666671,48
5,20,2009,4.9347916666666665,5.36,0.42520833333333385,48
5,20,2012,7.884916666666666,8.319,0.4340833333333345,48
5,20,2013,6.1388125,6.458,0.31918749999999996,48
5,20,2014,6.146208333333333,7.293,1.146791666666667,48
5,20,2015,5.175791666666667,6,0.824208333333333,48
5,20,2016,6.388604166666667,6.737,0.348395833333333,48
5,21,2000,7.33375,8.45,1.116249999999999,48
5,21,2001,6.034791666666667,8.25,2.215208333333333,96
5,21,2002,8.100416666666666,8.34,0.23958333333333393,48
5,21,2005,5.883125,6.47,0.586875,48
5,21,2006,6.793333333333333,6.8,0.006666666666666821,48
5,21,2008,5.195833333333333,5.99,0.7941666666666674,48
5,21,2009,4.917854166666666,5.488,0.570145833333334,48
5,21,2012,7.833208333333333,8.494,0.6607916666666664,48
5,21,2013,6.2651875,7.217,0.9518125,48
5,21,2014,6.143770833333333,6.788,0.6442291666666673,48
5,21,2015,5.615708333333333,6.204,0.5882916666666667,48
5,21,2016,6.3811875,6.813,0.4318124999999995,48
5,22,2000,6.800416666666667,7.99,1.1895833333333332,48
5,22,2001,6.635208333333334,9.03,2.3947916666666655,96
5,22,2002,7.976249999999999,8.19,0.2137500000000001,48
5,22,2005,7.540416666666667,8.93,1.3895833333333325,48
5,22,2006,6.9156249999999995,7.73,0.814375000000001,48
5,22,2008,5.051458333333334,5.42,0.3685416666666663,48
5,22,2009,4.745583333333333,5.05,0.30441666666666656,48
5,22,2012,7.867104166666667,8.295,0.42789583333333336,48
5,22,2013,6.86025,7.67,0.8097500000000002,48
5,22,2014,5.956833333333333,6.737,0.7801666666666671,48
5,22,2015,5.592770833333334,6.712,1.119229166666666,48
5,22,2016,6.343583333333333,6.661,0.31741666666666646,48
5,23,2000,6.671875,8.14,1.4681250000000006,48
5,23,2001,6.567083333333334,9.03,2.4629166666666658,96
5,23,2002,7.710833333333333,8.04,0.3291666666666657,48
5,23,2005,8.119166666666667,8.47,0.350833333333334,48
5,23,2006,6.946666666666666,7.26,0.31333333333333346,48
5,23,2008,5.4972916666666665,6.86,1.3627083333333339,48
5,23,2009,4.906770833333334,5.693,0.7862291666666659,48
5,23,2012,8.1724375,8.742,0.5695625000000017,48
5,23,2013,7.140208333333333,8.02,0.8797916666666667,48
5,23,2014,5.810770833333334,6.484,0.6732291666666663,48
5,23,2015,5.0280625,5.308,0.27993749999999995,48
5,23,2016,6.3049583333333334,6.509,0.2040416666666669,48
5,24,2000,6.4799999999999995,6.76,0.28000000000000025,5
5,24,2001,8.249375,11.51,3.260624999999999,96
5,24,2002,7.248958333333333,8.04,0.7910416666666658,48
5,24,2005,8.056875,8.47,0.41312500000000085,48
5,24,2006,7.2425,7.73,0.4875000000000007,48
5,24,2008,5.885625,7.15,1.2643750000000002,48
5,24,2009,5.2386875,5.847,0.6083125000000003,48
5,24,2012,7.919125,8.693,0.7738749999999994,48
5,24,2013,7.2182916666666666,8.17,0.9517083333333334,48
5,24,2014,6.249395833333334,7.167,0.9176041666666661,48
5,24,2015,5.327041666666666,5.796,0.46895833333333403,48
5,24,2016,6.458375,6.839,0.3806250000000002,48
5,25,2001,7.894583333333333,10.12,2.225416666666666,96
5,25,2002,7.030208333333333,7.73,0.699791666666667,48
5,25,2005,7.811875000000001,8.01,0.19812499999999922,48
5,25,2006,7.177708333333333,7.57,0.3922916666666669,48
5,25,2008,5.526666666666666,6.57,1.043333333333334,48
5,25,2009,5.413458333333334,6.255,0.8415416666666662,48
5,25,2011,6.5669375,6.737,0.17006250000000023,32
5,25,2012,7.6834375,8.319,0.6355625000000007,48
5,25,2013,8.083770833333332,9.657,1.5732291666666676,48
5,25,2014,5.732916666666667,6.839,1.1060833333333333,48
5,25,2015,5.281604166666667,5.565,0.2833958333333335,48
5,25,2016,6.6394375,7.116,0.4765625,48
5,26,2001,7.527916666666667,9.8,2.2720833333333337,96
5,26,2002,7.29125,8.19,0.8987499999999997,48
5,26,2005,7.91,8.01,0.09999999999999964,48
5,26,2006,6.8758333333333335,7.11,0.23416666666666686,48
5,26,2008,5.4075,5.99,0.5825000000000005,48
5,26,2009,6.902458333333334,7.97,1.0675416666666662,48
5,26,2011,6.558270833333333,6.712,0.15372916666666647,48
5,26,2012,7.650625,8.07,0.4193750000000005,48
5,26,2013,8.910645833333334,10.443,1.532354166666666,48
5,26,2014,5.227604166666667,5.975,0.747395833333333,48
5,26,2015,5.250083333333333,5.668,0.4179166666666667,48
5,26,2016,6.5698541666666666,6.864,0.29414583333333333,48
5,27,2001,7.06625,10.12,3.053749999999999,96
5,27,2002,6.468125,7.11,0.6418750000000006,48
5,27,2005,7.74375,7.86,0.11624999999999996,48
5,27,2006,6.809375,6.95,0.140625,48
5,27,2008,5.335208333333333,6.28,0.9447916666666671,48
5,27,2009,6.519854166666667,8.742,2.222145833333334,48
5,27,2010,7.289401282051282,7.995,0.7055987179487184,780
5,27,2011,6.56775,6.813,0.24524999999999952,48
5,27,2012,7.7065624999999995,8.145,0.43843750000000004,48
5,27,2013,10.129041666666668,10.687,0.5579583333333318,48
5,27,2014,5.587,7.619,2.032,48
5,27,2015,5.128208333333333,5.462,0.3337916666666665,48
5,27,2016,7.0955625,7.67,0.5744375000000002,48
5,28,2001,6.506458333333334,7.48,0.9735416666666667,96
5,28,2002,6.351875,6.8,0.4481250000000001,48
5,28,2005,6.267708333333333,7.24,0.972291666666667,48
5,28,2006,6.8,6.8,0,48
5,28,2008,5.6175,5.99,0.3725000000000005,48
5,28,2009,7.019458333333334,10.345,3.325541666666667,48
5,28,2010,6.976432638888889,7.645,0.6685673611111103,1440
5,28,2011,6.5968333333333335,6.914,0.31716666666666615,48
5,28,2012,7.7953125,8.07,0.27468750000000064,48
5,28,2013,9.774833333333333,10.834,1.0591666666666661,48
5,28,2014,8.19575,11.71,3.5142500000000005,48
5,28,2015,4.908104166666667,5.231,0.32289583333333294,48
5,28,2016,7.007229166666667,7.695,0.6877708333333334,48
5,29,2001,6.461666666666667,7.01,0.5483333333333329,96
5,29,2002,6.5175,6.8,0.28249999999999975,48
5,29,2005,5.897291666666667,6.16,0.2627083333333333,48
5,29,2006,6.825,6.95,0.125,48
5,29,2008,5.767291666666667,6.57,0.8027083333333334,48
5,29,2009,7.4638125,9.46,1.9961875000000004,48
5,29,2010,6.528544444444444,7.343,0.8144555555555559,1440
5,29,2011,6.624229166666667,6.914,0.28977083333333287,48
5,29,2012,7.754229166666667,7.945,0.19077083333333356,48
5,29,2013,9.365208333333333,9.952,0.5867916666666666,48
5,29,2014,8.708166666666667,11.637,2.9288333333333334,48
5,29,2015,4.974375,5.308,0.3336249999999996,48
5,29,2016,7.5513125,8.965,1.4136875,48
5,30,2001,6.212083333333333,6.86,0.6479166666666671,96
5,30,2002,6.727083333333333,7.11,0.38291666666666746,48
5,30,2005,5.88125,6,0.11875000000000036,48
5,30,2006,6.927291666666667,7.26,0.3327083333333327,48
5,30,2008,6.09,7.15,1.0600000000000005,48
5,30,2009,7.955666666666667,9.731,1.7753333333333332,48
5,30,2010,6.145120138888889,6.687,0.5418798611111111,1440
5,30,2011,6.584145833333333,6.788,0.2038541666666669,48
5,30,2012,7.745770833333333,7.97,0.22422916666666648,48
5,30,2013,9.035854166666667,9.854,0.8181458333333325,48
5,30,2014,7.03625,9.287,2.250750000000001,48
5,30,2015,5.175333333333334,5.616,0.4406666666666661,48
5,30,2016,9.0071875,10.051,1.0438124999999996,48
5,31,2001,6.110625,7.94,1.8293750000000006,96
5,31,2002,6.5164583333333335,6.8,0.28354166666666636,48
5,31,2005,5.9539583333333335,6.16,0.20604166666666668,48
5,31,2006,7.203541666666666,8.19,0.9864583333333332,48
5,31,2008,5.341458333333334,5.71,0.3685416666666663,48
5,31,2009,7.26875,9.509,2.2402500000000005,48
5,31,2010,7.149568055555555,8.469,1.3194319444444442,1440
5,31,2011,6.695645833333334,7.015,0.31935416666666594,48
5,31,2012,7.9283125,8.394,0.4656875000000005,48
5,31,2013,8.8724375,9.756,0.8835625,48
5,31,2014,6.882104166666666,9.312,2.429895833333333,48
5,31,2015,5.5846875,7.368,1.7833125,48
5,31,2016,8.342125,9.336,0.993875000000001,48
6,1,2001,7.3637500000000005,8.72,1.3562500000000002,96
6,1,2002,6.235625,6.49,0.25437500000000046,48
6,1,2005,6.065833333333333,6.31,0.24416666666666664,48
6,1,2006,6.906875,7.11,0.203125,48
6,1,2008,5.335416666666666,5.71,0.3745833333333337,48
6,1,2009,6.8745416666666666,8.643,1.7684583333333341,48
6,1,2010,6.691893055555555,8.543,1.8511069444444441,1440
6,1,2011,6.7113125,7.142,0.43068750000000033,48
6,1,2012,9.048625,11.807,2.758375000000001,48
6,1,2013,8.731973684210526,9.583,0.8510263157894737,76
6,1,2014,7.287354166666667,9.188,1.9006458333333338,48
6,1,2015,6.927020833333334,8.494,1.5669791666666661,48
6,1,2016,8.411270833333333,9.928,1.5167291666666678,48
6,2,2001,8.026666666666667,11.98,3.953333333333333,96
6,2,2002,6.128958333333333,6.49,0.3610416666666669,48
6,2,2005,6.016666666666667,6.16,0.14333333333333353,48
6,2,2006,7.156041666666667,7.73,0.5739583333333336,48
6,2,2008,5.797291666666666,6.86,1.062708333333334,48
6,2,2009,7.777916666666667,8.866,1.0880833333333326,48
6,2,2010,6.2799701388888884,7.695,1.4150298611111118,1440
6,2,2011,6.6349375,6.99,0.35506249999999984,48
6,2,2012,9.31375,10.467,1.1532499999999999,48
6,2,2013,7.846854166666667,9.04,1.1931458333333325,96
6,2,2014,6.489645833333333,8.817,2.327354166666667,48
6,2,2015,8.89225,9.312,0.41974999999999874,48
6,2,2016,8.595791666666667,9.952,1.356208333333333,48
6,3,2001,6.451041666666667,8.25,1.7989583333333332,96
6,3,2002,6.959375,8.04,1.0806249999999995,48
6,3,2005,6.016666666666667,6.16,0.14333333333333353,48
6,3,2006,7.87125,10.04,2.1687499999999993,48
6,3,2008,6.263541666666667,7.44,1.1764583333333336,48
6,3,2009,7.637208333333334,8.891,1.2537916666666664,48
6,3,2010,6.127607638888889,6.839,0.7113923611111117,1440
6,3,2011,7.125625,7.519,0.3933749999999998,48
6,3,2012,8.55825,11.492,2.9337500000000016,48
6,3,2013,7.3294375,7.795,0.4655624999999999,96
6,3,2014,5.9956875,6.788,0.7923125000000004,48
6,3,2015,8.7680625,8.916,0.14793750000000117,48
6,3,2016,8.067833333333333,9.361,1.293166666666668,48
6,4,2001,5.955625,6.86,0.9043749999999999,96
6,4,2002,7.9525,8.96,1.0075000000000012,48
6,4,2005,6,6,0,48
6,4,2006,11.32125,11.74,0.41875000000000107,48
6,4,2008,7.379583333333334,10.33,2.9504166666666665,48
6,4,2009,7.001895833333333,8.469,1.4671041666666662,48
6,4,2010,5.9934763888888885,6.687,0.6935236111111118,1440
6,4,2011,7.9700625,9.213,1.2429374999999991,48
6,4,2012,12.497833333333334,12.871,0.3731666666666662,48
6,4,2013,7.152829268292683,7.469,0.31617073170731747,82
6,4,2014,6.109,6.433,0.32399999999999984,48
6,4,2015,8.67425,9.015,0.3407499999999999,48
6,4,2016,7.6941041666666665,8.419,0.724895833333334,48
6,5,2001,6.328125,7.01,0.6818749999999998,96
6,5,2002,6.819791666666666,8.5,1.6802083333333337,48
6,5,2005,6,6,0,48
6,5,2006,11.417708333333334,11.74,0.32229166666666664,48
6,5,2008,8.377916666666668,10.05,1.6720833333333331,48
6,5,2009,6.6139166666666664,7.293,0.6790833333333337,48
6,5,2010,5.898479166666666,6.408,0.5095208333333341,1440
6,5,2011,7.6111875,9.435,1.8238125000000007,48
6,5,2012,12.625562500000001,12.799,0.17343749999999858,48
6,5,2013,7.523791666666667,9.015,1.4912083333333337,48
6,5,2014,6.179166666666667,6.458,0.27883333333333304,48
6,5,2015,8.601291666666667,8.866,0.2647083333333331,48
6,5,2016,8.0496875,9.361,1.3113125000000014,48
6,6,2001,7.196666666666667,8.1,0.9033333333333324,96
6,6,2002,6.061249999999999,6.33,0.2687500000000007,48
6,6,2005,6.140833333333333,6.47,0.3291666666666666,48
6,6,2006,11.160416666666666,12.21,1.0495833333333344,48
6,6,2007,7.137916666666667,7.73,0.5920833333333331,24
6,6,2008,7.821666666666667,9.76,1.9383333333333326,48
6,6,2009,7.152041666666666,8.519,1.3669583333333337,48
6,6,2010,5.776861111111111,6.23,0.45313888888888965,1440
6,6,2011,7.034229166666667,7.242,0.20777083333333302,48
6,6,2012,12.63346,13.112,0.47854000000000063,50
6,6,2013,7.769083333333334,8.817,1.0479166666666666,48
6,6,2014,6.655625,7.242,0.5863750000000003,48
6,6,2015,8.753833333333333,9.188,0.4341666666666679,48
6,6,2016,7.811,8.916,1.1050000000000004,48
6,7,2001,7.74125,8.25,0.50875,96
6,7,2002,6.5841666666666665,7.88,1.2958333333333334,48
6,7,2005,6.1189583333333335,6.47,0.35104166666666625,48
6,7,2006,11.756666666666668,12.36,0.6033333333333317,48
6,7,2007,7.131875,7.73,0.5981250000000005,48
6,7,2008,7.078541666666667,8.89,1.8114583333333334,48
6,7,2009,7.040541666666667,8.469,1.4284583333333325,48
6,7,2010,6.066931944444445,7.268,1.201068055555555,1440
6,7,2011,6.934895833333333,7.268,0.33310416666666676,48
6,7,2012,12.021770833333333,12.461,0.4392291666666672,48
6,7,2013,7.3825625,9.238,1.8554374999999999,48
6,7,2014,7.2410625,8.494,1.2529374999999998,48
6,7,2015,9.005895833333334,9.312,0.30610416666666573,48
6,7,2016,7.347416666666667,7.82,0.4725833333333336,48
6,8,2001,7.832916666666667,8.56,0.7270833333333337,96
6,8,2002,7.229791666666666,8.81,1.580208333333334,48
6,8,2005,6.313125,7.4,1.086875,48
6,8,2006,11.784791666666667,12.21,0.42520833333333385,48
6,8,2007,7.077500000000001,8.02,0.942499999999999,48
6,8,2008,7.295416666666667,9.18,1.8845833333333326,48
6,8,2009,6.911617647058823,8.12,1.2083823529411761,34
6,8,2010,7.242011111111111,8.668,1.425988888888888,1440
6,8,2011,7.002770833333333,7.293,0.2902291666666672,48
6,8,2012,11.358895833333333,11.929,0.5701041666666669,48
6,8,2013,8.428583333333334,11.029,2.600416666666666,48
6,8,2014,8.034208333333334,9.04,1.0057916666666653,48
6,8,2015,8.869625000000001,9.188,0.31837499999999963,48
6,8,2016,7.6273124999999995,8.494,0.8666875000000003,48
6,9,2001,7.593541666666667,8.25,0.6564583333333331,96
6,9,2002,6.442916666666666,6.8,0.35708333333333364,48
6,9,2005,6.390416666666667,7.4,1.0095833333333335,48
6,9,2006,11.729583333333334,11.9,0.17041666666666622,48
6,9,2007,7.1137500000000005,8.02,0.9062499999999991,48
6,9,2008,7.671250000000001,8.61,0.9387499999999989,48
6,9,2009,6.983125,8.34,1.3568749999999996,48
6,9,2010,7.700534027777778,9.509,1.8084659722222227,1440
6,9,2011,7.232291666666667,7.494,0.261708333333333,48
6,9,2012,10.510884615384615,11.297,0.7861153846153854,78
6,9,2013,9.366833333333334,10.785,1.4181666666666661,48
6,9,2014,7.274229166666666,8.22,0.9457708333333343,48
6,9,2015,8.713458333333334,9.238,0.524541666666666,48
6,9,2016,7.853229166666667,8.618,0.7647708333333334,48
6,10,2001,7.338333333333334,7.94,0.6016666666666666,96
6,10,2002,6.067916666666666,6.33,0.2620833333333339,48
6,10,2005,6.377083333333333,6.93,0.5529166666666665,48
6,10,2006,11.140208333333334,11.74,0.5997916666666665,48
6,10,2007,7.313125,8.02,0.7068749999999993,48
6,10,2008,7.210625,8.61,1.3993749999999991,48
6,10,2009,6.387708333333333,8.05,1.6622916666666674,48
6,10,2010,7.143422916666666,9.435,2.291577083333334,1440
6,10,2011,7.744020833333333,8.693,0.9489791666666667,48
6,10,2012,10.455875,11.516,1.0601249999999993,96
6,10,2013,9.911708333333333,12.171,2.259291666666666,48
6,10,2014,7.090791666666667,8.668,1.5772083333333322,48
6,10,2015,8.246916666666667,9.114,0.8670833333333334,48
6,10,2016,9.526458333333334,11.662,2.1355416666666667,48
6,11,2001,7.060625,7.79,0.7293750000000001,96
6,11,2002,6.487872340425532,7.26,0.7721276595744682,47
6,11,2005,6.22875,6.47,0.24124999999999996,48
6,11,2006,9.711041666666667,10.51,0.7989583333333332,48
6,11,2007,6.938541666666667,7.44,0.5014583333333338,48
6,11,2008,7.47125,8.32,0.8487499999999999,48
6,11,2009,6.846041666666666,9.49,2.643958333333334,48
6,11,2010,5.952209027777778,7.167,1.2147909722222217,1440
6,11,2011,7.953791666666667,9.015,1.061208333333334,48
6,11,2012,10.197125,10.687,0.4898749999999996,96
6,11,2013,11.718770833333334,13.377,1.6582291666666666,48
6,11,2014,7.6628125,9.262,1.5991875000000002,48
6,11,2015,7.741083333333333,7.995,0.253916666666667,48
6,11,2016,10.86125,12.413,1.5517500000000002,48
6,12,2001,6.841458333333334,7.32,0.47854166666666664,96
6,12,2002,7.161041666666667,8.65,1.4889583333333336,48
6,12,2005,6.180833333333333,6.31,0.12916666666666643,48
6,12,2006,9.440416666666668,10.35,0.9095833333333321,48
6,12,2007,7.903958333333334,12.35,4.446041666666666,48
6,12,2008,8.179583333333333,9.18,1.0004166666666663,48
6,12,2009,7.734583333333333,9.49,1.755416666666667,48
6,12,2010,5.853702083333333,7.142,1.288297916666667,1440
6,12,2011,8.524770833333333,12.509,3.984229166666667,48
6,12,2012,10.1596875,10.687,0.527312499999999,96
6,12,2013,10.90325,13.233,2.3297500000000007,48
6,12,2014,7.160229166666666,8.319,1.1587708333333344,48
6,12,2015,7.5265625,8.07,0.5434375000000005,48
6,12,2016,9.858645833333334,12.292,2.433354166666666,48
6,13,2001,6.941041666666667,7.48,0.5389583333333334,96
6,13,2002,9.197708333333333,11.9,2.7022916666666674,48
6,13,2005,6.345,6.62,0.27500000000000036,48
6,13,2006,9.603958333333333,10.04,0.4360416666666662,48
6,13,2007,8.706458333333334,14.09,5.383541666666666,48
6,13,2008,8.37875,10.62,2.241249999999999,48
6,13,2009,7.8254166666666665,9.2,1.3745833333333328,48
6,13,2010,6.163859722222222,6.889,0.7251402777777782,1440
6,13,2011,8.493520833333333,12.219,3.7254791666666662,48
6,13,2012,9.808145833333333,10.296,0.4878541666666667,48
6,13,2013,11.047145833333333,13.064,2.0168541666666666,48
6,13,2014,7.289375,8.195,0.9056250000000006,48
6,13,2015,7.8783125,8.543,0.6646874999999994,48
6,13,2016,9.073270833333334,12.001,2.9277291666666656,48
6,14,2001,6.805,7.17,0.3650000000000002,96
6,14,2002,7.709583333333333,8.81,1.1004166666666677,48
6,14,2005,6.4643749999999995,6.78,0.3156250000000007,48
6,14,2006,9.639375,10.04,0.4006249999999998,48
6,14,2007,8.143541666666668,10.33,2.1864583333333325,48
6,14,2008,8.645208333333333,10.05,1.404791666666668,48
6,14,2009,7.705416666666666,8.91,1.2045833333333338,48
6,14,2010,6.640739776951673,7.619,0.978260223048327,807
6,14,2011,10.941583333333334,12.871,1.9294166666666666,48
6,14,2012,9.932166666666667,10.663,0.730833333333333,48
6,14,2013,12.4605,13.642,1.1814999999999998,48
6,14,2014,7.032,7.67,0.6379999999999999,48
6,14,2015,8.321854166666666,9.064,0.7421458333333337,48
6,14,2016,10.730041666666667,12.582,1.851958333333334,48
6,15,2001,6.850625,7.17,0.31937499999999996,96
6,15,2002,10.274375,12.06,1.7856250000000014,48
6,15,2005,9.511666666666667,11.57,2.0583333333333336,48
6,15,2006,9.633541666666666,10.2,0.5664583333333333,48
6,15,2007,6.8725000000000005,8.61,1.737499999999999,48
6,15,2008,8.378333333333334,11.19,2.8116666666666656,48
6,15,2009,7.778125,8.34,0.5618749999999997,48
6,15,2011,11.920020833333334,13.016,1.095979166666666,48
6,15,2012,10.268791666666667,11.346,1.077208333333333,48
6,15,2013,11.1845,12.243,1.0585000000000004,48
6,15,2014,7.378583333333333,8.07,0.691416666666667,48
6,15,2015,8.4955,9.558,1.0625,48
6,15,2016,10.732583333333334,12.243,1.510416666666666,48
6,16,2001,6.95375,7.32,0.36624999999999996,96
6,16,2002,11.559791666666667,11.9,0.340208333333333,48
6,16,2005,11.8,12.03,0.22999999999999865,48
6,16,2006,9.285416666666666,10.04,0.7545833333333327,48
6,16,2007,6.847916666666667,7.44,0.5920833333333331,48
6,16,2008,7.882083333333333,9.47,1.5879166666666675,48
6,16,2009,7.831875,8.91,1.078125,48
6,16,2011,11.7455625,13.353,1.6074374999999996,48
6,16,2012,10.811104166666667,12.268,1.4568958333333342,48
6,16,2013,9.218375,11.516,2.297625,48
6,16,2014,8.8293125,10.173,1.3436874999999997,48
6,16,2015,8.004104166666666,9.879,1.8748958333333334,48
6,16,2016,10.330354166666666,11.904,1.5736458333333339,48
6,17,2001,7.011875,7.17,0.15812500000000007,96
6,17,2002,11.2475,12.06,0.8125,48
6,17,2005,11.641666666666667,12.19,0.548333333333332,48
6,17,2006,9.446666666666667,10.51,1.0633333333333326,48
6,17,2007,7.089583333333334,7.73,0.6404166666666669,48
6,17,2008,7.682916666666667,8.32,0.637083333333333,48
6,17,2009,7.500208333333333,8.63,1.1297916666666676,48
6,17,2011,10.40025,12.678,2.277750000000001,48
6,17,2012,10.541416666666667,12.292,1.7505833333333332,48
6,17,2013,8.057020833333333,8.841,0.7839791666666667,48
6,17,2014,7.918145833333333,9.608,1.6898541666666675,48
6,17,2015,7.8475,8.891,1.0434999999999999,48
6,17,2016,9.720625,11.71,1.9893750000000008,48
6,18,2001,6.963125,7.17,0.20687500000000014,96
6,18,2002,11.355833333333333,12.06,0.7041666666666675,48
6,18,2005,10.631458333333333,12.19,1.5585416666666667,48
6,18,2006,9.385625,9.73,0.3443750000000012,48
6,18,2007,7.6345833333333335,8.61,0.9754166666666659,48
6,18,2008,7.882708333333333,8.61,0.727291666666666,48
6,18,2009,7.175833333333333,7.76,0.5841666666666665,48
6,18,2011,8.8225,11.492,2.669500000000001,48
6,18,2012,10.256645833333334,11.151,0.8943541666666661,48
6,18,2013,8.245166666666666,9.139,0.8938333333333333,48
6,18,2014,7.687166666666666,9.04,1.3528333333333329,48
6,18,2015,8.304875000000001,9.509,1.2041249999999994,48
6,18,2016,8.951416666666667,9.977,1.0255833333333335,48
6,19,2001,7.09875,7.32,0.2212500000000004,96
6,19,2002,11.146875,11.44,0.29312499999999986,48
6,19,2005,9.81125,11.41,1.5987500000000008,48
6,19,2006,9.248333333333333,9.58,0.331666666666667,48
6,19,2007,7.755625,8.61,0.8543749999999992,48
6,19,2008,7.792083333333333,8.61,0.8179166666666662,48
6,19,2009,6.856041666666666,8.05,1.1939583333333346,48
6,19,2011,7.462229166666667,8.07,0.6077708333333334,48
6,19,2012,10.120958333333334,10.516,0.39504166666666585,48
6,19,2013,8.765479166666667,10.198,1.4325208333333332,48
6,19,2014,7.7513421052631575,8.519,0.7676578947368426,38
6,19,2015,8.1134375,9.04,0.9265624999999993,48
6,19,2016,8.703312500000001,9.78,1.0766874999999985,48
6,20,2001,6.8152083333333335,7.01,0.19479166666666625,96
6,20,2002,11.127291666666666,11.59,0.4627083333333335,48
6,20,2005,9.159166666666668,11.26,2.100833333333332,48
6,20,2006,9.019583333333333,9.58,0.5604166666666668,48
6,20,2007,7.470625,8.32,0.8493750000000002,48
6,20,2008,7.797916666666667,8.32,0.5220833333333337,48
6,20,2009,6.237916666666667,7.18,0.9420833333333327,48
6,20,2011,7.791375,8.717,0.9256250000000001,48
6,20,2012,10.123104166666666,10.394,0.2708958333333342,48
6,20,2013,8.3995,9.386,0.9864999999999995,48
6,20,2014,8.311479166666667,9.41,1.0985208333333336,48
6,20,2015,8.096395833333334,9.312,1.2156041666666653,48
6,20,2016,7.701,9.336,1.6350000000000007,48
6,21,2001,6.8025,7.32,0.5175000000000001,96
6,21,2002,10.54,11.28,0.7400000000000002,48
6,21,2005,8.033958333333333,9.86,1.8260416666666668,48
6,21,2006,8.93,9.42,0.4900000000000002,48
6,21,2007,8.161458333333334,9.18,1.0185416666666658,48
6,21,2008,7.80375,8.32,0.5162500000000003,48
6,21,2009,8.004583333333333,12.36,4.355416666666667,48
6,21,2011,7.577875,8.12,0.5421249999999995,48
6,21,2012,10.101125,10.345,0.24387500000000095,48
6,21,2013,8.053583333333334,9.238,1.1844166666666656,48
6,21,2014,8.2079375,9.139,0.9310624999999995,48
6,21,2015,8.426291666666666,9.386,0.9597083333333334,48
6,21,2016,7.176145833333333,7.594,0.4178541666666673,48
6,22,2001,7.426041666666666,9.18,1.7539583333333333,96
6,22,2002,9.937916666666666,10.67,0.7320833333333336,48
6,22,2005,7.721041666666666,8.63,0.9089583333333344,48
6,22,2006,9.023541666666667,9.58,0.5564583333333335,48
6,22,2007,7.876250000000001,9.18,1.303749999999999,48
6,22,2008,7.9245833333333335,8.32,0.39541666666666675,48
6,22,2009,12.63375,13.52,0.8862500000000004,48
6,22,2011,7.582895833333334,8.245,0.6621041666666656,48
6,22,2012,10.256291666666666,10.638,0.381708333333334,48
6,22,2013,8.290645833333333,9.509,1.2183541666666677,48
6,22,2014,8.393875,9.805,1.4111250000000002,48
6,22,2015,7.8563125,8.693,0.8366875,48
6,22,2016,7.026375,7.293,0.26662500000000033,48
6,23,2001,7.048333333333334,7.63,0.5816666666666661,96
6,23,2002,10.0025,10.67,0.6675000000000004,48
6,23,2005,8.26125,9.7,1.4387499999999989,48
6,23,2006,8.832916666666668,9.12,0.2870833333333316,48
6,23,2007,8.706666666666667,9.47,0.7633333333333336,48
6,23,2008,8.133125,8.61,0.4768749999999997,32
6,23,2009,13.060833333333333,13.23,0.16916666666666735,48
6,23,2011,8.651041666666666,9.238,0.5869583333333335,48
6,23,2012,10.207395833333333,10.614,0.40660416666666777,48
6,23,2013,8.260666666666667,9.163,0.902333333333333,48
6,23,2014,8.038916666666667,9.805,1.7660833333333326,48
6,23,2015,7.84,9.608,1.7680000000000007,48
6,23,2016,7.4940625,8.02,0.5259374999999995,48
6,24,2001,6.882708333333333,7.48,0.597291666666667,96
6,24,2002,9.375833333333333,10.36,0.9841666666666669,48
6,24,2005,6.944583333333333,9.09,2.1454166666666667,48
6,24,2006,8.772083333333335,8.96,0.1879166666666663,48
6,24,2007,8.450833333333334,9.47,1.019166666666667,48
6,24,2009,13.489791666666667,13.52,0.030208333333332504,48
6,24,2011,9.132791666666666,10.834,1.7012083333333337,48
6,24,2012,10.216020833333333,10.785,0.5689791666666668,48
6,24,2013,8.129083333333334,9.46,1.330916666666667,48
6,24,2014,7.594875,8.344,0.7491249999999994,48
6,24,2015,7.660854166666667,8.17,0.5091458333333332,48
6,24,2016,7.891395833333333,8.494,0.6026041666666666,48
6,25,2001,6.8793750000000005,7.48,0.600625,96
6,25,2002,9.592291666666666,10.51,0.9177083333333336,48
6,25,2005,6.4191666666666665,6.78,0.3608333333333338,48
6,25,2006,8.871458333333333,9.27,0.39854166666666657,48
6,25,2007,7.628541666666667,8.89,1.2614583333333336,48
6,25,2008,8.196,8.742,0.5460000000000012,24
6,25,2009,13.163541666666667,13.52,0.35645833333333243,48
6,25,2011,11.223458333333333,15.151,3.9275416666666665,48
6,25,2012,10.3184375,11.273,0.9545624999999998,48
6,25,2013,8.2581875,9.114,0.8558125000000008,48
6,25,2014,7.3104375,7.72,0.40956249999999983,48
6,25,2015,8.560666666666666,9.977,1.416333333333334,48
6,25,2016,7.524125,8.618,1.0938750000000006,48
6,26,2001,7.303541666666667,8.41,1.1064583333333333,96
6,26,2002,9.104583333333332,10.51,1.4054166666666674,48
6,26,2005,6.555,6.93,0.375,48
6,26,2006,9.042291666666667,9.73,0.6877083333333331,48
6,26,2007,6.9627083333333335,7.44,0.4772916666666669,48
6,26,2008,8.488270833333333,9.312,0.8237291666666664,48
6,26,2009,12.496666666666666,13.52,1.0233333333333334,48
6,26,2011,12.621583333333334,13.642,1.0204166666666659,48
6,26,2012,9.997604166666667,11.005,1.0073958333333337,48
6,26,2013,8.7766875,9.854,1.0773124999999997,48
6,26,2014,7.1535,7.469,0.3155000000000001,48
6,26,2015,9.220395833333333,11.273,2.052604166666667,48
6,26,2016,7.196020833333333,7.645,0.4489791666666667,48
6,27,2001,7.561458333333333,8.56,0.9985416666666671,96
6,27,2002,8.006874999999999,9.89,1.8831250000000015,48
6,27,2005,6.8845833333333335,7.24,0.3554166666666667,48
6,27,2006,8.849583333333333,9.27,0.4204166666666662,48
6,27,2007,6.781458333333334,7.15,0.3685416666666663,48
6,27,2008,8.1815,9.534,1.352500000000001,48
6,27,2009,10.781875,12.65,1.868125000000001,48
6,27,2011,11.188375,13.137,1.9486249999999998,48
6,27,2012,9.982687499999999,10.516,0.533312500000001,48
6,27,2013,9.258791666666667,10.687,1.4282083333333322,48
6,27,2014,7.286395833333334,7.945,0.6586041666666667,48
6,27,2015,9.418145833333334,10.638,1.219854166666666,48
6,27,2016,7.085645833333333,7.519,0.4333541666666667,48
6,28,2001,7.3445833333333335,8.25,0.9054166666666665,96
6,28,2002,7.751458333333333,9.27,1.5185416666666667,48
6,28,2005,6.577708333333334,7.09,0.5122916666666661,48
6,28,2006,8.711041666666667,8.96,0.24895833333333428,48
6,28,2007,6.745208333333333,7.15,0.4047916666666671,48
6,28,2008,8.28975,10.858,2.568250000000001,48
6,28,2009,9.679791666666667,12.08,2.4002083333333335,48
6,28,2011,9.9800625,11.516,1.5359374999999993,48
6,28,2012,10.0945625,10.907,0.8124374999999997,48
6,28,2013,9.553916666666666,10.907,1.353083333333334,48
6,28,2014,7.593770833333333,8.519,0.925229166666667,48
6,28,2015,11.151895833333333,14.697,3.5451041666666665,48
6,28,2016,6.960520833333333,7.268,0.30747916666666697,48
6,29,2001,7.927083333333333,9.65,1.7229166666666673,96
6,29,2002,8.139375,9.12,0.9806249999999999,48
6,29,2005,6.381458333333334,6.78,0.39854166666666657,48
6,29,2006,8.723958333333334,8.96,0.23604166666666693,48
6,29,2007,6.974791666666667,7.73,0.755208333333333,48
6,29,2008,9.245833333333334,11.394,2.1481666666666666,48
6,29,2009,9.051458333333333,10.93,1.878541666666667,48
6,29,2011,8.81425,10.736,1.9217500000000012,48
6,29,2012,10.167270833333333,11.078,0.9107291666666661,48
6,29,2013,8.853666666666667,10.369,1.5153333333333325,48
6,29,2014,7.6439375,8.693,1.0490624999999998,48
6,29,2015,11.753083333333333,13.473,1.719916666666668,48
6,29,2016,7.036833333333333,7.293,0.2561666666666671,48
6,30,2001,7.706041666666667,9.03,1.3239583333333327,96
6,30,2002,8.288333333333334,9.27,0.9816666666666656,48
6,30,2005,6.690625,7.4,0.7093750000000005,48
6,30,2006,8.716666666666667,8.96,0.24333333333333407,48
6,30,2007,6.666666666666667,7.15,0.4833333333333334,48
6,30,2008,8.902958333333332,10.956,2.053041666666667,48
6,30,2009,10.207708333333333,11.79,1.5822916666666664,48
6,30,2011,8.360041666666667,9.163,0.8029583333333328,48
6,30,2012,9.718645833333333,10.492,0.7733541666666675,48
6,30,2013,9.150083333333333,10.443,1.2929166666666667,48
6,30,2014,7.652479166666667,8.593,0.9405208333333333,48
6,30,2015,10.996395833333333,12.316,1.319604166666668,48
6,30,2016,7.120958333333333,7.494,0.3730416666666665,48
7,1,2001,7.484166666666667,8.1,0.6158333333333328,96
7,1,2002,7.273958333333333,8.65,1.3760416666666675,48
7,1,2005,7.386875,8.01,0.6231249999999999,48
7,1,2006,8.736041666666667,9.12,0.3839583333333323,48
7,1,2007,6.878125000000001,8.02,1.1418749999999989,48
7,1,2008,8.240145833333333,10.394,2.153854166666667,48
7,1,2009,10.0575,12.08,2.022500000000001,48
7,1,2011,9.071354166666667,9.583,0.5116458333333327,48
7,1,2012,9.437875,9.903,0.46512500000000045,48
7,1,2013,9.162708333333333,9.509,0.34629166666666755,48
7,1,2014,7.406645833333333,7.97,0.5633541666666666,48
7,1,2015,10.801354166666666,12.195,1.3936458333333341,48
7,1,2016,7.159833333333333,7.594,0.43416666666666703,48
7,2,2001,7.33125,8.25,0.9187500000000002,96
7,2,2002,7.044583333333334,7.57,0.5254166666666666,48
7,2,2005,7.834583333333334,8.32,0.4854166666666666,48
7,2,2006,8.826041666666667,9.12,0.29395833333333243,48
7,2,2007,7.730625,10.05,2.319375000000001,48
7,2,2008,8.62525,10.075,1.4497499999999999,48
7,2,2009,9.60125,11.21,1.6087500000000006,48
7,2,2011,8.658354166666667,9.534,0.8756458333333335,48
7,2,2012,9.6741875,10.394,0.7198124999999997,48
7,2,2013,8.9889375,9.558,0.5690624999999994,48
7,2,2014,7.4442916666666665,8.07,0.6257083333333338,48
7,2,2015,9.4470833333333335,10.834,1.3869166666666661,48
7,2,2016,7.146645833333333,7.569,0.4223541666666666,48
7,3,2001,7.425625,8.72,1.2943750000000005,96
7,3,2002,7.399791666666666,8.03,0.630208333333333,48
7,3,2005,8.742708333333333,9.86,1.1172916666666666,48
7,3,2006,8.704166666666667,8.96,0.25583333333333336,48
7,3,2007,7.071666666666667,8.89,1.8183333333333334,48
7,3,2008,8.270916666666666,9.632,1.3610833333333332,48
7,3,2009,8.601875,10.06,1.4581250000000008,48
7,3,2011,8.251666666666667,9.139,0.8873333333333324,48
7,3,2012,9.570770833333333,10.565,0.9942291666666669,48
7,3,2013,9.335541666666666,9.977,0.6414583333333344,48
7,3,2014,7.2155,7.519,0.30350000000000055,48
7,3,2015,9.896166666666666,11.029,1.132833333333334,48
7,3,2016,7.2184375,8.319,1.1005625000000006,48
7,4,2001,7.7127083333333335,8.87,1.1572916666666657,96
7,4,2002,7.590208333333333,8.19,0.5997916666666665,48
7,4,2005,8.98125,10.33,1.3487500000000008,48
7,4,2006,8.746041666666667,8.96,0.21395833333333414,48
7,4,2007,6.6727083333333335,7.15,0.4772916666666669,48
7,4,2008,8.197375,9.829,1.6316250000000014,48
7,4,2009,8.519791666666666,9.49,0.9702083333333338,48
7,4,2011,7.914770833333333,8.866,0.9512291666666668,48
7,4,2012,9.431145833333334,9.952,0.5208541666666662,96
7,4,2013,8.966166666666666,9.903,0.9368333333333343,48
7,4,2014,7.1037083333333335,7.343,0.23929166666666646,48
7,4,2015,9.6179375,11.419,1.8010625000000005,48
7,4,2016,7.573666666666667,8.17,0.5963333333333329,48
7,5,2001,7.593541666666667,9.03,1.4364583333333325,96
7,5,2002,7.402291666666667,7.72,0.31770833333333304,48
7,5,2005,8.005208333333334,10.02,2.0147916666666656,48
7,5,2006,8.584375,8.81,0.22562500000000085,48
7,5,2007,6.545833333333333,6.86,0.3141666666666669,48
7,5,2008,8.2065625,9.829,1.6224375000000002,48
7,5,2009,8.973125,9.49,0.5168750000000006,48
7,5,2011,8.385979166666667,9.312,0.9260208333333324,48
7,5,2012,9.525354166666666,10.271,0.7456458333333345,96
7,5,2013,9.024375,9.534,0.5096250000000015,48
7,5,2014,7.4091458333333335,8.419,1.009854166666667,48
7,5,2015,9.159625,11.346,2.186375,48
7,5,2016,7.7886041666666666,8.568,0.7793958333333331,48
7,6,2001,7.10625,7.94,0.8337500000000002,96
7,6,2002,8.529791666666666,11.28,2.750208333333333,48
7,6,2005,7.265,8.32,1.0550000000000006,48
7,6,2006,8.353125,8.65,0.296875,48
7,6,2007,6.57,7.15,0.5800000000000001,48
7,6,2008,7.882291666666666,8.717,0.8347083333333343,48
7,6,2009,9.231666666666667,10.64,1.4083333333333332,48
7,6,2011,8.518229166666666,9.509,0.9907708333333343,48
7,6,2012,10.085770833333333,11.565,1.4792291666666664,96
7,6,2013,9.0544375,9.485,0.43056249999999885,48
7,6,2014,8.219020833333333,10.1,1.8809791666666662,48
7,6,2015,9.082583333333334,11.102,2.0194166666666664,48
7,6,2016,7.996625,8.965,0.968375,48
7,7,2001,6.737708333333334,7.01,0.27229166666666593,96
7,7,2002,8.95,10.05,1.1000000000000014,48
7,7,2005,9.170833333333333,10.48,1.309166666666668,48
7,7,2006,8.346874999999999,8.65,0.3031250000000014,48
7,7,2007,6.793541666666667,7.44,0.6464583333333334,48
7,7,2008,7.7759583333333335,9.015,1.239041666666667,48
7,7,2009,8.421041666666667,10.93,2.5089583333333323,48
7,7,2011,8.1475625,9.386,1.2384374999999999,48
7,7,2012,9.786333333333333,10.565,0.7786666666666662,96
7,7,2013,8.999791666666667,9.41,0.4102083333333333,48
7,7,2014,7.7385625,8.891,1.1524375000000004,48
7,7,2015,8.581291666666667,10.173,1.591708333333333,48
7,7,2016,7.926020833333333,9.139,1.212979166666666,48
7,8,2001,6.922083333333333,7.63,0.7079166666666667,96
7,8,2002,8.455625,9.58,1.1243750000000006,48
7,8,2005,8.188125,9.86,1.671875,48
7,8,2006,8.485625,8.81,0.32437499999999986,48
7,8,2007,7.107708333333334,7.73,0.6222916666666665,48
7,8,2008,7.786604166666667,8.469,0.6823958333333326,48
7,8,2009,7.802083333333333,8.91,1.107916666666667,48
7,8,2011,8.948416666666667,10.345,1.396583333333334,48
7,8,2012,9.899729166666667,10.907,1.0072708333333331,96
7,8,2013,9.059,9.583,0.5240000000000009,48
7,8,2014,6.9766875,7.795,0.8183125000000002,48
7,8,2015,8.188458333333333,9.706,1.5175416666666663,48
7,8,2016,9.764020833333333,11.734,1.9699791666666666,48
7,9,2001,6.789166666666667,7.63,0.8408333333333333,96
7,9,2002,8.145208333333333,9.58,1.4347916666666674,48
7,9,2005,10.295208333333333,13.27,2.9747916666666665,48
7,9,2006,8.482291666666667,8.96,0.47770833333333407,48
7,9,2007,7.174166666666667,8.02,0.8458333333333323,48
7,9,2008,7.7555625,8.27,0.5144374999999997,48
7,9,2009,8.133750000000001,8.91,0.7762499999999992,48
7,9,2011,8.4936875,9.78,1.2863124999999993,48
7,9,2012,10.196666666666667,10.98,0.7833333333333332,96
7,9,2013,9.183125,10.247,1.0638749999999995,48
7,9,2014,6.687125,6.914,0.22687499999999972,48
7,9,2015,8.740041666666666,10.565,1.824958333333333,48
7,9,2016,11.325354166666667,13.112,1.786645833333333,48
7,10,2001,6.556875,7.17,0.6131250000000001,96
7,10,2002,8.264583333333333,8.81,0.545416666666668,48
7,10,2005,9.848125,13.58,3.7318750000000005,48
7,10,2006,8.2439583333333335,8.65,0.40604166666666686,48
7,10,2007,7.065416666666667,7.73,0.6645833333333337,48
7,10,2008,7.75275,8.195,0.4422500000000005,48
7,10,2009,9.602916666666667,10.93,1.3270833333333325,48
7,10,2011,8.9608125,10.32,1.3591875000000009,48
7,10,2012,10.099958333333333,10.907,0.8070416666666667,96
7,10,2013,9.186083333333334,9.952,0.7659166666666657,48
7,10,2014,6.6659375,7.041,0.3750625000000003,48
7,10,2015,8.955166666666667,10.149,1.1938333333333322,48
7,10,2016,11.689395833333334,14.601,2.9116041666666668,48
7,11,2001,6.536458333333333,7.17,0.6335416666666669,96
7,11,2002,8.826875,10.05,1.2231250000000014,48
7,11,2005,9.007083333333334,12.49,3.482916666666666,48
7,11,2006,8.225416666666666,8.65,0.4245833333333344,48
7,11,2007,7.077500000000001,8.02,0.942499999999999,48
7,11,2008,8.120604166666666,9.163,1.0423958333333339,48
7,11,2009,9.332916666666666,10.35,1.0170833333333338,48
7,11,2011,9.063125,10.614,1.5508750000000013,48
7,11,2012,9.950458333333334,10.712,0.7615416666666661,96
7,11,2013,9.030270833333333,9.312,0.2817291666666666,48
7,11,2014,6.805625,7.444,0.6383749999999999,48
7,11,2015,8.621083333333333,9.829,1.2079166666666676,48
7,11,2016,13.081916666666666,14.792,1.7100833333333334,48
7,12,2001,6.519583333333333,7.01,0.4904166666666665,96
7,12,2002,9.517291666666667,11.13,1.6127083333333339,48
7,12,2005,8.5975,9.4,0.8025000000000002,48
7,12,2006,8.209375,8.5,0.29062500000000036,48
7,12,2007,7.562083333333334,8.32,0.7579166666666666,48
7,12,2008,8.117104166666667,9.287,1.1698958333333334,48
7,12,2009,8.445208333333333,9.78,1.334791666666666,48
7,12,2011,8.7440625,9.854,1.1099374999999991,48
7,12,2012,9.688645833333334,10.516,0.827354166666666,96
7,12,2013,10.19575,10.98,0.7842500000000001,48
7,12,2014,6.922395833333333,7.594,0.6716041666666674,48
7,12,2015,8.793291666666667,9.879,1.0857083333333328,48
7,12,2016,11.737104166666667,13.666,1.9288958333333337,48
7,13,2001,6.679375,7.01,0.3306249999999995,96
7,13,2002,8.930208333333333,10.51,1.579791666666667,48
7,13,2005,7.990208333333333,8.93,0.9397916666666664,48
7,13,2006,8.434166666666666,9.27,0.8358333333333334,48
7,13,2007,7.82375,8.61,0.786249999999999,48
7,13,2008,7.6203125,7.97,0.34968749999999993,48
7,13,2009,8.024583333333334,9.2,1.1754166666666652,48
7,13,2011,8.982854166666666,9.78,0.7971458333333334,48
7,13,2012,9.548041666666666,10.124,0.5759583333333342,48
7,13,2013,10.418875,11.151,0.7321249999999999,48
7,13,2014,6.751375,7.091,0.33962499999999984,48
7,13,2015,8.7690625,9.558,0.7889374999999994,48
7,13,2016,11.601520833333334,13.57,1.9684791666666666,48
7,14,2001,7.103125,7.79,0.6868749999999997,96
7,14,2002,8.394166666666667,9.27,0.8758333333333326,48
7,14,2005,7.3429166666666665,7.71,0.36708333333333343,48
7,14,2006,8.533333333333333,9.12,0.586666666666666,48
7,14,2007,7.997708333333334,8.89,0.8922916666666669,48
7,14,2008,7.331875,7.895,0.5631249999999994,48
7,14,2009,7.850208333333334,8.91,1.0597916666666665,48
7,14,2011,10.173625,11.273,1.0993750000000002,48
7,14,2012,9.429875000000001,9.854,0.4241249999999983,48
7,14,2013,9.751395833333333,10.932,1.180604166666667,48
7,14,2014,6.644270833333334,7.116,0.4717291666666661,48
7,14,2015,8.909166666666666,10.614,1.704833333333335,48
7,14,2016,10.735104166666666,11.856,1.1208958333333339,48
7,15,2001,7.3029166666666665,7.94,0.6370833333333339,96
7,15,2002,8.178541666666666,8.81,0.6314583333333346,48
7,15,2005,7.11625,7.71,0.59375,48
7,15,2006,8.645416666666666,9.42,0.7745833333333341,48
7,15,2007,7.282916666666667,7.73,0.4470833333333335,48
7,15,2008,7.290041666666666,7.569,0.27895833333333364,48
7,15,2009,7.862708333333333,8.63,0.7672916666666678,48
7,15,2011,9.801708333333334,12.195,2.3932916666666664,48
7,15,2012,9.3235,9.46,0.13650000000000162,48
7,15,2013,9.489604166666666,10.32,0.8303958333333341,48
7,15,2014,6.6459166666666665,7.041,0.3950833333333339,48
7,15,2015,8.341166666666666,9.879,1.5378333333333334,48
7,15,2016,8.9364375,10.369,1.4325624999999995,48
7,16,2001,7.053958333333333,7.94,0.8860416666666673,96
7,16,2002,7.948541666666666,8.34,0.39145833333333346,48
7,16,2005,7.156666666666666,7.55,0.39333333333333353,48
7,16,2006,8.7975,9.42,0.6225000000000005,48
7,16,2007,7.288958333333333,8.02,0.7310416666666661,48
7,16,2008,7.4653125,8.07,0.6046875000000007,48
7,16,2009,7.953333333333333,8.63,0.6766666666666676,48
7,16,2011,9.3906875,10.883,1.4923124999999988,48
7,16,2012,9.4935625,9.952,0.4584375000000005,48
7,16,2013,9.365541666666667,10.296,0.9304583333333323,48
7,16,2014,6.9109375,7.494,0.5830624999999996,48
7,16,2015,9.548229166666667,12.025,2.476770833333333,48
7,16,2016,8.417270833333333,9.188,0.7707291666666674,48
7,17,2001,6.827708333333334,7.94,1.1122916666666667,96
7,17,2002,7.977708333333333,8.34,0.3622916666666667,48
7,17,2005,6.997708333333334,7.71,0.7122916666666663,48
7,17,2006,8.648958333333333,9.42,0.7710416666666671,48
7,17,2007,7.397916666666667,8.32,0.9220833333333331,48
7,17,2008,7.465020833333333,7.72,0.25497916666666676,48
7,17,2009,7.657291666666667,8.34,0.6827083333333333,48
7,17,2011,9.194479166666667,10.712,1.5175208333333323,48
7,17,2012,9.754333333333333,10.467,0.7126666666666672,48
7,17,2013,9.0700625,9.657,0.5869374999999994,48
7,17,2014,7.176041666666666,8.02,0.8439583333333331,48
7,17,2015,9.676729166666666,10.907,1.2302708333333339,48
7,17,2016,8.868020833333333,10.001,1.1329791666666669,48
7,18,2001,6.741041666666667,7.48,0.7389583333333336,96
7,18,2002,8.081458333333334,8.81,0.7285416666666666,48
7,18,2005,6.748541666666666,7.24,0.491458333333334,48
7,18,2006,8.577291666666667,8.96,0.38270833333333343,48
7,18,2007,7.519166666666667,8.61,1.0908333333333324,48
7,18,2008,7.402041666666666,7.77,0.36795833333333317,48
7,18,2009,7.5424999999999995,8.05,0.5075000000000012,48
7,18,2011,8.985020833333333,9.854,0.8689791666666657,48
7,18,2012,9.453395833333333,9.903,0.449604166666667,48
7,18,2013,8.793791666666667,9.805,1.0112083333333324,48
7,18,2014,7.259520833333333,8.12,0.860479166666666,48
7,18,2015,9.683875,11.2,1.5161249999999988,48
7,18,2016,8.466104166666666,10.296,1.8298958333333335,48
7,19,2001,7.111875,9.18,2.0681249999999993,96
7,19,2002,8.091666666666667,8.96,0.8683333333333341,48
7,19,2005,6.6187499999999995,7.09,0.4712500000000004,48
7,19,2006,8.887708333333334,9.89,1.0022916666666664,48
7,19,2007,7.592083333333334,8.89,1.2979166666666666,48
7,19,2008,7.495354166666667,8.07,0.5746458333333333,48
7,19,2009,7.488125,8.34,0.8518749999999997,48
7,19,2011,9.3588125,10.051,0.6921874999999993,48
7,19,2012,9.718166666666667,10.565,0.8468333333333327,48
7,19,2013,9.105708333333334,9.657,0.5512916666666658,48
7,19,2014,7.4519166666666665,8.469,1.017083333333333,48
7,19,2015,9.243520833333333,10.541,1.2974791666666672,48
7,19,2016,8.350083333333334,9.657,1.306916666666666,48
7,20,2001,7.409375,9.49,2.0806250000000004,96
7,20,2002,8.891458333333333,10.97,2.078541666666668,48
7,20,2005,6.619166666666667,7.24,0.6208333333333336,48
7,20,2006,9.437291666666667,10.97,1.5327083333333338,48
7,20,2007,7.385625,8.02,0.6343749999999995,48
7,20,2008,7.836333333333333,9.188,1.3516666666666675,48
7,20,2009,8.26625,9.2,0.9337499999999999,48
7,20,2011,9.131729166666666,10.271,1.1392708333333346,48
7,20,2012,9.9895,11.005,1.0155000000000012,48
7,20,2013,9.004791666666666,10.198,1.1932083333333345,48
7,20,2014,7.638583333333333,8.792,1.1534166666666668,48
7,20,2015,9.0866875,9.805,0.7183124999999997,48
7,20,2016,9.142833333333334,10.443,1.3001666666666658,48
7,21,2001,7.626458333333334,9.34,1.713541666666666,96
7,21,2002,9.159583333333334,10.51,1.350416666666666,48
7,21,2005,7.026666666666666,7.86,0.8333333333333339,48
7,21,2006,9.09375,10.04,0.9462499999999991,48
7,21,2007,8.155625,9.76,1.6043749999999992,48
7,21,2008,8.254645833333333,9.262,1.0073541666666674,48
7,21,2009,8.41625,9.49,1.0737500000000004,48
7,21,2011,8.458854166666667,9.188,0.7291458333333338,48
7,21,2012,10.048604166666667,11.078,1.0293958333333322,48
7,21,2013,9.250416666666666,11.151,1.9005833333333335,48
7,21,2014,8.217020833333333,9.657,1.4399791666666673,48
7,21,2015,9.267666666666667,9.952,0.684333333333333,48
7,21,2016,10.344854166666666,12.098,1.7531458333333347,48
7,22,2001,7.176875,8.56,1.3831250000000006,96
7,22,2002,8.736666666666666,10.05,1.3133333333333344,48
7,22,2005,7.39625,8.78,1.3837499999999991,48
7,22,2006,9.12625,9.89,0.7637499999999999,48
7,22,2007,8.989583333333334,10.05,1.0604166666666668,48
7,22,2008,8.690375,9.608,0.917625000000001,48
7,22,2009,8.650833333333333,10.06,1.4091666666666676,48
7,22,2011,8.134916666666667,8.444,0.3090833333333336,48
7,22,2012,10.019270833333334,10.98,0.9607291666666669,48
7,22,2013,9.272354166666666,11.005,1.7326458333333346,48
7,22,2014,8.207520833333334,9.064,0.8564791666666665,48
7,22,2015,9.194479166666667,9.977,0.7825208333333329,48
7,22,2016,9.235020833333333,11.005,1.7699791666666673,48
7,23,2001,6.9437500000000005,7.79,0.8462499999999995,96
7,23,2002,7.947916666666666,8.34,0.3920833333333338,48
7,23,2005,7.351458333333333,8.47,1.1185416666666672,48
7,23,2006,9.074375,10.04,0.9656249999999993,48
7,23,2007,9.535208333333333,11.19,1.6547916666666662,48
7,23,2008,8.429125,9.163,0.7338749999999994,48
7,23,2009,9.42875,10.35,0.9212499999999988,48
7,23,2011,8.483104166666667,9.064,0.580895833333333,48
7,23,2012,9.512416666666667,10.026,0.5135833333333331,48
7,23,2013,8.941041666666667,9.879,0.9379583333333326,48
7,23,2014,8.079291666666666,8.742,0.6627083333333346,48
7,23,2015,10.016187500000001,10.638,0.621812499999999,48
7,23,2016,8.52825,9.336,0.8077500000000004,48
7,24,2001,6.675625,7.63,0.9543749999999998,96
7,24,2002,8.2752083333333335,9.12,0.8447916666666657,48
7,24,2005,7.919583333333334,9.24,1.3204166666666666,48
7,24,2006,9.289375,10.35,1.060625,48
7,24,2007,9.834375,11.48,1.6456250000000008,48
7,24,2008,8.591833333333334,9.015,0.4231666666666669,48
7,24,2009,12.622708333333334,15.26,2.637291666666666,48
7,24,2011,8.4914375,8.817,0.3255625000000002,48
7,24,2012,9.072854166666668,9.608,0.535145833333333,48
7,24,2013,9.280416666666667,10.663,1.3825833333333328,48
7,24,2014,8.4236458333333335,9.534,1.1103541666666672,48
7,24,2015,9.934229166666666,11.127,1.1927708333333342,48
7,24,2016,9.435291666666666,11.273,1.8377083333333335,48
7,25,2001,6.591666666666667,7.48,0.8883333333333336,96
7,25,2002,8.998541666666666,10.36,1.3614583333333332,48
7,25,2005,7.742291666666667,10.33,2.5877083333333335,48
7,25,2006,9.550416666666667,11.13,1.5795833333333338,48
7,25,2007,9.693125,10.62,0.926874999999999,48
7,25,2008,8.304083333333333,8.817,0.5129166666666674,48
7,25,2009,12.710833333333333,14.68,1.9691666666666663,48
7,25,2011,8.554770833333333,8.965,0.4102291666666673,48
7,25,2012,9.059979166666666,9.583,0.5230208333333337,48
7,25,2013,11.6169375,13.233,1.6160625,48
7,25,2014,8.635291666666667,9.805,1.1697083333333325,48
7,25,2015,10.6110625,12.461,1.8499375000000011,48
7,25,2016,9.652208333333334,11.565,1.9127916666666653,48
7,26,2001,6.843541666666667,7.94,1.0964583333333335,96
7,26,2002,9.053125,10.97,1.916875000000001,48
7,26,2005,6.841666666666667,8.17,1.3283333333333331,48
7,26,2006,9.090625,10.2,1.109375,48
7,26,2007,8.592083333333333,9.47,0.8779166666666676,48
7,26,2008,8.368479166666667,9.089,0.7205208333333335,48
7,26,2009,11.336458333333333,14.39,3.0535416666666677,48
7,26,2011,8.421916666666666,8.817,0.3950833333333339,48
7,26,2012,9.4516875,10.198,0.7463125000000002,48
7,26,2013,13.710729166666667,18.557,4.846270833333332,48
7,26,2014,8.359916666666667,9.485,1.1250833333333325,48
7,26,2015,9.992875,11.686,1.6931250000000002,48
7,26,2016,8.9054375,9.952,1.0465625000000003,48
7,27,2001,8.007291666666667,9.8,1.7927083333333336,96
7,27,2002,8.711041666666667,10.51,1.7989583333333332,48
7,27,2005,7.244791666666667,8.01,0.7652083333333328,48
7,27,2006,8.713541666666668,9.27,0.5564583333333317,48
7,27,2007,7.973333333333334,8.89,0.916666666666667,48
7,27,2008,8.0704375,8.344,0.2735624999999988,48
7,27,2009,8.925,12.08,3.1549999999999994,48
7,27,2011,8.153958333333334,8.693,0.539041666666666,48
7,27,2012,9.501270833333333,10.492,0.990729166666668,48
7,27,2013,12.360875,16.725,4.364125000000001,48
7,27,2014,8.0430625,9.386,1.3429374999999997,48
7,27,2015,9.280479166666666,10.59,1.309520833333334,48
7,27,2016,9.6870625,12.292,2.6049375,48
7,28,2001,7.85875,9.49,1.6312500000000005,96
7,28,2002,7.98125,8.81,0.8287500000000003,48
7,28,2005,7.155208333333333,8.32,1.164791666666667,48
7,28,2006,8.4075,8.81,0.40249999999999986,48
7,28,2007,7.62125,8.02,0.3987499999999997,48
7,28,2008,7.921916666666666,8.469,0.5470833333333331,48
7,28,2009,8.301875,9.78,1.4781249999999986,48
7,28,2011,8.610541666666666,10.001,1.3904583333333331,48
7,28,2012,9.75625,11.248,1.4917499999999997,48
7,28,2013,11.38475,12.871,1.48625,48
7,28,2014,7.7689375,8.618,0.8490625000000005,48
7,28,2015,9.332354166666667,10.492,1.1596458333333342,48
7,28,2016,9.620645833333333,11.029,1.4083541666666672,48
7,29,2001,7.380833333333333,8.41,1.0291666666666668,96
7,29,2002,7.89375,8.5,0.6062500000000002,48
7,29,2005,7.22625,8.01,0.7837499999999995,48
7,29,2006,8.056041666666665,8.34,0.2839583333333344,48
7,29,2007,7.54875,7.73,0.18125000000000036,48
7,29,2008,8.135854166666666,8.693,0.5571458333333332,48
7,29,2009,8.793958333333334,9.78,0.9860416666666652,48
7,29,2011,8.748583333333334,10.198,1.4494166666666661,48
7,29,2012,10.158166666666666,11.516,1.3578333333333337,48
7,29,2013,11.262583333333334,13.473,2.210416666666667,48
7,29,2014,7.5155625,8.319,0.8034375000000011,48
7,29,2015,9.593375,11.37,1.7766249999999992,48
7,29,2016,9.373666666666667,11.005,1.631333333333334,48
7,30,2001,7.290625,8.25,0.9593749999999996,96
7,30,2002,7.841666666666667,8.65,0.8083333333333336,48
7,30,2005,7.09,8.01,0.9199999999999999,48
7,30,2006,8.353958333333333,8.96,0.6060416666666679,48
7,30,2007,7.572916666666667,8.02,0.4470833333333326,48
7,30,2008,8.459479166666666,9.262,0.8025208333333342,48
7,30,2009,8.56625,9.78,1.2137499999999992,48
7,30,2011,8.390770833333333,9.04,0.6492291666666663,48
7,30,2012,10.409354166666667,12.92,2.5106458333333332,48
7,30,2013,10.914916666666667,11.953,1.0380833333333328,48
7,30,2014,7.547083333333333,8.02,0.47291666666666643,48
7,30,2015,9.614895833333334,11.127,1.512104166666667,48
7,30,2016,10.274708333333333,12.389,2.1142916666666665,48
7,31,2001,7.293333333333333,8.25,0.956666666666667,96
7,31,2002,8.252291666666666,9.43,1.1777083333333334,48
7,31,2005,7.429166666666667,8.32,0.8908333333333331,48
7,31,2006,8.765625,9.58,0.8143750000000001,48
7,31,2007,7.561875000000001,8.89,1.328125,48
7,31,2008,8.316666666666666,9.336,1.0193333333333339,48
7,31,2009,8.338125,9.2,0.8618749999999995,48
7,31,2011,8.550604166666666,9.46,0.9093958333333347,48
7,31,2012,10.101333333333333,12.025,1.9236666666666675,48
7,31,2013,11.131583333333333,12.461,1.329416666666667,48
7,31,2014,7.927020833333334,8.717,0.7899791666666669,48
7,31,2015,9.147666666666666,10.051,0.9033333333333342,48
7,31,2016,10.230458333333333,11.832,1.6015416666666678,48
8,1,2001,7.51,8.56,1.0500000000000007,96
8,1,2002,9.06875,10.36,1.2912499999999998,48
8,1,2005,6.963958333333333,7.86,0.8960416666666671,48
8,1,2006,8.302083333333334,9.27,0.9679166666666656,48
8,1,2007,7.99875,9.47,1.4712500000000004,48
8,1,2008,8.14075,9.558,1.4172499999999992,48
8,1,2009,8.271875,9.78,1.5081249999999997,48
8,1,2011,9.17825,10.492,1.3137500000000006,48
8,1,2012,9.876333333333333,12.413,2.536666666666667,48
8,1,2013,10.762291666666666,11.394,0.631708333333334,48
8,1,2014,7.9716875,8.717,0.7453125000000007,48
8,1,2015,9.154416666666666,10.1,0.9455833333333334,48
8,1,2016,10.227229166666667,12.05,1.8227708333333332,48
8,2,2001,7.987708333333333,9.49,1.5022916666666672,96
8,2,2002,9.208541666666667,10.2,0.9914583333333322,48
8,2,2005,7.22625,8.01,0.7837499999999995,48
8,2,2006,8.154791666666666,8.5,0.3452083333333338,48
8,2,2007,7.627916666666667,9.18,1.552083333333333,48
8,2,2008,8.60375,9.879,1.2752499999999998,48
8,2,2009,8.134166666666667,8.91,0.7758333333333329,48
8,2,2011,8.794,9.509,0.7149999999999999,48
8,2,2012,9.804604166666667,10.761,0.9563958333333318,48
8,2,2013,10.276479166666666,11.248,0.971520833333333,48
8,2,2014,7.8309999999999995,8.444,0.6130000000000013,48
8,2,2015,9.118708333333334,10.026,0.9072916666666657,48
8,2,2016,10.927020833333334,13.088,2.1609791666666656,48
8,3,2001,7.455208333333333,9.03,1.5747916666666661,96
8,3,2002,8.400833333333333,9.27,0.8691666666666666,48
8,3,2005,7.711458333333334,8.63,0.918541666666667,48
8,3,2006,8.136458333333334,8.65,0.5135416666666668,48
8,3,2007,7.373541666666667,8.02,0.6464583333333325,48
8,3,2008,9.380020833333333,10.712,1.3319791666666667,48
8,3,2009,7.874791666666667,8.63,0.7552083333333339,48
8,3,2011,9.2405,10.687,1.4464999999999986,48
8,3,2012,9.953979166666667,11.175,1.221020833333334,48
8,3,2013,9.857833333333334,10.663,0.8051666666666666,48
8,3,2014,8.072125,8.668,0.5958749999999995,48
8,3,2015,8.756604166666667,9.558,0.8013958333333324,48
8,3,2016,11.105166666666667,13.473,2.3678333333333335,48
8,4,2001,7.151458333333333,8.1,0.9485416666666664,96
8,4,2002,8.290416666666667,8.96,0.6695833333333336,48
8,4,2005,7.7179166666666665,8.93,1.2120833333333332,48
8,4,2006,8.845,9.89,1.045,48
8,4,2007,7.530833333333334,8.89,1.3591666666666669,48
8,4,2008,9.861708333333333,11.127,1.265291666666668,48
8,4,2009,7.826458333333333,8.34,0.5135416666666668,48
8,4,2011,9.808083333333334,11.37,1.561916666666665,48
8,4,2012,9.9168125,10.712,0.795187499999999,96
8,4,2013,10.040979166666666,11.127,1.0860208333333343,48
8,4,2014,8.476666666666667,9.608,1.131333333333334,48
8,4,2015,8.2623125,9.262,0.9996875000000003,48
8,4,2016,10.777979166666666,12.968,2.1900208333333335,48
8,5,2001,8.042083333333334,9.8,1.7579166666666666,96
8,5,2002,8.610416666666666,9.43,0.819583333333334,48
8,5,2005,7.295833333333333,8.78,1.484166666666666,48
8,5,2006,8.787083333333333,9.42,0.6329166666666666,48
8,5,2007,8.221666666666668,9.18,0.9583333333333321,48
8,5,2008,11.337645833333333,13.161,1.8233541666666664,48
8,5,2009,7.772083333333334,8.05,0.27791666666666703,48
8,5,2011,10.700416666666667,12.558,1.8575833333333325,48
8,5,2012,10.330291666666668,11.54,1.2097083333333316,96
8,5,2013,10.298916666666667,11.637,1.3380833333333335,48
8,5,2014,8.842041666666667,10.467,1.6249583333333337,48
8,5,2015,8.177020833333334,9.015,0.8379791666666669,48
8,5,2016,10.078333333333333,11.492,1.4136666666666677,48
8,6,2001,8.055,9.18,1.125,96
8,6,2002,8.43625,9.27,0.8337500000000002,48
8,6,2005,7.10375,7.86,0.7562500000000005,48
8,6,2006,8.9627083333333335,10.2,1.2372916666666658,48
8,6,2007,7.6397916666666665,8.32,0.6802083333333337,48
8,6,2008,11.229395833333333,13.738,2.5086041666666663,48
8,6,2009,7.911041666666667,8.34,0.4289583333333331,48
8,6,2011,10.923166666666667,13.449,2.525833333333333,48
8,6,2012,9.6284375,10.492,0.8635625000000005,96
8,6,2013,11.329958333333334,12.606,1.276041666666666,48
8,6,2014,8.748833333333334,10.001,1.2521666666666658,48
8,6,2015,8.3866875,9.485,1.0983124999999987,48
8,6,2016,9.252625,10.149,0.896374999999999,48
8,7,2001,7.21875,7.94,0.7212500000000004,96
8,7,2002,10.262173913043478,13.3,3.037826086956523,46
8,7,2005,7.274791666666666,7.86,0.585208333333334,48
8,7,2006,8.861041666666667,9.89,1.0289583333333336,48
8,7,2007,7.847708333333333,8.89,1.0422916666666673,48
8,7,2008,10.4919375,12.606,2.1140624999999993,48
8,7,2009,8.085416666666667,8.91,0.824583333333333,48
8,7,2011,10.498979166666667,12.509,2.010020833333334,48
8,7,2012,10.234458333333333,11.589,1.3545416666666679,96
8,7,2013,10.003333333333334,11.807,1.8036666666666665,48
8,7,2014,9.057833333333333,10.467,1.4091666666666676,48
8,7,2015,9.2381875,9.952,0.7138124999999995,48
8,7,2016,8.770416666666666,9.336,0.5655833333333344,48
8,8,2001,7.719791666666667,9.34,1.6202083333333333,96
8,8,2002,9.935,11.06,1.125,22
8,8,2005,6.915777777777778,7.86,0.9442222222222227,45
8,8,2006,8.749375,9.12,0.37062499999999865,48
8,8,2007,7.799375,8.61,0.810624999999999,48
8,8,2008,9.270729166666667,10.394,1.1232708333333328,48
8,8,2009,8.542708333333334,10.06,1.517291666666667,48
8,8,2011,9.204583333333334,9.854,0.6494166666666654,48
8,8,2012,10.2189375,11.248,1.0290625000000002,96
8,8,2013,9.379833333333334,10.59,1.210166666666666,48
8,8,2014,9.623833333333334,11.248,1.6241666666666656,48
8,8,2015,9.303291666666667,10.198,0.8947083333333339,48
8,8,2016,9.548333333333334,11.248,1.6996666666666655,48
8,9,2001,8.348958333333334,9.49,1.1410416666666663,96
8,9,2002,10.565833333333334,13.09,2.524166666666666,48
8,9,2005,6.80625,7.31,0.5037499999999993,48
8,9,2006,8.968125,9.73,0.7618749999999999,48
8,9,2007,8.679375,10.33,1.6506249999999998,48
8,9,2008,9.23325,10.32,1.0867500000000003,48
8,9,2009,8.133750000000001,8.91,0.7762499999999992,48
8,9,2011,9.098479166666667,9.952,0.8535208333333326,48
8,9,2012,9.925458333333333,10.785,0.8595416666666669,96
8,9,2013,9.202395833333334,9.928,0.7256041666666668,48
8,9,2014,10.079145833333333,12.195,2.115854166666667,48
8,9,2015,9.840208333333333,12.63,2.789791666666668,48
8,9,2016,9.910104166666667,11.321,1.410895833333333,48
8,10,2001,7.435625,8.56,1.1243750000000006,96
8,10,2002,9.802083333333334,12.31,2.5079166666666666,48
8,10,2005,6.644583333333333,7.15,0.5054166666666671,48
8,10,2006,8.983541666666667,10.2,1.2164583333333319,48
8,10,2007,8.372916666666667,9.18,0.8070833333333329,48
8,10,2008,10.20425,12.268,2.0637500000000006,48
8,10,2009,7.76,8.05,0.2900000000000009,48
8,10,2011,9.600166666666667,10.858,1.257833333333334,48
8,10,2012,9.829020833333333,10.32,0.4909791666666674,96
8,10,2013,8.923416666666666,9.509,0.585583333333334,48
8,10,2014,9.663,12.316,2.6530000000000005,48
8,10,2015,9.959916666666667,12.147,2.1870833333333337,48
8,10,2016,9.374333333333334,10.32,0.945666666666666,48
8,11,2001,7.432291666666667,8.56,1.1277083333333335,96
8,11,2002,9.156458333333333,10.44,1.2835416666666664,48
8,11,2005,6.6033333333333335,7,0.3966666666666665,48
8,11,2006,8.884791666666667,9.89,1.005208333333334,48
8,11,2007,8.81,10.33,1.5199999999999996,48
8,11,2008,10.910375,13.112,2.201625,48
8,11,2009,7.905,8.63,0.7250000000000005,48
8,11,2011,9.394708333333334,11.394,1.9992916666666662,48
8,11,2012,9.863104166666666,10.124,0.26089583333333444,96
8,11,2013,9.048416666666666,10.149,1.1005833333333328,48
8,11,2014,9.610416666666667,11.2,1.5895833333333318,48
8,11,2015,9.479625,11.127,1.6473750000000003,48
8,11,2016,9.15025,9.608,0.45775000000000077,48
8,12,2001,7.867916666666667,9.8,1.9320833333333338,96
8,12,2002,8.949166666666667,10.29,1.3408333333333324,48
8,12,2004,7.627142857142857,8.19,0.5628571428571423,21
8,12,2005,6.68125,7.77,1.0887499999999992,48
8,12,2006,9.582916666666666,11.28,1.6970833333333335,48
8,12,2007,8.598125,10.33,1.7318750000000005,48
8,12,2008,11.432166666666667,13.93,2.4978333333333325,48
8,12,2009,8.266458333333334,9.2,0.9335416666666649,48
8,12,2011,10.365729166666666,12.243,1.877270833333334,48
8,12,2012,9.7593125,10.443,0.6836874999999996,96
8,12,2013,9.423666666666668,10.222,0.798333333333332,48
8,12,2014,9.415708333333333,11.151,1.735291666666667,48
8,12,2015,8.88475,9.756,0.8712499999999999,48
8,12,2016,9.477145833333333,9.854,0.37685416666666605,48
8,13,2001,7.946041666666667,9.34,1.393958333333333,96
8,13,2002,8.526666666666667,9.35,0.8233333333333324,48
8,13,2004,7.541875,8.19,0.6481249999999994,48
8,13,2005,6.89125,7.62,0.7287499999999998,48
8,13,2006,10.398125,13.3,2.9018750000000004,48
8,13,2007,8.265625,9.47,1.2043750000000006,48
8,13,2008,12.081958333333333,13.618,1.5360416666666676,48
8,13,2009,8.272291666666668,10.06,1.7877083333333328,48
8,13,2011,11.465208333333333,13.233,1.7677916666666675,48
8,13,2012,9.745125,10.1,0.35487499999999983,48
8,13,2013,9.304083333333333,10.001,0.6969166666666666,48
8,13,2014,10.222520833333334,12.461,2.238479166666666,48
8,13,2015,8.641354166666666,9.903,1.2616458333333345,48
8,13,2016,9.997729166666666,11.078,1.0802708333333335,48
8,14,2001,7.956041666666667,9.49,1.5339583333333335,96
8,14,2002,8.6779166666666665,9.98,1.302083333333334,48
8,14,2004,7.2025,7.72,0.5175000000000001,48
8,14,2005,6.725208333333334,7.46,0.7347916666666663,48
8,14,2006,10.758958333333334,13.3,2.5410416666666666,48
8,14,2007,8.899375000000001,9.76,0.8606249999999989,48
8,14,2008,12.329895833333333,14.218,1.8881041666666665,48
8,14,2009,8.182708333333334,8.91,0.727291666666666,48
8,14,2011,11.477416666666667,13.762,2.284583333333334,48
8,14,2012,10.143166666666668,11.005,0.8618333333333332,48
8,14,2013,9.060458333333333,9.805,0.7445416666666667,48
8,14,2014,8.427104166666666,10.492,2.0648958333333347,48
8,14,2015,9.2436875,10.247,1.0033124999999998,48
8,14,2016,10.227520833333333,10.98,0.7524791666666673,48
8,15,2001,8.071875,9.65,1.578125,96
8,15,2002,8.68125,9.51,0.8287499999999994,48
8,15,2004,7.095625,7.72,0.6243749999999997,48
8,15,2005,7.970625,9.31,1.3393750000000004,48
8,15,2006,8.74875,9.58,0.8312500000000007,48
8,15,2007,8.191458333333333,9.47,1.2785416666666674,48
8,15,2008,10.790416666666667,13.353,2.5625833333333325,48
8,15,2009,8.3029166666666665,8.91,0.6070833333333336,48
8,15,2011,12.369104166666666,17.772,5.402895833333332,48
8,15,2012,10.729770833333333,11.637,0.9072291666666672,48
8,15,2013,9.1908125,10.32,1.1291875000000005,48
8,15,2014,9.203770833333333,11.419,2.215229166666667,48
8,15,2015,9.111958333333334,10.247,1.135041666666666,48
8,15,2016,10.827875,12.413,1.5851249999999997,48
8,16,2001,7.8225,9.18,1.3575,96
8,16,2002,8.560416666666667,9.04,0.47958333333333236,48
8,16,2004,7.997083333333333,9.12,1.122916666666666,48
8,16,2005,8.299375,9.63,1.3306250000000013,48
8,16,2006,8.552708333333333,9.58,1.0272916666666667,48
8,16,2007,8.282708333333334,9.18,0.8972916666666659,48
8,16,2008,10.452208333333333,12.122,1.6697916666666668,48
8,16,2009,8.308541666666667,9.2,0.8914583333333326,48
8,16,2011,15.700854166666666,18.176,2.4751458333333325,48
8,16,2012,10.6620625,11.953,1.2909375,48
8,16,2013,9.604645833333333,11.394,1.7893541666666675,48
8,16,2014,10.804916666666667,11.88,1.0750833333333336,48
8,16,2015,9.245291666666667,10.345,1.099708333333334,48
8,16,2016,11.610458333333334,12.509,0.8985416666666666,48
8,17,2001,7.503125,8.72,1.2168750000000008,96
8,17,2002,8.620833333333334,9.67,1.0491666666666664,48
8,17,2004,8.452083333333333,9.89,1.437916666666668,48
8,17,2005,7.806041666666666,9.16,1.3539583333333338,48
8,17,2006,9.042083333333334,10.51,1.4679166666666656,48
8,17,2007,8.024166666666666,8.89,0.8658333333333346,48
8,17,2008,9.98125,11.419,1.4377500000000012,48
8,17,2009,8.327291666666667,8.91,0.5827083333333327,48
8,17,2011,16.561208333333333,18.271,1.7097916666666677,48
8,17,2012,10.880354166666667,12.268,1.387645833333334,48
8,17,2013,9.189583333333333,10.124,0.9344166666666673,48
8,17,2014,11.425333333333333,12.243,0.8176666666666677,48
8,17,2015,9.838125,10.785,0.9468750000000004,48
8,17,2016,11.1539375,12.558,1.4040625000000002,48
8,18,2001,7.442083333333334,8.25,0.8079166666666664,96
8,18,2002,9.17125,10.13,0.9587500000000002,48
8,18,2004,8.135833333333332,8.96,0.8241666666666685,48
8,18,2005,7.852083333333333,8.7,0.8479166666666664,48
8,18,2006,8.671875,9.58,0.9081250000000001,48
8,18,2007,9.755833333333333,11.77,2.014166666666666,48
8,18,2008,10.524979166666666,12.025,1.500020833333334,48
8,18,2009,8.308541666666667,8.91,0.6014583333333334,48
8,18,2011,14.695020833333333,17.082,2.386979166666668,48
8,18,2012,10.628520833333333,11.929,1.3004791666666673,48
8,18,2013,9.106708333333334,9.952,0.8452916666666663,48
8,18,2014,11.33475,12.461,1.1262500000000006,48
8,18,2015,9.685104166666667,10.59,0.9048958333333328,48
8,18,2016,10.9245625,13.618,2.6934375,48
8,19,2001,7.300625,8.1,0.7993749999999995,96
8,19,2002,9.526041666666666,10.29,0.7639583333333331,48
8,19,2004,7.990625,8.65,0.6593750000000007,48
8,19,2005,8.163958333333333,10.41,2.2460416666666667,48
8,19,2006,8.165,9.42,1.2550000000000008,48
8,19,2007,10.661458333333334,12.93,2.268541666666666,48
8,19,2008,9.757020833333334,11.419,1.6619791666666668,48
8,19,2009,8.325,9.49,1.165000000000001,48
8,19,2011,12.234895833333333,15.223,2.988104166666668,48
8,19,2012,10.588875,11.71,1.121125000000001,48
8,19,2013,8.956520833333334,10.051,1.094479166666666,48
8,19,2014,11.268666666666666,12.461,1.192333333333334,48
8,19,2015,9.604854166666668,10.565,0.9601458333333319,48
8,19,2016,10.8930625,11.807,0.9139375000000012,48
8,20,2001,7.716458333333334,9.03,1.3135416666666657,96
8,20,2002,9.449166666666667,10.29,0.8408333333333324,48
8,20,2004,7.9325,8.96,1.0275000000000007,48
8,20,2005,7.649166666666667,9.16,1.5108333333333333,48
8,20,2006,8.276458333333332,8.96,0.6835416666666685,48
8,20,2007,9.696458333333334,12.64,2.9435416666666665,48
8,20,2008,10.566541666666666,12.823,2.2564583333333346,48
8,20,2009,8.481666666666667,9.49,1.0083333333333329,48
8,20,2011,11.360291666666667,13.185,1.8247083333333336,48
8,20,2012,10.657020833333334,12.316,1.6589791666666667,48
8,20,2013,8.989854166666667,9.78,0.790145833333332,48
8,20,2014,10.29775,12.364,2.06625,48
8,20,2015,9.6345833333333335,10.516,0.8814166666666665,48
8,20,2016,10.6125,12.413,1.8004999999999995,48
8,21,2001,7.5875,9.03,1.442499999999999,96
8,21,2002,9.758541666666666,11.37,1.6114583333333332,48
8,21,2004,7.765,8.19,0.4249999999999998,48
8,21,2005,7.825208333333333,10.09,2.2647916666666665,48
8,21,2006,8.828958333333333,9.58,0.7510416666666675,48
8,21,2007,9.096458333333333,11.19,2.093541666666667,48
8,21,2008,10.564666666666668,13.016,2.4513333333333325,48
8,21,2009,8.457916666666668,9.78,1.3220833333333317,48
8,21,2011,10.633229166666666,12.098,1.4647708333333345,48
8,21,2012,10.199,11.151,0.952,48
8,21,2013,9.6686875,10.541,0.8723124999999996,48
8,21,2014,9.7668125,11.127,1.3601875000000003,48
8,21,2015,9.782708333333334,10.98,1.1972916666666666,48
8,21,2016,10.34975,11.516,1.1662499999999998,48
8,22,2001,7.925833333333333,9.8,1.8741666666666674,96
8,22,2002,9.791458333333333,11.37,1.5785416666666663,48
8,22,2004,7.752291666666666,8.34,0.5877083333333335,48
8,22,2005,7.770416666666667,9.31,1.5395833333333337,48
8,22,2006,8.92375,9.42,0.49624999999999986,48
8,22,2007,8.72875,10.33,1.6012500000000003,48
8,22,2008,9.473333333333333,10.932,1.4586666666666677,48
8,22,2009,8.248541666666666,8.91,0.6614583333333339,48
8,22,2011,9.9854375,10.907,0.9215625000000003,48
8,22,2012,10.2570625,11.005,0.7479375000000008,48
8,22,2013,9.672354166666667,10.565,0.8926458333333329,48
8,22,2014,10.121104166666667,11.053,0.9318958333333338,48
8,22,2015,9.758666666666667,10.541,0.7823333333333338,48
8,22,2016,9.972458333333334,11.078,1.1055416666666655,48
8,23,2001,8.744166666666667,10.89,2.145833333333334,96
8,23,2002,10.105416666666667,14.95,4.844583333333333,48
8,23,2004,8.378125,9.43,1.051874999999999,48
8,23,2005,8.366666666666667,10.09,1.7233333333333327,48
8,23,2006,9.186666666666667,10.2,1.0133333333333319,48
8,23,2007,8.656666666666666,10.33,1.6733333333333338,48
8,23,2008,9.190229166666667,10.663,1.4727708333333336,48
8,23,2009,8.72875,9.78,1.0512499999999996,48
8,23,2011,10.37075,12.413,2.042250000000001,48
8,23,2012,10.3456875,11.637,1.2913125,48
8,23,2013,9.574604166666667,11.175,1.6003958333333337,48
8,23,2014,11.267854166666666,12.871,1.6031458333333344,48
8,23,2015,10.658041666666668,12.001,1.342958333333332,48
8,23,2016,10.648104166666666,13.329,2.6808958333333344,48
8,24,2001,8.772916666666667,11.2,2.427083333333332,96
8,24,2002,11.106875,13.4,2.293125,48
8,24,2004,8.129166666666666,10.51,2.3808333333333334,48
8,24,2005,9.191875,10.56,1.368125000000001,48
8,24,2006,9.607083333333334,10.97,1.362916666666667,48
8,24,2007,8.319166666666668,9.18,0.860833333333332,48
8,24,2008,8.9801875,10.785,1.8048125000000006,48
8,24,2009,9.189166666666667,10.93,1.7408333333333328,48
8,24,2011,10.142125,12.05,1.9078750000000007,48
8,24,2012,10.2054375,11.078,0.872562499999999,48
8,24,2013,10.3435,11.248,0.9044999999999987,48
8,24,2014,11.001458333333334,12.292,1.290541666666666,48
8,24,2015,11.309708333333333,12.534,1.2242916666666677,48
8,24,2016,12.007916666666667,13.786,1.778083333333333,48
8,25,2001,9.845416666666667,12.91,3.064583333333333,96
8,25,2002,11.380833333333333,14.48,3.099166666666667,48
8,25,2004,8.33625,9.58,1.2437500000000004,48
8,25,2005,9.312291666666667,10.87,1.5577083333333324,48
8,25,2006,9.61813953488372,11.48,1.8618604651162798,43
8,25,2007,7.876666666666667,8.61,0.7333333333333325,48
8,25,2008,8.697541666666666,9.312,0.6144583333333333,48
8,25,2009,9.500625,10.64,1.1393750000000011,48
8,25,2011,9.568666666666667,10.785,1.216333333333333,48
8,25,2012,10.5050625,11.321,0.8159375000000004,48
8,25,2013,10.379916666666666,12.147,1.7670833333333338,48
8,25,2014,10.713125,11.807,1.0938750000000006,48
8,25,2015,11.102416666666667,12.025,0.9225833333333338,48
8,25,2016,10.951125,12.534,1.5828750000000014,48
8,26,2001,10.167708333333334,12.13,1.9622916666666672,96
8,26,2002,11.747291666666667,13.55,1.8027083333333334,48
8,26,2004,8.080416666666666,9.27,1.1895833333333332,48
8,26,2005,8.8375,10.72,1.8825000000000003,48
8,26,2006,9.840833333333334,12.93,3.0891666666666655,48
8,26,2007,7.919791666666667,8.89,0.9702083333333338,48
8,26,2008,8.858708333333333,11.053,2.1942916666666683,48
8,26,2009,9.0275,10.35,1.3224999999999998,48
8,26,2011,9.262041666666667,9.805,0.542958333333333,48
8,26,2012,10.189229166666667,11.029,0.8397708333333327,48
8,26,2013,9.713520833333334,10.663,0.9494791666666664,48
8,26,2014,10.375229166666667,11.613,1.2377708333333324,48
8,26,2015,11.000291666666667,11.856,0.8557083333333324,48
8,26,2016,10.585208333333334,11.904,1.318791666666666,48
8,27,2001,8.4591666666666665,10.43,1.9708333333333332,96
8,27,2002,11.161041666666666,13.24,2.0789583333333344,48
8,27,2004,8.132083333333334,9.43,1.2979166666666657,48
8,27,2005,8.820416666666667,10.25,1.4295833333333334,48
8,27,2006,9.662083333333333,11.19,1.5279166666666661,48
8,27,2007,8.409791666666667,9.47,1.0602083333333336,48
8,27,2008,10.501416666666668,14.96,4.458583333333333,48
8,27,2009,9.117083333333333,10.64,1.5229166666666671,48
8,27,2011,9.314583333333333,9.928,0.6134166666666676,48
8,27,2012,10.3583125,11.516,1.1576874999999998,48
8,27,2013,9.697000000000001,10.394,0.6969999999999992,48
8,27,2014,9.467916666666667,10.173,0.7050833333333326,48
8,27,2015,10.944583333333334,12.871,1.9264166666666664,48
8,27,2016,10.362041666666666,11.565,1.2029583333333331,48
8,28,2001,8.151875,9.34,1.1881249999999994,96
8,28,2002,12.703125,16.07,3.3668750000000003,48
8,28,2004,8.058541666666667,9.27,1.2114583333333329,48
8,28,2005,8.221041666666666,9.31,1.0889583333333341,48
8,28,2006,9.33875,10.05,0.7112500000000015,48
8,28,2007,7.767916666666667,8.89,1.1220833333333333,48
8,28,2008,10.3604375,12.582,2.221562500000001,48
8,28,2009,10.201666666666666,11.79,1.588333333333333,48
8,28,2011,11.3330625,15.7,4.366937499999999,48
8,28,2012,10.095,11.248,1.1529999999999987,48
8,28,2013,10.284625,11.2,0.9153749999999992,48
8,28,2014,9.350208333333333,9.879,0.5287916666666668,48
8,28,2015,11.525979166666668,13.81,2.284020833333333,48
8,28,2016,10.627291666666666,12.292,1.6647083333333335,48
8,29,2001,8.320208333333333,9.49,1.1697916666666668,96
8,29,2002,13.449583333333333,17.02,3.5704166666666666,48
8,29,2004,8.2525,9.27,1.0175,48
8,29,2005,7.974375,9.01,1.0356249999999996,48
8,29,2006,10.631041666666667,12.93,2.298958333333333,48
8,29,2007,7.501041666666667,8.32,0.8189583333333337,48
8,29,2008,10.2495625,12.63,2.380437500000001,48
8,29,2009,9.440833333333334,10.35,0.9091666666666658,48
8,29,2011,8.819125,9.287,0.46787500000000115,48
8,29,2012,10.382770833333334,12.098,1.715229166666667,48
8,29,2013,10.642395833333333,11.492,0.8496041666666674,48
8,29,2014,10.3181875,11.856,1.5378124999999994,48
8,29,2015,11.0911875,13.618,2.5268125,48
8,29,2016,10.2739375,11.394,1.1200624999999995,48
8,30,2001,8.229583333333334,9.18,0.9504166666666656,96
8,30,2002,15.899791666666667,16.86,0.9602083333333322,48
8,30,2004,8.488333333333333,9.43,0.9416666666666664,48
8,30,2005,7.657916666666667,9.01,1.3520833333333329,48
8,30,2006,11.440208333333333,13.51,2.069791666666667,48
8,30,2007,7.549375,8.89,1.3406250000000002,48
8,30,2008,9.739145833333334,11.904,2.1648541666666663,48
8,30,2009,13.108541666666667,16.44,3.331458333333334,48
8,30,2011,8.751458333333334,9.015,0.2635416666666668,48
8,30,2012,10.931,12.437,1.5060000000000002,48
8,30,2013,10.417791666666666,11.297,0.8792083333333345,48
8,30,2014,9.9180625,11.783,1.8649375,48
8,30,2015,10.297666666666666,12.147,1.849333333333334,48
8,30,2016,10.226895833333334,11.637,1.4101041666666667,48
8,31,2001,8.371875,10.12,1.748125,96
8,31,2002,16.577916666666667,17.18,0.6020833333333329,48
8,31,2004,8.665416666666667,9.58,0.9145833333333329,48
8,31,2005,7.496666666666667,8.39,0.8933333333333335,48
8,31,2006,12.525625,14.96,2.434375000000001,48
8,31,2007,8.372083333333334,10.33,1.9579166666666659,48
8,31,2008,10.1208125,12.775,2.654187500000001,48
8,31,2009,11.938125,12.94,1.001875,48
8,31,2011,9.214604166666668,9.756,0.5413958333333326,48
8,31,2012,10.265395833333333,11.565,1.2996041666666667,48
8,31,2013,10.386270833333333,11.807,1.4207291666666677,48
8,31,2014,8.815916666666666,10.394,1.5780833333333337,48
8,31,2015,10.207729166666667,11.565,1.3572708333333328,48
8,31,2016,11.000979166666667,12.292,1.2910208333333326,48
9,1,2001,7.471041666666667,8.25,0.7789583333333328,96
9,1,2002,15.535,17.18,1.6449999999999996,48
9,1,2004,9.040416666666667,10.36,1.3195833333333322,48
9,1,2005,7.2,7.77,0.5699999999999994,48
9,1,2006,12.307708333333334,13.8,1.4922916666666666,48
9,1,2007,9.990833333333333,13.22,3.229166666666668,48
9,1,2008,11.361625,13.305,1.9433749999999996,48
9,1,2009,13.751041666666667,15.85,2.098958333333332,48
9,1,2011,10.162520833333334,10.736,0.573479166666667,48
9,1,2012,10.8045625,12.461,1.656437500000001,48
9,1,2013,10.534729166666667,11.492,0.9572708333333342,48
9,1,2014,8.502583333333334,9.163,0.6604166666666664,48
9,1,2015,10.473270833333334,12.775,2.301729166666666,48
9,1,2016,10.3965625,12.001,1.6044374999999995,48
9,2,2001,8.139791666666667,10.27,2.130208333333332,96
9,2,2002,16.248333333333335,17.34,1.091666666666665,48
9,2,2004,9.553333333333333,10.82,1.2666666666666675,48
9,2,2005,6.90625,7.15,0.24375000000000036,48
9,2,2006,15.380625,16.72,1.3393749999999986,48
9,2,2007,10.315208333333333,13.8,3.484791666666668,48
9,2,2008,11.872875,14.361,2.488125,48
9,2,2009,14.377916666666668,15.26,0.8820833333333322,48
9,2,2011,11.081791666666668,12.727,1.6452083333333327,48
9,2,2012,10.7220625,13.377,2.654937500000001,48
9,2,2013,10.4998125,11.565,1.0651874999999986,48
9,2,2014,8.8286875,9.534,0.7053125000000016,48
9,2,2015,10.438979166666666,12.413,1.9740208333333342,48
9,2,2016,10.989583333333334,13.305,2.315416666666666,48
9,3,2001,8.837291666666667,10.27,1.4327083333333324,96
9,3,2002,16.99125,17.5,0.5087499999999991,48
9,3,2004,9.652291666666667,11.44,1.7877083333333328,48
9,3,2005,7.4425,8.39,0.9475000000000007,48
9,3,2006,14.989583333333332,16.43,1.4404166666666676,48
9,3,2007,9.03125,10.33,1.29875,48
9,3,2008,10.9635625,12.751,1.7874374999999993,48
9,3,2009,13.333958333333333,15.26,1.9260416666666664,48
9,3,2011,11.3406875,12.437,1.0963124999999998,48
9,3,2012,9.92975,10.81,0.8802500000000002,48
9,3,2013,10.0598125,11.005,0.9451875000000012,48
9,3,2014,8.767166666666666,9.41,0.6428333333333338,48
9,3,2015,10.0004375,11.346,1.3455624999999998,48
9,3,2016,11.874270833333334,13.209,1.3347291666666656,48
9,4,2001,7.532708333333334,8.56,1.0272916666666667,96
9,4,2002,16.83125,17.5,0.6687499999999993,48
9,4,2004,8.891666666666667,10.05,1.1583333333333332,48
9,4,2005,7.963958333333333,9.01,1.0460416666666665,48
9,4,2006,10.925416666666667,14.67,3.744583333333333,48
9,4,2007,10.379791666666666,11.77,1.3902083333333337,48
9,4,2008,10.314479166666667,12.437,2.1225208333333327,48
9,4,2009,12.442291666666666,14.39,1.9477083333333347,48
9,4,2011,10.6413125,11.516,0.8746875000000003,48
9,4,2012,9.976604166666666,10.492,0.5153958333333346,96
9,4,2013,9.852520833333333,10.394,0.541479166666667,48
9,4,2014,9.2748125,11.127,1.8521875000000012,48
9,4,2015,12.587479166666666,15.461,2.873520833333334,48
9,4,2016,12.04125,14.433,2.39175,48
9,5,2001,7.20625,8.1,0.8937499999999998,96
9,5,2002,15.25125,17.66,2.4087499999999995,48
9,5,2004,10.076041666666667,11.9,1.8239583333333336,48
9,5,2005,8.761666666666667,10.09,1.3283333333333331,48
9,5,2006,12.248125,16.43,4.181875,48
9,5,2007,10.71375,12.35,1.6362500000000004,48
9,5,2008,10.60325,11.443,0.8397500000000004,48
9,5,2009,11.704791666666667,13.81,2.1052083333333336,48
9,5,2011,10.446583333333333,10.907,0.46041666666666714,48
9,5,2012,10.258291666666667,11.273,1.014708333333333,96
9,5,2013,10.820145833333333,11.953,1.1328541666666663,48
9,5,2014,9.220604166666666,10.394,1.173395833333334,48
9,5,2015,11.649708333333333,13.786,2.1362916666666667,48
9,5,2016,15.330916666666667,17.558,2.227083333333333,48
9,6,2001,7.789026548672567,8.87,1.0809734513274325,113
9,6,2002,15.176666666666666,17.34,2.163333333333334,48
9,6,2004,9.437708333333333,10.97,1.5322916666666675,48
9,6,2005,8.595416666666667,11.18,2.584583333333333,48
9,6,2006,12.163541666666667,14.67,2.506458333333333,48
9,6,2007,8.685625,10.33,1.6443750000000001,48
9,6,2008,10.563,11.54,0.9769999999999985,48
9,6,2009,13.814166666666667,16.73,2.9158333333333335,48
9,6,2011,10.863625,11.71,0.8463750000000001,48
9,6,2012,10.419041666666667,11.224,0.8049583333333334,96
9,6,2013,11.4965,12.775,1.278500000000001,48
9,6,2014,9.0726875,10.198,1.1253124999999997,48
9,6,2015,11.018375,11.88,0.8616250000000001,48
9,6,2016,17.752020833333333,17.938,0.18597916666666592,48
9,7,2001,8.02361111111111,9.93,1.9063888888888894,72
9,7,2002,14.760625,17.18,2.4193750000000005,48
9,7,2004,9.095625,9.89,0.7943750000000005,48
9,7,2005,7.854583333333333,10.41,2.555416666666667,48
9,7,2006,12.89,16.43,3.539999999999999,48
9,7,2007,7.900833333333334,8.89,0.9891666666666667,48
9,7,2008,10.546375,11.175,0.6286250000000013,48
9,7,2009,12.236875,16.44,4.203125000000002,48
9,7,2011,12.614395833333333,14.433,1.8186041666666668,48
9,7,2012,10.8233125,11.394,0.5706875,96
9,7,2013,11.184354166666667,14.194,3.009645833333334,48
9,7,2014,9.511854166666668,10.516,1.0041458333333324,48
9,7,2015,10.612708333333334,11.856,1.243291666666666,48
9,7,2016,17.789083333333334,18.271,0.48191666666666677,48
9,8,2001,7.708888888888889,9.3,1.591111111111112,72
9,8,2002,13.704166666666666,17.82,4.115833333333335,48
9,8,2004,9.075833333333334,10.05,0.9741666666666671,48
9,8,2005,7.3075,8.23,0.9225000000000003,48
9,8,2006,12.383958333333334,16.13,3.746041666666665,48
9,8,2007,7.986041666666667,8.89,0.9039583333333336,48
9,8,2008,12.436770833333334,14.002,1.5652291666666667,48
9,8,2009,10.704583333333334,13.81,3.1054166666666667,48
9,8,2011,14.083604166666667,15.151,1.0673958333333324,48
9,8,2012,10.478770833333334,10.932,0.45322916666666657,96
9,8,2013,10.472833333333334,11.759,1.2861666666666665,48
9,8,2014,10.34925,12.678,2.328750000000001,48
9,8,2015,10.2765625,11.175,0.8984375,48
9,8,2016,16.640958333333334,17.677,1.0360416666666659,48
9,9,2001,7.467361111111111,8.38,0.9126388888888899,72
9,9,2002,11.781875,14.01,2.2281250000000004,48
9,9,2004,10.008750000000001,10.97,0.9612499999999997,48
9,9,2005,7.326458333333333,8.08,0.753541666666667,48
9,9,2006,10.805,12.35,1.545,48
9,9,2007,9.096875,10.05,0.953125,48
9,9,2008,11.144145833333333,12.654,1.509854166666667,48
9,9,2009,13.072291666666667,16.73,3.657708333333334,48
9,9,2011,14.3589375,15.318,0.9590624999999999,48
9,9,2012,10.266833333333333,11.734,1.4671666666666674,96
9,9,2013,11.715916666666667,14.553,2.837083333333334,48
9,9,2014,10.8535,13.497,2.6434999999999995,48
9,9,2015,10.830958333333333,12.171,1.3400416666666661,48
9,9,2016,16.763875,17.867,1.1031250000000021,48
9,10,2001,7.7636111111111115,8.53,0.7663888888888879,72
9,10,2002,11.153541666666667,13.55,2.3964583333333334,48
9,10,2004,8.678958333333334,10.2,1.5210416666666653,48
9,10,2005,8.353958333333333,9.78,1.4260416666666664,48
9,10,2006,12.043125,17.02,4.976875,48
9,10,2007,9.433333333333334,11.77,2.336666666666666,48
9,10,2008,10.694833333333333,13.233,2.538166666666667,48
9,10,2009,13.88875,16.44,2.5512500000000014,48
9,10,2011,14.175833333333333,15.533,1.3571666666666662,48
9,10,2012,10.151647887323943,11.175,1.0233521126760579,71
9,10,2013,10.630166666666666,11.686,1.055833333333334,48
9,10,2014,9.620395833333333,10.98,1.3596041666666672,48
9,10,2015,10.716416666666667,11.589,0.872583333333333,48
9,10,2016,16.376395833333333,17.819,1.4426041666666656,48
9,11,2001,7.858194444444445,9.15,1.2918055555555554,72
9,11,2002,10.31375,11.53,1.2162499999999987,48
9,11,2004,9.514791666666667,11.13,1.6152083333333334,48
9,11,2005,9.0625,10.87,1.8074999999999992,48
9,11,2006,14.383333333333333,17.32,2.9366666666666674,48
9,11,2007,8.912083333333333,10.62,1.7079166666666659,48
9,11,2008,11.22775,12.147,0.9192499999999999,48
9,11,2009,14.673541666666667,16.44,1.7664583333333344,48
9,11,2011,13.720437500000001,15.39,1.6695624999999996,48
9,11,2012,11.214458333333333,13.161,1.9465416666666666,48
9,11,2013,10.076229166666666,10.59,0.513770833333334,48
9,11,2014,10.469083333333334,12.63,2.160916666666667,48
9,11,2015,13.897375,17.344,3.446625000000001,48
9,11,2016,14.5219375,17.034,2.512062499999999,48
9,12,2001,7.976805555555556,9.15,1.1731944444444444,72
9,12,2002,10.57,11.99,1.42,48
9,12,2004,10.603541666666667,13.45,2.8464583333333326,48
9,12,2005,8.366458333333334,9.94,1.5735416666666655,48
9,12,2006,15.943333333333333,17.62,1.6766666666666676,48
9,12,2007,9.146875,12.64,3.493125000000001,48
9,12,2008,10.0311875,11.175,1.143812500000001,48
9,12,2009,15.842083333333333,16.14,0.2979166666666675,48
9,12,2011,12.766958333333333,13.69,0.9230416666666663,48
9,12,2012,11.808125,12.847,1.038874999999999,48
9,12,2013,9.808041666666666,10.369,0.5609583333333337,48
9,12,2014,10.543395833333333,11.224,0.6806041666666669,48
9,12,2015,13.577020833333334,16.034,2.456979166666665,48
9,12,2016,14.126125,15.843,1.716875,48
9,13,2001,8.968472222222221,10.24,1.271527777777779,72
9,13,2002,12.385625000000001,13.09,0.7043749999999989,48
9,13,2004,9.2175,11.59,2.3725000000000005,48
9,13,2005,8.7575,10.87,2.112499999999999,48
9,13,2006,15.368125,17.32,1.9518750000000011,48
9,13,2007,10.270625,12.06,1.7893749999999997,48
9,13,2008,9.585729166666667,10.1,0.5142708333333328,48
9,13,2009,16.030416666666667,16.14,0.10958333333333314,48
9,13,2011,12.4653125,13.738,1.2726875,48
9,13,2012,11.237854166666667,12.606,1.3681458333333332,48
9,13,2013,9.7005625,10.026,0.3254374999999996,48
9,13,2014,12.988041666666666,15.151,2.162958333333334,48
9,13,2015,13.203104166666666,16.272,3.0688958333333325,48
9,13,2016,12.6969375,15.533,2.836062499999999,48
9,14,2001,8.231388888888889,9.93,1.698611111111111,72
9,14,2002,12.867291666666667,13.55,0.6827083333333341,48
9,14,2004,9.233958333333334,13.14,3.906041666666667,48
9,14,2005,8.315833333333334,11.33,3.014166666666666,48
9,14,2006,13.203541666666666,16.13,2.9264583333333327,48
9,14,2007,9.445208333333333,11.48,2.034791666666667,48
9,14,2008,9.833875,10.663,0.8291249999999994,48
9,14,2009,15.28625,16.44,1.1537500000000005,48
9,14,2011,11.960125,12.896,0.9358750000000011,48
9,14,2012,10.458708333333334,11.977,1.5182916666666664,48
9,14,2013,9.756770833333333,10.516,0.7592291666666675,48
9,14,2014,12.212604166666667,15.963,3.7503958333333323,48
9,14,2015,11.125208333333333,13.906,2.7807916666666674,48
9,14,2016,11.065458333333334,12.243,1.1775416666666665,48
9,15,2001,9.715972222222222,11.64,1.9240277777777788,72
9,15,2002,12.607083333333334,13.09,0.4829166666666662,48
9,15,2004,9.191875,10.67,1.4781250000000004,48
9,15,2005,7.526041666666667,8.7,1.1739583333333323,48
9,15,2006,12.410416666666666,14.67,2.2595833333333335,48
9,15,2007,8.512083333333333,12.93,4.417916666666667,48
9,15,2008,9.419770833333333,10.516,1.0962291666666673,48
9,15,2009,12.638541666666667,15.55,2.911458333333334,48
9,15,2011,11.550020833333333,12.509,0.9589791666666674,48
9,15,2012,10.1674375,10.712,0.5445624999999996,48
9,15,2013,10.569020833333333,11.88,1.3109791666666677,48
9,15,2014,13.930604166666667,15.7,1.7693958333333324,48
9,15,2015,11.659208333333334,13.281,1.6217916666666667,48
9,15,2016,12.422604166666666,15.127,2.7043958333333347,48
9,16,2001,9.32986111111111,11.33,2.0001388888888894,72
9,16,2002,11.558541666666667,13.24,1.6814583333333335,48
9,16,2004,8.721458333333333,10.36,1.6385416666666668,48
9,16,2005,7.336458333333333,7.93,0.5935416666666669,48
9,16,2006,11.939166666666667,14.96,3.020833333333334,48
9,16,2007,9.768333333333333,11.77,2.001666666666667,48
9,16,2008,9.184604166666666,10.1,0.9153958333333332,48
9,16,2009,13.967916666666667,16.73,2.762083333333333,48
9,16,2011,12.047333333333334,14.17,2.1226666666666656,48
9,16,2012,10.476458333333333,11.637,1.160541666666667,48
9,16,2013,10.382833333333334,11.419,1.0361666666666665,48
9,16,2014,14.00025,15.294,1.293750000000001,48
9,16,2015,12.892104166666666,13.594,0.7018958333333334,48
9,16,2016,12.914166666666667,15.605,2.690833333333334,48
9,17,2001,9.229027777777778,11.33,2.1009722222222216,72
9,17,2002,11.233541666666666,11.99,0.7564583333333346,48
9,17,2004,8.8725,9.74,0.8674999999999997,48
9,17,2005,8.0675,9.47,1.4024999999999999,48
9,17,2006,11.548958333333333,13.8,2.2510416666666675,48
9,17,2007,9.942708333333334,12.93,2.987291666666666,48
9,17,2008,9.804354166666666,10.492,0.6876458333333346,48
9,17,2009,15.246666666666666,16.44,1.1933333333333351,48
9,17,2011,13.470041666666667,14.505,1.0349583333333339,48
9,17,2012,11.9833125,12.871,0.8876875000000002,48
9,17,2013,13.423958333333333,15.008,1.584041666666666,48
9,17,2014,13.917729166666668,15.031,1.113270833333333,48
9,17,2015,12.124729166666667,13.69,1.565270833333333,48
9,17,2016,11.0894375,12.243,1.1535624999999996,48
9,18,2001,9.7595833333333335,11.8,2.040416666666667,72
9,18,2002,10.926666666666666,11.53,0.6033333333333335,48
9,18,2004,11.393541666666668,15.17,3.7764583333333324,48
9,18,2005,9.198541666666667,10.56,1.3614583333333332,48
9,18,2006,10.966666666666667,14.09,3.123333333333333,48
9,18,2007,9.972708333333333,12.35,2.3772916666666664,48
9,18,2008,10.29275,13.401,3.10825,48
9,18,2009,12.223541666666666,15.85,3.626458333333334,48
9,18,2011,13.3113125,14.625,1.3136875000000003,48
9,18,2012,11.723270833333334,13.233,1.5097291666666663,48
9,18,2013,12.0990625,14.697,2.5979374999999987,48
9,18,2014,13.733541666666667,14.96,1.2264583333333334,48
9,18,2015,11.111604166666666,12.413,1.3013958333333342,48
9,18,2016,10.596270833333334,12.05,1.4537291666666672,48
9,19,2001,9.990833333333333,11.49,1.4991666666666674,72
9,19,2002,10.743125,11.68,0.9368750000000006,48
9,19,2004,13.697083333333333,14.53,0.8329166666666659,48
9,19,2005,9.957916666666666,11.64,1.6820833333333347,48
9,19,2006,10.4575,11.19,0.7324999999999999,48
9,19,2007,9.266041666666666,11.77,2.5039583333333333,48
9,19,2008,12.1000625,14.074,1.9739375,48
9,19,2009,11.430833333333334,13.81,2.3791666666666664,48
9,19,2011,13.852708333333334,15.7,1.8472916666666652,48
9,19,2012,10.525,12.05,1.5250000000000004,48
9,19,2013,11.4966875,14.146,2.6493125000000006,48
9,19,2014,14.61375,15.676,1.0622500000000006,48
9,19,2015,10.659708333333333,11.88,1.220291666666668,48
9,19,2016,10.294333333333334,11.297,1.0026666666666664,48
9,20,2001,10.729166666666666,13.52,2.7908333333333335,72
9,20,2002,10.4625,11.22,0.7575000000000003,48
9,20,2004,14.445416666666667,14.53,0.08458333333333279,48
9,20,2005,9.714166666666667,11.95,2.235833333333332,48
9,20,2006,10.134583333333333,11.48,1.345416666666667,48
9,20,2007,9.056041666666667,10.33,1.2739583333333329,48
9,20,2008,11.163479166666667,13.882,2.718520833333333,48
9,20,2009,13.48375,14.97,1.48625,48
9,20,2011,11.755041666666667,12.678,0.9229583333333338,48
9,20,2012,11.298520833333333,13.161,1.8624791666666667,48
9,20,2013,11.693604166666667,14.649,2.9553958333333323,48
9,20,2014,13.471854166666667,15.676,2.2041458333333335,48
9,20,2015,10.422229166666666,10.98,0.5577708333333344,48
9,20,2016,10.255354166666667,11.029,0.7736458333333331,48
9,21,2001,9.037222222222223,9.77,0.7327777777777769,72
9,21,2002,10.242916666666666,11.22,0.9770833333333346,48
9,21,2004,14.061250000000001,14.53,0.4687499999999982,48
9,21,2005,8.143958333333334,8.85,0.7060416666666658,48
9,21,2006,10.308958333333333,12.64,2.3310416666666676,48
9,21,2007,9.2175,10.05,0.83250000000000135,48
9,21,2008,11.09025,13.497,2.4067500000000006,48
9,21,2009,12.474583333333333,14.1,1.6254166666666663,48
9,21,2011,10.774854166666668,11.832,1.0571458333333332,48
9,21,2012,11.631979166666667,13.594,1.962020833333332,48
9,21,2013,10.776375,12.437,1.6606249999999996,48
9,21,2014,11.051791666666666,14.218,3.1662083333333335,48
9,21,2015,13.327854166666667,16.915,3.5871458333333326,48
9,21,2016,10.339208333333334,10.638,0.29879166666666634,48
9,22,2001,8.637638888888889,9.3,0.6623611111111121,72
9,22,2002,10.328541666666666,10.75,0.4214583333333337,48
9,22,2004,14.003958333333333,14.22,0.21604166666666735,48
9,22,2005,8.478541666666667,9.78,1.3014583333333327,48
9,22,2006,11.815625,14.38,2.564375,48
9,22,2007,8.838541666666666,9.47,0.6314583333333346,48
9,22,2008,12.790854166666668,14.553,1.7621458333333333,48
9,22,2009,11.446875,13.52,2.073124999999999,48
9,22,2011,10.903770833333333,11.565,0.6612291666666668,48
9,22,2012,12.458083333333333,14.481,2.022916666666667,48
9,22,2013,10.4189375,11.175,0.7560625000000005,48
9,22,2014,10.1490625,12.219,2.0699375,48
9,22,2015,14.220916666666668,16.654,2.4330833333333324,48
9,22,2016,10.677020833333334,11.248,0.5709791666666657,48
9,23,2001,8.772222222222222,10.4,1.6277777777777782,72
9,23,2002,10.513333333333334,11.06,0.5466666666666669,48
9,23,2004,13.986458333333333,14.53,0.5435416666666661,48
9,23,2005,8.134791666666667,9.31,1.1752083333333339,48
9,23,2006,11.131666666666666,14.09,2.958333333333334,48
9,23,2007,8.539583333333333,9.18,0.6404166666666669,48
9,23,2008,11.303395833333333,14.385,3.0816041666666667,48
9,23,2009,10.201666666666666,11.21,1.0083333333333346,48
9,23,2011,10.900145833333333,11.565,0.6648541666666663,48
9,23,2012,11.840229166666667,12.871,1.0307708333333334,48
9,23,2013,10.314979166666667,11.273,0.9580208333333324,48
9,23,2014,9.996020833333333,11.297,1.300979166666668,48
9,23,2015,14.138083333333334,16.654,2.5159166666666657,48
9,23,2016,11.166666666666666,12.389,1.2223333333333333,48
9,24,2001,9.731111111111112,10.56,0.8288888888888888,72
9,24,2002,10.652083333333334,11.37,0.7179166666666656,48
9,24,2004,13.672083333333333,14.22,0.5479166666666675,48
9,24,2005,8.632291666666667,11.49,2.857708333333333,48
9,24,2006,9.918125,11.77,1.8518749999999997,48
9,24,2007,9.500208333333333,10.62,1.119791666666666,48
9,24,2008,10.9434375,12.678,1.734562500000001,48
9,24,2009,9.73375,10.64,0.90625,48
9,24,2011,10.8579375,11.516,0.6580624999999998,48
9,24,2012,12.115416666666667,12.896,0.7805833333333343,48
9,24,2013,11.936937499999999,13.425,1.4880625000000016,48
9,24,2014,10.769375,12.823,2.0536250000000003,48
9,24,2015,13.977375,16.272,2.294624999999998,48
9,24,2016,12.475854166666666,14.649,2.173145833333333,48
9,25,2001,10.643055555555556,11.8,1.156944444444445,72
9,25,2002,11.4875,13.24,1.7524999999999995,48
9,25,2004,12.685416666666667,14.07,1.3845833333333335,48
9,25,2005,8.835416666666667,10.56,1.7245833333333334,48
9,25,2006,9.829166666666667,10.9,1.0708333333333329,48
9,25,2007,9.123125,10.33,1.2068750000000001,48
9,25,2008,11.559625,13.954,2.394375,48
9,25,2009,10.983333333333333,15.85,4.866666666666667,48
9,25,2011,10.887208333333334,11.783,0.8957916666666659,48
9,25,2012,12.537916666666666,13.088,0.5500833333333333,48
9,25,2013,12.403875,13.497,1.0931250000000006,48
9,25,2014,10.878479166666667,12.606,1.7275208333333332,48
9,25,2015,14.7869375,17.058,2.2710624999999993,48
9,25,2016,12.863895833333334,16.177,3.3131041666666654,48
9,26,2001,9.473055555555556,11.02,1.5469444444444438,72
9,26,2002,11.47375,12.62,1.1462499999999984,48
9,26,2004,11.532916666666667,13.76,2.227083333333333,48
9,26,2005,7.287708333333334,9.01,1.722291666666666,48
9,26,2006,10.301666666666666,11.77,1.4683333333333337,48
9,26,2007,8.966666666666667,10.05,1.083333333333334,48
9,26,2008,12.580083333333333,14.337,1.7569166666666671,48
9,26,2009,12.564166666666667,14.68,2.115833333333333,48
9,26,2011,11.119916666666667,12.219,1.0990833333333327,48
9,26,2012,12.057645833333334,12.775,0.7173541666666665,48
9,26,2013,12.465895833333333,13.954,1.488104166666668,48
9,26,2014,10.689458333333333,13.064,2.3745416666666674,48
9,26,2015,15.057145833333333,17.629,2.571854166666668,48
9,26,2016,14.958208333333333,16.368,1.4097916666666652,48
9,27,2001,8.808055555555555,9.46,0.651944444444446,72
9,27,2002,12.390416666666667,14.8,2.409583333333334,48
9,27,2004,11.4225,13.91,2.4875000000000007,48
9,27,2005,6.725625,7.31,0.5843749999999996,48
9,27,2006,10.056875,11.77,1.7131249999999998,48
9,27,2007,9.129166666666666,10.05,0.9208333333333343,48
9,27,2008,11.918479166666666,13.305,1.3865208333333339,48
9,27,2009,10.830416666666666,12.65,1.819583333333334,48
9,27,2011,11.489125,12.558,1.0688750000000002,48
9,27,2012,11.653333333333334,12.219,0.5656666666666652,48
9,27,2013,12.932770833333333,14.266,1.3332291666666674,48
9,27,2014,10.433291666666667,12.34,1.9067083333333326,48
9,27,2015,14.603791666666666,17.653,3.0492083333333326,48
9,27,2016,13.943104166666666,16.201,2.2578958333333343,48
9,28,2001,9.450694444444444,12.42,2.9693055555555556,72
9,28,2002,11.065833333333334,12.78,1.7141666666666655,48
9,28,2004,11.152083333333334,12.99,1.8379166666666666,48
9,28,2005,7.395,8.39,0.995000000000001,48
9,28,2006,10.655833333333334,12.35,1.694166666666666,48
9,28,2007,8.924166666666666,9.76,0.8358333333333334,48
9,28,2008,11.817083333333333,13.257,1.439916666666667,48
9,28,2009,9.614375,10.06,0.4456249999999997,48
9,28,2011,11.964895833333333,14.17,2.2051041666666666,48
9,28,2012,12.006104166666667,12.727,0.7208958333333335,48
9,28,2013,12.877020833333333,14.505,1.6279791666666679,48
9,28,2014,10.3336875,12.799,2.4653124999999996,48
9,28,2015,13.4043125,16.677,3.2726875,48
9,28,2016,14.901041666666666,16.034,1.1329583333333328,48
9,29,2001,13.202638888888888,14.29,1.087361111111111,72
9,29,2002,12.132916666666667,14.8,2.667083333333334,48
9,29,2004,13.314375,14.69,1.3756249999999994,48
9,29,2005,7.442708333333333,8.54,1.097291666666666,48
9,29,2006,10.062916666666666,11.77,1.7070833333333333,48
9,29,2007,9.637083333333333,11.19,1.5529166666666665,48
9,29,2008,12.140333333333333,13.762,1.621666666666668,48
9,29,2009,8.961875000000001,9.78,0.8181249999999984,48
9,29,2011,11.815729166666667,13.04,1.2242708333333319,48
9,29,2012,13.542625,14.697,1.154375,48
9,29,2013,12.7729375,14.266,1.4930625000000006,48
9,29,2014,10.095708333333333,11.224,1.1282916666666676,48
9,29,2015,12.007708333333333,14.337,2.3292916666666663,48
9,29,2016,15.739354166666667,15.939,0.1996458333333333,48
9,30,2001,14.216666666666667,14.45,0.2333333333333325,72
9,30,2002,12.234375,14.95,2.7156249999999993,48
9,30,2004,14.496666666666666,14.69,0.19333333333333336,48
9,30,2005,6.6189583333333335,7.31,0.6910416666666661,48
9,30,2006,9.348333333333333,10.33,0.9816666666666674,48
9,30,2007,10.761875,12.64,1.8781250000000007,48
9,30,2008,12.999770833333333,14.745,1.7452291666666664,48
9,30,2009,8.854583333333334,9.78,0.9254166666666652,48
9,30,2011,11.289166666666667,12.437,1.1478333333333328,48
9,30,2012,14.030625,14.816,0.7853750000000002,48
9,30,2013,12.107708333333333,14.553,2.4452916666666678,48
9,30,2014,13.631604166666667,15.772,2.140395833333333,48
9,30,2015,11.1331875,12.316,1.1828125000000007,48
9,30,2016,15.620541666666666,15.748,0.12745833333333323,48
10,1,2001,14.203333333333333,14.29,0.086666666666666,72
10,1,2002,11.310625,12.15,0.8393750000000004,48
10,1,2004,14.582291666666666,15.33,0.7477083333333336,48
10,1,2005,6.338958333333333,6.69,0.35104166666666714,48
10,1,2006,9.534583333333334,11.19,1.6554166666666656,48
10,1,2007,9.130833333333333,11.77,2.639166666666666,48
10,1,2008,12.630541666666668,14.984,2.3534583333333323,48
10,1,2009,8.966875,9.49,0.5231250000000003,48
10,1,2011,11.762770833333333,12.461,0.6982291666666676,48
10,1,2012,12.397333333333334,13.425,1.0276666666666667,48
10,1,2013,11.812458333333334,13.738,1.9255416666666658,48
10,1,2014,14.977375,15.557,0.5796250000000001,48
10,1,2015,12.967520833333333,16.296,3.328479166666666,48
10,1,2016,15.568958333333333,15.652,0.08304166666666646,48
10,2,2001,14.236666666666666,14.29,0.05333333333333279,72
10,2,2002,11.162708333333333,11.68,0.5172916666666669,48
10,2,2004,14.33,15.01,0.6799999999999997,48
10,2,2005,6.5841666666666665,6.84,0.25583333333333336,48
10,2,2006,10.584375,12.06,1.4756250000000009,48
10,2,2007,8.83375,10.62,1.786249999999999,48
10,2,2008,11.0078125,13.04,2.032187499999999,48
10,2,2009,9.344375,10.06,0.7156250000000011,48
10,2,2011,13.116145833333334,15.533,2.416854166666665,48
10,2,2012,11.803333333333333,12.292,0.488666666666667,48
10,2,2013,11.602604166666667,14.122,2.5193958333333324,48
10,2,2014,15.229645833333333,15.318,0.08835416666666696,48
10,2,2015,14.901833333333334,15.39,0.4881666666666664,48
10,2,2016,15.563875,15.724,0.16012500000000074,48
10,3,2001,14.169305555555555,14.29,0.12069444444444422,72
10,3,2002,11.407499999999999,12.15,0.7425000000000015,48
10,3,2004,13.783125,15.01,1.2268749999999997,48
10,3,2005,6.635,7,0.3650000000000002,48
10,3,2006,10.307916666666667,12.06,1.7520833333333332,48
10,3,2007,8.857083333333334,10.62,1.7629166666666656,48
10,3,2008,10.3814375,12.171,1.7895624999999988,48
10,3,2009,10.345833333333333,12.08,1.7341666666666669,48
10,3,2011,15.043145833333334,16.368,1.3248541666666647,48
10,3,2012,12.124083333333333,12.703,0.5789166666666663,48
10,3,2013,11.454854166666667,12.364,0.9091458333333335,48
10,3,2014,15.295541666666667,15.342,0.04645833333333371,48
10,3,2015,14.346166666666667,14.457,0.11083333333333378,48
10,3,2016,15.645458333333334,15.939,0.29354166666666615,48
10,4,2001,13.912083333333333,14.45,0.5379166666666659,72
10,4,2002,12.565208333333333,14.32,1.7547916666666676,48
10,4,2004,13.614375,14.85,1.2356249999999989,48
10,4,2005,7.05625,7.93,0.8737499999999994,48
10,4,2006,10.794166666666667,12.35,1.5558333333333323,48
10,4,2007,8.815833333333334,9.76,0.9441666666666659,48
10,4,2008,10.2095,11.224,1.0145,48
10,4,2009,9.752083333333333,11.79,2.037916666666666,48
10,4,2011,15.482,16.487,1.004999999999999,48
10,4,2012,12.555020833333334,13.497,0.9419791666666661,48
10,4,2013,11.834625,12.968,1.1333749999999991,48
10,4,2014,15.1096875,15.27,0.16031249999999986,48
10,4,2015,14.268979166666666,14.337,0.06802083333333364,48
10,4,2016,15.593833333333333,15.652,0.0581666666666667,48
10,5,2001,13.041944444444445,13.98,0.9380555555555556,72
10,5,2002,11.458333333333334,13.24,1.7816666666666663,48
10,5,2004,12.467083333333333,13.91,1.442916666666667,48
10,5,2005,7.075,7.46,0.3849999999999998,48
10,5,2006,11.062291666666667,12.93,1.8677083333333329,48
10,5,2007,9,9.47,0.47000000000000064,48
10,5,2008,10.068270833333333,10.736,0.6677291666666676,48
10,5,2009,9.22625,10.93,1.7037499999999994,48
10,5,2011,16.26095833333333,16.415,0.15404166666666796,48
10,5,2012,12.517979166666667,13.449,0.9310208333333332,48
10,5,2013,11.916958333333334,13.305,1.3880416666666662,48
10,5,2014,14.821458333333334,15.151,0.32954166666666573,48
10,5,2015,14.2095,14.266,0.05649999999999977,48
10,5,2016,15.519458333333333,15.7,0.1805416666666666,48
10,6,2001,11.42,14.13,2.710000000000001,72
10,6,2002,10.83625,11.84,1.0037500000000001,48
10,6,2004,13.046666666666667,14.22,1.1733333333333338,48
10,6,2005,7.0652083333333335,7.62,0.5547916666666666,48
10,6,2006,12.893958333333334,13.8,0.9060416666666669,48
10,6,2007,9.355,10.33,0.9749999999999996,48
10,6,2008,10.336020833333333,11.151,0.8149791666666673,48
10,6,2009,8.920833333333334,10.93,2.0091666666666654,48
10,6,2011,15.716520833333332,16.177,0.46047916666666744,48
10,6,2012,11.909291666666666,12.92,1.0107083333333335,48
10,6,2013,13.102166666666667,15.915,2.812833333333332,48
10,6,2014,14.536395833333334,15.223,0.6866041666666671,48
10,6,2015,14.144,14.242,0.09800000000000075,48
10,6,2016,15.566354166666667,15.915,0.34864583333333243,48
10,7,2001,9.481944444444444,11.18,1.6980555555555554,72
10,7,2002,11.25,12.31,1.0600000000000005,48
10,7,2004,12.866458333333334,13.91,1.0435416666666661,48
10,7,2005,7.207916666666667,7.62,0.41208333333333336,48
10,7,2006,13.757708333333333,14.09,0.33229166666666643,48
10,7,2007,10.348958333333334,11.77,1.4210416666666656,48
10,7,2008,10.518,11.565,1.0469999999999988,48
10,7,2009,9.067916666666667,10.35,1.2820833333333326,48
10,7,2011,15.6085625,15.7,0.09143749999999962,48
10,7,2012,11.394458333333333,12.122,0.7275416666666672,48
10,7,2013,12.403395833333333,15.27,2.866604166666667,48
10,7,2014,14.178854166666667,15.342,1.163145833333333,48
10,7,2015,13.931000000000001,14.122,0.19099999999999895,48
10,7,2016,15.420979166666667,15.581,0.1600208333333324,48
10,8,2001,9.19375,11.49,2.2962500000000006,72
10,8,2002,11.237083333333333,12.46,1.2229166666666682,48
10,8,2004,12.592916666666667,14.22,1.6270833333333332,48
10,8,2005,7.253125,7.62,0.3668750000000003,48
10,8,2006,13.661041666666668,14.38,0.7189583333333331,48
10,8,2007,11.140208333333334,14.67,3.529791666666666,48
10,8,2008,11.1316875,12.171,1.0393124999999994,48
10,8,2009,9.172083333333333,10.06,0.8879166666666674,48
10,8,2011,15.2500625,15.605,0.35493750000000013,48
10,8,2012,11.508208333333334,11.88,0.37179166666666674,48
10,8,2013,11.403479166666667,12.05,0.6465208333333337,48
10,8,2014,12.0281875,14.529,2.5008125000000003,48
10,8,2015,13.9945,14.29,0.29549999999999876,48
10,8,2016,15.277791666666667,15.557,0.27920833333333306,48
10,9,2001,10.547083333333333,13.05,2.5029166666666676,72
10,9,2002,11.972916666666666,14.01,2.0370833333333334,48
10,9,2004,11.561041666666666,13.14,1.5789583333333344,48
10,9,2005,9.419791666666667,11.03,1.6102083333333326,48
10,9,2006,12.501041666666667,13.8,1.2989583333333332,48
10,9,2007,12.024166666666666,13.8,1.7758333333333347,48
10,9,2008,10.325125,11.734,1.408875,48
10,9,2009,10.579166666666667,11.5,0.9208333333333325,48
10,9,2011,15.021854166666667,15.294,0.2721458333333331,48
10,9,2012,12.39075,13.209,0.818249999999999,48
10,9,2013,13.167229166666667,15.247,2.079770833333333,48
10,9,2014,10.4529375,11.175,0.7220624999999998,48
10,9,2015,14.064229166666667,14.649,0.5847708333333319,48
10,9,2016,15.4221875,15.605,0.1828125000000007,48
10,10,2001,11.452361111111111,13.05,1.5976388888888895,72
10,10,2002,12.605625,13.55,0.9443750000000009,48
10,10,2004,10.53,12.06,1.5300000000000011,48
10,10,2005,10.586666666666666,11.33,0.7433333333333341,48
10,10,2006,12.404375,14.09,1.685625,48
10,10,2007,11.97875,14.38,2.401250000000001,48
10,10,2008,9.588895833333334,10.32,0.7311041666666664,48
10,10,2009,10.459375,11.79,1.3306249999999995,48
10,10,2011,14.80275,15.055,0.2522500000000001,48
10,10,2012,12.752041666666667,13.281,0.5289583333333336,48
10,10,2013,13.458395833333334,15.151,1.6926041666666656,48
10,10,2014,10.398708333333333,11.467,1.068291666666667,48
10,10,2015,13.918958333333334,14.266,0.3470416666666658,48
10,10,2016,15.3426875,15.557,0.21431250000000013,48
10,11,2001,9.75763888888889,10.71,0.9523611111111112,72
10,11,2002,12.248125,13.71,1.461875000000001,48
10,11,2004,10.475833333333334,12.68,2.2041666666666657,48
10,11,2005,10.583333333333334,11.33,0.7466666666666661,48
10,11,2006,13.207916666666668,14.09,0.8820833333333322,48
10,11,2007,13.401666666666667,14.38,0.9783333333333335,48
10,11,2008,9.949375,10.761,0.8116249999999994,48
10,11,2009,9.728541666666667,10.93,1.201458333333333,48
10,11,2011,14.826125000000001,15.199,0.37287499999999874,48
10,11,2012,10.966145833333334,12.147,1.1808541666666663,48
10,11,2013,13.8896875,15.223,1.3333125,48
10,11,2014,11.010520833333333,11.492,0.48147916666666823,48
10,11,2015,13.8514375,14.266,0.4145625000000006,48
10,11,2016,15.1480625,15.294,0.1459375000000005,48
10,12,2001,9.558055555555555,10.24,0.6819444444444454,72
10,12,2002,13.536666666666667,14.32,0.7833333333333332,48
10,12,2004,11.2,13.45,2.25,48
10,12,2005,11.823125,12.11,0.2868750000000002,48
10,12,2006,13.679166666666667,14.09,0.4108333333333327,48
10,12,2007,10.076458333333333,10.9,0.8235416666666673,48
10,12,2008,10.147270833333334,10.834,0.686729166666666,48
10,12,2009,9.674375,11.21,1.5356250000000014,48
10,12,2011,14.985083333333334,15.652,0.6669166666666655,48
10,12,2012,10.671854166666666,11.443,0.7711458333333336,48
10,12,2013,14.6195,15.223,0.6035000000000004,48
10,12,2014,11.856604166666667,12.34,0.4833958333333328,48
10,12,2015,13.555375,14.146,0.5906250000000011,48
10,12,2016,15.009125000000001,15.199,0.1898749999999989,48
10,13,2001,9.306944444444444,10.24,0.9330555555555566,72
10,13,2002,14.225625,14.48,0.2543749999999996,48
10,13,2004,12.389791666666667,13.45,1.0602083333333319,48
10,13,2005,12.059999999999999,12.11,0.05000000000000071,48
10,13,2006,11.772083333333333,13.8,2.027916666666668,48
10,13,2007,11.131458333333333,12.35,1.2185416666666669,48
10,13,2008,10.042666666666667,10.785,0.7423333333333328,48
10,13,2009,9.542708333333334,10.35,0.8072916666666661,48
10,13,2011,14.9556875,15.796,0.8403124999999996,48
10,13,2012,11.283333333333333,11.953,0.6696666666666662,48
10,13,2013,14.819708333333333,15.079,0.2592916666666678,48
10,13,2014,12.134395833333333,12.461,0.3266041666666677,48
10,13,2015,13.426625,14.146,0.7193750000000012,48
10,13,2016,14.960291666666667,15.127,0.16670833333333412,48
10,14,2001,10.201666666666666,11.02,0.8183333333333334,72
10,14,2002,13.965,14.48,0.5150000000000006,48
10,14,2004,12.781041666666667,13.3,0.5189583333333339,48
10,14,2005,12.163333333333332,12.27,0.10666666666666735,48
10,14,2006,12.035833333333333,13.51,1.474166666666667,48
10,14,2007,11.582916666666666,12.35,0.7670833333333338,48
10,14,2008,9.968604166666667,11.102,1.1333958333333332,48
10,14,2009,9.615,10.64,1.0250000000000004,48
10,14,2011,14.462125,15.055,0.5928749999999994,48
10,14,2012,11.752625,12.05,0.2973750000000006,48
10,14,2013,14.6473125,15.055,0.40768749999999976,48
10,14,2014,11.251083333333334,12.195,0.9439166666666665,48
10,14,2015,13.154270833333333,13.882,0.7277291666666663,48
10,14,2016,14.846166666666667,15.031,0.18483333333333363,48
10,15,2001,10.309722222222222,11.33,1.0202777777777783,72
10,15,2002,13.8025,14.32,0.5175000000000001,48
10,15,2004,13.089375,13.6,0.5106249999999992,48
10,15,2005,12.319374999999999,12.58,0.260625000000001,48
10,15,2006,11.649166666666666,12.64,0.9908333333333346,48
10,15,2007,12.180833333333334,12.93,0.7491666666666656,48
10,15,2008,9.530375,10.075,0.5446249999999999,48
10,15,2009,10.507083333333334,10.93,0.4229166666666657,48
10,15,2011,13.577666666666667,14.673,1.0953333333333326,48
10,15,2012,11.265604166666666,12.147,0.8813958333333343,48
10,15,2013,13.407625,14.96,1.5523750000000014,48
10,15,2014,10.859979166666667,11.589,0.7290208333333332,48
10,15,2015,12.691333333333333,13.473,0.7816666666666681,48
10,15,2016,14.804895833333333,15.008,0.20310416666666598,48
10,16,2001,9.617916666666666,11.33,1.712083333333334,72
10,16,2002,13.561666666666667,13.71,0.14833333333333343,48
10,16,2004,12.615,13.91,1.295,48
10,16,2005,11.923333333333334,12.73,0.8066666666666666,48
10,16,2006,11.776041666666666,12.64,0.8639583333333345,48
10,16,2007,12.198958333333334,13.22,1.021041666666667,48
10,16,2008,9.6341875,10.271,0.6368125000000013,48
10,16,2009,10.980833333333333,11.21,0.22916666666666785,48
10,16,2011,11.9985625,13.954,1.9554375000000004,48
10,16,2012,10.648833333333334,11.321,0.6721666666666657,48
10,16,2013,13.556666666666667,15.008,1.4513333333333325,48
10,16,2014,10.748770833333333,11.273,0.5242291666666663,48
10,16,2015,12.3565,13.81,1.4535,48
10,16,2016,14.678666666666667,14.96,0.2813333333333343,48
10,17,2001,9.950000000000001,10.87,0.9199999999999982,72
10,17,2002,13.446875,13.55,0.10312500000000036,48
10,17,2004,10.803958333333334,12.37,1.5660416666666652,48
10,17,2005,11.700416666666667,11.95,0.24958333333333194,48
10,17,2006,12.343958333333333,12.93,0.5860416666666666,48
10,17,2007,12.573541666666667,13.22,0.6464583333333334,48
10,17,2008,9.697229166666666,10.443,0.7457708333333333,48
10,17,2009,11.141041666666666,11.5,0.3589583333333337,48
10,17,2011,11.2570625,13.161,1.9039374999999996,48
10,17,2012,10.755854166666667,12.34,1.5841458333333325,48
10,17,2013,13.074270833333333,14.984,1.9097291666666667,48
10,17,2014,10.540291666666667,11.467,0.9267083333333339,48
10,17,2015,11.971270833333334,12.34,0.36872916666666633,48
10,17,2016,14.629229166666667,14.984,0.35477083333333326,48
10,18,2001,8.41013888888889,9.62,1.2098611111111097,72
10,18,2002,13.44375,13.55,0.10625000000000107,48
10,18,2004,10.034583333333334,10.67,0.6354166666666661,48
10,18,2005,11.66875,11.95,0.28125,48
10,18,2006,12.120416666666667,12.93,0.8095833333333324,48
10,18,2007,12.476875,13.22,0.7431250000000009,48
10,18,2008,11.839833333333333,13.161,1.3211666666666666,48
10,18,2009,11.199583333333333,11.5,0.300416666666667,48
10,18,2011,11.056979166666666,12.05,0.9930208333333344,48
10,18,2012,11.155958333333333,11.589,0.4330416666666679,48
10,18,2013,11.913770833333334,13.137,1.2232291666666661,48
10,18,2014,10.087604166666667,10.492,0.40439583333333395,48
10,18,2015,12.0491875,12.968,0.9188124999999996,48
10,18,2016,14.494604166666667,15.247,0.7523958333333329,48
10,19,2001,8.74013888888889,9.46,0.7198611111111113,72
10,19,2002,13.324375,13.55,0.22562500000000085,48
10,19,2004,10.214375,12.06,1.845625,48
10,19,2005,11.933333333333334,12.27,0.336666666666666,48
10,19,2006,11.365625,12.06,0.6943750000000009,48
10,19,2007,11.843333333333334,12.64,0.7966666666666669,48
10,19,2008,12.6474375,12.968,0.3205624999999994,48
10,19,2009,10.953333333333333,11.21,0.2566666666666677,48
10,19,2011,12.5055,14.314,1.8085000000000004,48
10,19,2012,11.5405,12.509,0.9685000000000006,48
10,19,2013,11.3351875,12.147,0.8118125000000003,48
10,19,2014,10.0473125,10.785,0.7376874999999998,48
10,19,2015,12.216854166666666,12.92,0.703145833333334,48
10,19,2016,14.213041666666667,14.768,0.5549583333333334,48
10,20,2001,9.118472222222222,9.77,0.6515277777777779,72
10,20,2002,13.065416666666666,13.4,0.33458333333333456,48
10,20,2004,11.692708333333334,12.21,0.5172916666666669,48
10,20,2005,11.927708333333333,12.11,0.18229166666666607,48
10,20,2006,11.159791666666667,12.35,1.1902083333333326,48
10,20,2007,9.937291666666667,11.77,1.8327083333333327,48
10,20,2008,12.742333333333333,12.847,0.10466666666666669,48
10,20,2009,10.93,10.93,0,48
10,20,2011,13.6641875,14.457,0.7928125000000001,48
10,20,2012,11.347854166666666,11.832,0.4841458333333346,48
10,20,2013,11.34725,12.413,1.0657499999999995,48
10,20,2014,10.506625,11.346,0.8393750000000004,48
10,20,2015,12.006541666666667,12.485,0.4784583333333323,48
10,20,2016,14.425208333333334,14.768,0.34279166666666683,48
10,21,2001,9.149444444444445,10.71,1.5605555555555561,72
10,21,2002,12.920416666666666,13.24,0.319583333333334,48
10,21,2004,12.302083333333334,12.52,0.21791666666666565,48
10,21,2005,11.729375,12.11,0.3806250000000002,48
10,21,2006,10.57,11.19,0.6199999999999992,48
10,21,2007,9.150416666666667,9.47,0.319583333333334,48
10,21,2008,12.598395833333333,12.703,0.10460416666666639,48
10,21,2009,10.869583333333333,10.93,0.060416666666666785,48
10,21,2011,11.188729166666667,13.858,2.669270833333334,48
10,21,2012,10.5351875,11.102,0.566812500000001,48
10,21,2013,10.845708333333333,12.05,1.204291666666668,48
10,21,2014,11.763520833333333,12.316,0.552479166666668,48
10,21,2015,11.959541666666667,12.727,0.7674583333333338,48
10,21,2016,14.605770833333333,15.175,0.569229166666668,48
10,22,2001,8.820555555555556,9.77,0.9494444444444436,72
10,22,2002,12.705833333333333,12.93,0.22416666666666707,48
10,22,2004,12.338958333333332,12.52,0.1810416666666672,48
10,22,2005,11.613541666666666,11.95,0.33645833333333286,48
10,22,2006,10.27375,11.19,0.9162499999999998,48
10,22,2007,8.941041666666667,9.47,0.5289583333333336,48
10,22,2008,12.403125,12.558,0.15487500000000054,48
10,22,2009,10.885833333333334,11.21,0.3241666666666667,48
10,22,2011,11.009333333333334,11.953,0.9436666666666653,48
10,22,2012,10.200125,10.663,0.46287500000000037,48
10,22,2013,10.9014375,11.832,0.9305625000000006,48
10,22,2014,12.403458333333333,13.209,0.8055416666666666,48
10,22,2015,11.716604166666666,12.05,0.3333958333333342,48
10,22,2016,14.074125,14.649,0.5748749999999987,48
10,23,2001,9.050972222222223,10.09,1.0390277777777772,72
10,23,2002,12.59375,12.78,0.18624999999999936,48
10,23,2004,12.09,12.37,0.27999999999999936,48
10,23,2005,11.637083333333333,11.8,0.1629166666666677,48
10,23,2006,10.635416666666666,10.9,0.2645833333333343,48
10,23,2007,8.631874999999999,9.18,0.5481250000000006,48
10,23,2008,12.220104166666667,12.268,0.04789583333333347,48
10,23,2009,10.845416666666667,10.93,0.08458333333333279,48
10,23,2011,11.355708333333334,12.606,1.2502916666666657,48
10,23,2012,10.266666666666666,11.224,0.9573333333333345,48
10,23,2013,10.840291666666667,11.734,0.8937083333333327,48
10,23,2014,13.0384375,13.329,0.29056250000000006,48
10,23,2015,11.812958333333334,12.534,0.7210416666666664,48
10,23,2016,12.756416666666667,13.497,0.7405833333333334,48
10,24,2001,8.77111111111111,9.15,0.3788888888888895,72
10,24,2002,12.337916666666667,12.46,0.12208333333333421,48
10,24,2004,11.8925,12.06,0.16750000000000043,48
10,24,2005,11.59,11.64,0.05000000000000071,48
10,24,2006,10.812708333333333,11.19,0.37729166666666636,48
10,24,2007,8.954166666666667,10.33,1.3758333333333326,48
10,24,2008,12.121458333333333,12.171,0.04954166666666637,48
10,24,2009,10.688333333333334,10.93,0.24166666666666536,48
10,24,2011,11.420291666666667,12.34,0.9197083333333325,48
10,24,2012,11.072333333333333,11.613,0.5406666666666666,48
10,24,2013,10.741604166666667,11.54,0.7983958333333323,48
10,24,2014,12.5105625,12.678,0.16743750000000013,48
10,24,2015,11.960229166666666,12.437,0.47677083333333314,48
10,24,2016,12.620750000000001,13.858,1.2372499999999995,48
10,25,2001,8.592638888888889,8.99,0.3973611111111115,72
10,25,2002,12.15,12.31,0.16000000000000014,48
10,25,2004,11.633333333333333,11.75,0.11666666666666714,48
10,25,2005,11.456666666666667,11.49,0.033333333333333215,48
10,25,2006,10.754166666666666,10.9,0.14583333333333393,48
10,25,2007,9.8341666666666665,11.77,1.935833333333333,48
10,25,2008,12.0914375,12.147,0.055562500000000625,48
10,25,2009,10.730625,10.93,0.19937499999999986,48
10,25,2011,11.020291666666667,12.171,1.1507083333333323,48
10,25,2012,11.452541666666667,11.734,0.28145833333333314,48
10,25,2013,10.518916666666668,11.37,0.8510833333333316,48
10,25,2014,12.430916666666667,12.485,0.05408333333333282,48
10,25,2015,11.986104166666667,12.243,0.2568958333333331,48
10,25,2016,12.281270833333334,13.57,1.2887291666666663,48
10,26,2001,8.441944444444445,8.84,0.3980555555555547,72
10,26,2002,12.087291666666667,12.15,0.06270833333333314,48
10,26,2004,11.49625,11.59,0.09375,48
10,26,2005,11.49,11.49,0,48
10,26,2006,10.6725,10.9,0.22750000000000092,48
10,26,2007,9.864375,10.9,1.0356249999999996,48
10,26,2008,11.9895625,12.195,0.20543750000000038,48
10,26,2009,10.175208333333334,10.64,0.4647916666666667,48
10,26,2011,10.78825,11.565,0.7767499999999998,48
10,26,2012,11.289791666666666,11.856,0.5662083333333339,48
10,26,2013,10.676416666666666,11.589,0.912583333333334,48
10,26,2014,12.325583333333334,12.437,0.11141666666666517,48
10,26,2015,11.853270833333333,12.413,0.559729166666667,48
10,26,2016,12.136916666666666,12.896,0.7590833333333347,48
10,27,2001,8.327916666666667,8.69,0.36208333333333265,72
10,27,2002,12.020208333333333,12.15,0.12979166666666764,48
10,27,2004,11.416666666666666,11.44,0.023333333333333428,48
10,27,2005,11.221874999999999,11.49,0.2681250000000013,48
10,27,2006,10.961875,11.19,0.22812500000000036,48
10,27,2007,8.706875,10.05,1.3431250000000006,48
10,27,2008,11.887083333333333,12.243,0.3559166666666673,48
10,27,2009,10.163333333333334,10.64,0.47666666666666657,48
10,27,2011,11.709458333333334,12.485,0.7755416666666655,48
10,27,2012,10.9900625,11.807,0.8169374999999999,48
10,27,2013,10.431520833333334,10.907,0.47547916666666623,48
10,27,2014,12.281729166666667,12.389,0.10727083333333276,48
10,27,2015,11.714208333333334,12.001,0.2867916666666659,48
10,27,2016,12.304916666666667,12.63,0.3250833333333336,48
10,28,2001,8.358333333333334,8.99,0.6316666666666659,72
10,28,2002,11.870625,11.99,0.11937499999999979,48
10,28,2004,11.316666666666666,11.44,0.12333333333333307,48
10,28,2005,11.101875,11.18,0.078125,48
10,28,2006,11.165833333333333,11.19,0.024166666666666003,48
10,28,2007,8.743541666666667,10.33,1.5864583333333329,48
10,28,2008,11.7985,12.05,0.25150000000000006,48
10,28,2009,10.301666666666666,10.64,0.3383333333333347,48
10,28,2011,12.066291666666666,12.316,0.2497083333333343,48
10,28,2012,11.805291666666667,12.582,0.7767083333333336,48
10,28,2013,10.497729166666666,11.029,0.531270833333334,48
10,28,2014,12.2625,12.534,0.2715000000000014,48
10,28,2015,11.844083333333334,12.147,0.3029166666666665,48
10,28,2016,12.551125,12.727,0.17587499999999956,48
10,29,2001,8.669305555555555,9.15,0.4806944444444454,72
10,29,2002,11.68,11.68,0,27
10,29,2004,11.205,11.28,0.07499999999999929,48
10,29,2005,11.136041666666666,11.33,0.19395833333333456,48
10,29,2006,10.688333333333333,11.19,0.5016666666666669,48
10,29,2007,9.908333333333333,10.62,0.711666666666666,48
10,29,2008,10.658854166666666,11.807,1.1481458333333343,48
10,29,2009,10.64,10.64,0,48
10,29,2011,12.084416666666666,12.34,0.25558333333333394,48
10,29,2012,12.697645833333333,12.823,0.12535416666666777,48
10,29,2013,10.556354166666667,10.907,0.3506458333333331,48
10,29,2014,12.220229166666666,12.389,0.16877083333333331,48
10,29,2015,11.837145833333334,12.292,0.45485416666666545,48
10,29,2016,12.585479166666667,12.703,0.11752083333333196,48
10,30,2001,9.20125,9.46,0.2587500000000009,72
10,30,2004,11.162291666666667,11.28,0.11770833333333286,48
10,30,2005,10.969999999999999,11.03,0.0600000000000005,48
10,30,2006,10.130208333333334,10.62,0.4897916666666653,48
10,30,2007,10.105833333333333,10.9,0.7941666666666674,48
10,30,2008,10.4018125,10.834,0.4321874999999995,48
10,30,2009,10.549375,10.64,0.09062500000000107,48
10,30,2011,12.151208333333333,12.292,0.14079166666666687,48
10,30,2012,12.483625,12.703,0.21937499999999943,48
10,30,2013,10.54425,10.761,0.21674999999999933,48
10,30,2014,12.186458333333334,12.316,0.12954166666666644,48
10,30,2015,11.211583333333333,11.904,0.6924166666666665,48
10,30,2016,12.432375,12.63,0.19762500000000038,48
10,31,2001,9.134444444444444,9.46,0.3255555555555567,72
10,31,2004,11.010625000000001,11.13,0.11937499999999979,48
10,31,2005,10.84,11.03,0.1899999999999995,48
10,31,2006,10.320833333333333,10.9,0.5791666666666675,48
10,31,2007,9.626041666666667,10.62,0.9939583333333317,48
10,31,2008,10.391354166666666,11.078,0.6866458333333334,48
10,31,2009,10.387708333333334,10.93,0.5422916666666655,48
10,31,2011,11.921479166666666,12.05,0.12852083333333475,48
10,31,2012,12.362916666666667,12.461,0.0980833333333333,48
10,31,2013,10.5325,10.761,0.2284999999999986,48
10,31,2014,12.1864375,12.389,0.2025624999999991,48
10,31,2015,11.0643125,11.929,0.8646875000000005,48
10,31,2016,12.200958333333334,12.243,0.04204166666666609,48
11,1,2001,9.47888888888889,9.93,0.4511111111111106,72
11,1,2004,10.825416666666667,11.13,0.30458333333333343,48
11,1,2005,10.832083333333333,10.87,0.03791666666666593,48
11,1,2006,10.422083333333333,10.62,0.19791666666666607,48
11,1,2007,8.858541666666667,10.33,1.4714583333333326,48
11,1,2008,10.457291666666666,11.053,0.5957083333333344,48
11,1,2009,10.057291666666666,10.64,0.5827083333333345,48
11,1,2011,11.801270833333334,11.929,0.12772916666666667,48
11,1,2012,12.259500000000001,12.389,0.1294999999999984,48
11,1,2013,10.578604166666667,11.248,0.6693958333333327,48
11,1,2014,12.2026875,12.292,0.08931250000000013,48
11,1,2015,10.941354166666667,11.71,0.7686458333333341,48
11,1,2016,12.085979166666666,12.292,0.20602083333333354,48
11,2,2001,9.477916666666667,9.93,0.4520833333333325,72
11,2,2004,10.771666666666667,11.13,0.3583333333333343,48
11,2,2005,10.65,10.72,0.07000000000000028,48
11,2,2006,10.421666666666667,10.62,0.19833333333333236,48
11,2,2007,9.9122916666666665,10.9,0.9877083333333339,48
11,2,2008,10.423229166666667,10.736,0.31277083333333344,48
11,2,2009,10.2775,10.35,0.07249999999999979,48
11,2,2011,11.781395833333333,11.953,0.17160416666666656,48
11,2,2012,12.135979166666667,12.413,0.27702083333333327,48
11,2,2013,10.482979166666667,10.834,0.3510208333333331,48
11,2,2014,11.977041666666667,12.147,0.16995833333333366,48
11,2,2015,10.9640625,11.88,0.9159375000000001,48
11,2,2016,12.119395833333334,12.195,0.07560416666666647,48
11,3,2001,9.089583333333334,9.62,0.5304166666666656,72
11,3,2004,10.576458333333333,10.82,0.2435416666666672,48
11,3,2005,10.594583333333334,10.72,0.1254166666666663,48
11,3,2006,10.285,10.62,0.3349999999999991,48
11,3,2007,10.9,10.9,0,48
11,3,2008,10.439666666666668,10.834,0.3943333333333321,48
11,3,2009,10.307708333333334,10.64,0.33229166666666643,48
11,3,2011,12.0748125,12.243,0.16818750000000016,48
11,3,2012,12.044604166666666,12.34,0.29539583333333397,48
11,3,2013,10.576083333333333,11.37,0.7939166666666662,48
11,3,2014,11.649375000000001,11.759,0.10962499999999942,48
11,3,2015,10.861604166666666,11.734,0.8723958333333339,48
11,3,2016,12.153083333333333,12.34,0.18691666666666684,48
11,4,2001,8.843055555555555,9.3,0.4569444444444457,72
11,4,2004,10.573541666666667,10.67,0.09645833333333265,48
11,4,2005,10.470833333333333,10.56,0.08916666666666728,48
11,4,2006,10.03125,10.33,0.29875000000000007,48
11,4,2007,10.865,10.9,0.03500000000000014,48
11,4,2008,10.437083333333334,10.712,0.27491666666666603,48
11,4,2009,10.109375,10.35,0.24062499999999964,48
11,4,2011,11.5751875,11.904,0.32881249999999973,48
11,4,2012,11.868333333333334,12.074,0.20566666666666578,48
11,4,2013,10.936083333333334,11.273,0.3369166666666654,48
11,4,2014,11.5394375,11.613,0.07356249999999953,48
11,4,2015,11.049604166666667,11.832,0.7823958333333341,48
11,4,2016,12.1895625,12.292,0.10243750000000063,48
11,5,2001,8.850138888888889,9.3,0.4498611111111117,72
11,5,2004,10.445625,10.82,0.37437500000000057,48
11,5,2005,10.265416666666667,10.56,0.29458333333333364,48
11,5,2006,10.012083333333333,10.33,0.31791666666666707,48
11,5,2007,10.666666666666666,10.9,0.23333333333333428,48
11,5,2008,10.498791666666667,10.834,0.3352083333333322,48
11,5,2009,10.054583333333333,10.35,0.2954166666666662,48
11,5,2011,11.210833333333333,11.37,0.1591666666666658,48
11,5,2012,11.656104166666667,11.856,0.19989583333333272,48
11,5,2013,11.1325625,11.419,0.2864374999999999,48
11,5,2014,11.492666666666667,11.54,0.04733333333333256,48
11,5,2015,10.9634375,11.637,0.673562500000001,48
11,5,2016,12.154145833333333,12.219,0.06485416666666666,48
11,6,2001,9.078472222222222,9.62,0.5415277777777767,72
11,6,2004,10.346666666666666,10.36,0.013333333333333641,48
11,6,2005,9.856875,10.41,0.5531249999999996,48
11,6,2006,10.016296296296296,10.33,0.3137037037037036,27
11,6,2007,10.51125,10.62,0.10874999999999879,48
11,6,2008,10.54775,10.858,0.3102499999999999,48
11,6,2009,9.9783333333333335,10.06,0.081666666666667,48
11,6,2011,11.262020833333333,11.589,0.3269791666666677,48
11,6,2012,11.3745625,11.54,0.16543749999999946,48
11,6,2013,11.016854166666667,11.224,0.20714583333333358,48
11,6,2014,11.471354166666668,11.516,0.04464583333333216,48
11,6,2015,11.133541666666666,11.613,0.47945833333333354,48
11,6,2016,12.1536875,12.219,0.06531249999999922,48
11,7,2001,9.459861111111111,9.93,0.4701388888888882,72
11,7,2004,10.353333333333333,10.36,0.0066666666666659324,48
11,7,2005,9.475833333333334,10.09,0.6141666666666659,48
11,7,2007,10.230833333333333,10.33,0.09916666666666707,48
11,7,2008,10.619083333333334,10.834,0.21491666666666553,48
11,7,2009,9.797083333333333,10.06,0.26291666666666735,48
11,7,2011,11.432791666666667,11.637,0.20420833333333377,48
11,7,2012,11.2209375,11.297,0.07606250000000081,48
11,7,2013,10.691833333333333,11.029,0.3371666666666666,48
11,7,2014,11.3329375,11.467,0.13406250000000064,48
11,7,2015,11.145729166666667,11.856,0.7102708333333325,48
11,7,2016,12.079958333333334,12.195,0.11504166666666649,48
11,8,2001,9.493456790123457,10.71,1.2165432098765443,81
11,8,2004,10.157708333333334,10.36,0.20229166666666565,48
11,8,2005,9.547708333333334,10.41,0.8622916666666658,48
11,8,2007,10.102500000000001,10.33,0.22749999999999915,48
11,8,2008,10.578333333333333,10.785,0.206666666666667,48
11,8,2009,9.855833333333333,10.06,0.2041666666666675,48
11,8,2011,11.243604166666668,11.516,0.2723958333333325,48
11,8,2012,11.059395833333333,11.127,0.06760416666666735,48
11,8,2013,10.427416666666668,10.712,0.2845833333333321,48
11,8,2014,11.0453125,11.151,0.10568750000000016,48
11,8,2015,11.157104166666667,11.88,0.7228958333333342,48
11,8,2016,11.864458333333333,11.953,0.08854166666666607,48
11,9,2001,9.252708333333334,9.78,0.5272916666666649,48
11,9,2004,9.969791666666667,10.2,0.2302083333333318,48
11,9,2005,9.656041666666667,10.09,0.433958333333333,48
11,9,2007,9.935208333333334,10.05,0.11479166666666707,48
11,9,2008,10.510479166666666,10.883,0.37252083333333275,48
11,9,2009,9.826666666666666,10.06,0.23333333333333428,48
11,9,2011,10.995020833333333,11.127,0.13197916666666742,48
11,9,2012,11.008270833333334,11.102,0.09372916666666598,48
11,9,2013,10.277854166666666,10.736,0.4581458333333348,48
11,9,2014,11.020979166666667,11.029,0.008020833333333144,48
11,9,2015,10.985208333333333,11.759,0.7737916666666678,48
11,9,2016,11.853375,11.953,0.09962499999999963,48
11,10,2001,9.200625,9.31,0.109375,48
11,10,2004,9.761041666666667,9.89,0.12895833333333329,48
11,10,2005,9.813333333333333,10.09,0.2766666666666673,48
11,10,2007,9.699583333333333,9.76,0.060416666666666785,48
11,10,2008,10.3283125,10.907,0.5786875000000009,48
11,10,2009,9.826875,10.35,0.5231250000000003,48
11,10,2011,11.075333333333333,11.516,0.440666666666667,48
11,10,2012,10.883270833333334,11.029,0.14572916666666558,48
11,10,2013,10.104708333333333,10.443,0.33829166666666666,48
11,10,2014,10.998979166666667,11.029,0.030020833333333385,48
11,10,2015,10.882104166666666,11.151,0.26889583333333356,48
11,10,2016,11.911854166666666,12.243,0.33114583333333414,48
11,11,2001,9.056875,9.31,0.2531250000000007,48
11,11,2004,9.577291666666667,9.74,0.1627083333333328,48
11,11,2005,9.7425,9.78,0.037499999999999645,48
11,11,2007,9.476041666666667,9.76,0.28395833333333265,48
11,11,2008,10.086791666666667,10.443,0.356208333333333,48
11,11,2009,9.838333333333333,10.06,0.22166666666666757,48
11,11,2011,10.899854166666668,11.37,0.4701458333333317,48
11,11,2012,10.828375,10.932,0.10362500000000097,48
11,11,2013,9.980333333333332,10.051,0.07066666666666777,48
11,11,2014,11.046270833333333,11.151,0.10472916666666698,48
11,11,2015,11.559708333333333,11.832,0.2722916666666677,48
11,11,2016,11.6060625,11.783,0.1769374999999993,48
11,12,2001,8.946666666666667,9.01,0.06333333333333258,48
11,12,2004,9.489374999999999,9.58,0.09062500000000107,48
11,12,2005,9.701875,9.78,0.078125,48
11,12,2007,9.43375,9.47,0.03625000000000078,48
11,12,2008,9.970145833333333,10.222,0.25185416666666605,48
11,12,2009,9.838333333333333,10.06,0.22166666666666757,48
11,12,2011,10.659270833333334,11.078,0.41872916666666526,48
11,12,2012,10.900541666666667,10.932,0.031458333333333144,48
11,12,2013,9.786916666666666,9.903,0.11608333333333398,48
11,12,2014,11.0543125,11.102,0.04768750000000033,48
11,12,2015,11.679333333333334,11.832,0.15266666666666673,48
11,12,2016,11.2436875,11.467,0.22331250000000047,48
11,13,2001,8.734375,8.85,0.11562499999999964,48
11,13,2004,9.316875,9.43,0.11312500000000014,48
11,13,2005,9.620000000000001,9.63,0.009999999999999787,48
11,13,2007,9.608958333333334,9.76,0.15104166666666607,48
11,13,2008,9.962958333333333,10.026,0.06304166666666688,48
11,13,2009,9.78,9.78,0,48
11,13,2011,10.594708333333333,10.932,0.3372916666666672,48
11,13,2012,10.876208333333333,10.98,0.10379166666666784,48
11,13,2013,9.589270833333334,9.706,0.11672916666666566,48
11,13,2014,10.978770833333334,11.029,0.0502291666666661,48
11,13,2015,11.568104166666666,11.734,0.1658958333333338,48
11,13,2016,11.557,11.807,0.25,48
11,14,2001,8.693124999999998,8.85,0.1568750000000012,48
11,14,2004,8.936458333333334,9.27,0.3335416666666653,48
11,14,2005,9.63,9.63,0,48
11,14,2007,9.566666666666666,9.76,0.19333333333333336,48
11,14,2008,9.9538125,10.001,0.047187499999999716,48
11,14,2009,9.78,9.78,0,48
11,14,2011,10.569812500000001,10.932,0.3621874999999992,48
11,14,2012,10.736708333333333,10.883,0.1462916666666665,48
11,14,2013,9.519958333333333,9.608,0.08804166666666724,48
11,14,2014,10.93975,11.005,0.0652500000000007,48
11,14,2015,11.005666666666666,11.443,0.43733333333333313,48
11,14,2016,11.711270833333334,11.832,0.120729166666667,48
11,15,2001,8.66,8.7,0.03999999999999915,48
11,15,2004,8.784791666666667,9.12,0.3352083333333322,48
11,15,2005,9.616666666666667,9.63,0.013333333333333641,48
11,15,2007,9.669375,9.76,0.09062499999999929,48
11,15,2008,9.969125,10.198,0.22887500000000038,48
11,15,2009,9.78,9.78,0,48
11,15,2011,10.611541666666668,10.883,0.2714583333333316,48
11,15,2012,10.51375,10.614,0.10025000000000084,48
11,15,2013,9.535333333333334,9.682,0.1466666666666665,48
11,15,2014,10.6663125,10.956,0.28968749999999943,48
11,15,2015,10.9213125,11.151,0.22968749999999893,48
11,15,2016,11.734395833333334,11.856,0.12160416666666585,48
11,16,2001,8.593333333333332,8.7,0.10666666666666735,48
11,16,2004,8.742708333333333,9.12,0.37729166666666636,48
11,16,2005,9.613333333333333,9.63,0.016666666666667496,48
11,16,2007,9.409583333333334,9.76,0.35041666666666593,48
11,16,2008,9.898604166666667,10.026,0.12739583333333293,48
11,16,2009,9.78,9.78,0,48
11,16,2011,10.624291666666666,10.883,0.2587083333333329,48
11,16,2012,10.477041666666667,10.516,0.03895833333333343,48
11,16,2013,9.538895833333333,9.583,0.044104166666667055,48
11,16,2014,10.505604166666668,10.59,0.0843958333333319,48
11,16,2015,10.840958333333333,11.053,0.2120416666666678,48
11,16,2016,11.782562500000001,11.904,0.12143749999999898,48
11,17,2001,8.616666666666665,8.7,0.08333333333333393,48
11,17,2004,8.817708333333334,9.12,0.3022916666666653,48
11,17,2005,9.503333333333334,9.63,0.12666666666666693,48
11,17,2007,9.2283333333333335,9.47,0.24166666666666714,48
11,17,2008,9.678625,9.78,0.1013749999999991,48
11,17,2009,9.725624999999999,9.78,0.054375000000000284,48
11,17,2011,10.667520833333333,10.932,0.2644791666666677,48
11,17,2012,10.361166666666666,10.443,0.08183333333333387,48
11,17,2013,9.551208333333333,9.952,0.40079166666666666,48
11,17,2014,10.4921875,10.59,0.09781249999999986,48
11,17,2015,10.737666666666666,10.858,0.12033333333333474,48
11,17,2016,11.6328125,11.71,0.07718750000000085,48
11,18,2001,8.524999999999999,8.7,0.1750000000000007,48
11,18,2004,8.933125,9.12,0.1868749999999988,48
11,18,2005,9.49,9.63,0.14000000000000057,48
11,18,2007,9.192083333333333,9.47,0.2779166666666679,48
11,18,2008,9.5804375,9.706,0.12556249999999913,48
11,18,2009,9.520208333333333,9.78,0.25979166666666664,48
11,18,2011,10.508125,10.614,0.10587500000000105,48
11,18,2012,10.067791666666666,10.32,0.2522083333333338,48
11,18,2013,9.547625,9.756,0.2083750000000002,48
11,18,2014,10.410187500000001,10.614,0.20381249999999973,48
11,18,2015,10.633854166666667,10.712,0.07814583333333225,48
11,18,2016,11.5525625,11.613,0.060437499999999034,48
11,19,2001,8.434583333333334,8.7,0.2654166666666651,48
11,19,2004,8.993333333333334,9.12,0.12666666666666515,48
11,19,2005,9.32625,9.47,0.1437500000000007,48
11,19,2007,8.77375,9.18,0.40625,48
11,19,2008,9.172520833333333,9.558,0.3854791666666664,48
11,19,2009,9.5564583333333335,9.78,0.22354166666666586,48
11,19,2011,10.322770833333333,10.467,0.1442291666666673,48
11,19,2012,10.025645833333334,10.1,0.07435416666666583,48
11,19,2013,9.357958333333332,9.485,0.12704166666666694,48
11,19,2014,10.153354166666666,10.222,0.06864583333333307,48
11,19,2015,10.517291666666667,10.638,0.12070833333333297,48
11,19,2016,11.558604166666667,11.613,0.05439583333333253,48
11,20,2001,8.613333333333333,8.85,0.23666666666666636,48
11,20,2004,8.903958333333334,9.12,0.21604166666666558,48
11,20,2005,9.306875,9.31,0.0031250000000007105,48
11,20,2007,8.82,8.89,0.07000000000000028,48
11,20,2008,8.67825,8.891,0.21274999999999977,48
11,20,2009,9.67125,9.78,0.10874999999999879,48
11,20,2011,10.261166666666666,10.345,0.08383333333333454,48
11,20,2012,9.959354166666667,10.026,0.0666458333333324,48
11,20,2013,9.332208333333334,9.558,0.22579166666666595,48
11,20,2014,10.049520833333334,10.345,0.2954791666666665,48
11,20,2015,10.56825,10.687,0.11874999999999858,48
11,20,2016,11.471958333333333,11.589,0.11704166666666715,48
11,21,2001,8.475416666666666,8.85,0.3745833333333337,48
11,21,2004,8.699791666666668,8.96,0.26020833333333293,48
11,21,2005,9.275625,9.31,0.03437500000000071,48
11,21,2007,8.785,8.89,0.10500000000000043,48
11,21,2008,8.729229166666666,8.965,0.23577083333333348,48
11,21,2009,9.5564583333333335,9.78,0.22354166666666586,48
11,21,2011,10.244291666666667,10.369,0.12470833333333253,48
11,21,2012,9.893375,9.952,0.05862499999999926,48
11,21,2013,9.444833333333333,9.632,0.18716666666666626,48
11,21,2014,9.699916666666667,10.051,0.3510833333333334,48
11,21,2015,10.5320625,10.59,0.05793749999999953,48
11,21,2016,11.140791666666667,11.37,0.22920833333333235,48
11,22,2001,8.352708333333334,8.54,0.18729166666666508,48
11,22,2004,8.6075,8.81,0.20250000000000057,48
11,22,2005,9.169375,9.31,0.140625,48
11,22,2007,8.884166666666667,8.89,0.005833333333333357,48
11,22,2008,8.304020833333333,8.742,0.43797916666666836,48
11,22,2009,9.502083333333333,9.78,0.27791666666666615,48
11,22,2011,10.175979166666666,10.222,0.0460208333333334,48
11,22,2012,9.902041666666667,10.051,0.14895833333333286,48
11,22,2013,9.4613125,9.632,0.17068749999999966,48
11,22,2014,9.4526875,9.952,0.49931250000000027,48
11,22,2015,10.4985,10.541,0.042500000000000426,48
11,22,2016,10.978291666666667,11.053,0.0747083333333336,48
11,23,2001,8.404791666666666,8.54,0.13520833333333293,48
11,23,2004,8.767708333333333,8.96,0.19229166666666764,48
11,23,2005,9.2475,9.31,0.0625,48
11,23,2007,8.625416666666666,8.89,0.2645833333333343,48
11,23,2008,7.663125,7.995,0.33187500000000014,48
11,23,2009,9.363125,9.49,0.12687500000000007,48
11,23,2011,10.086833333333333,10.222,0.13516666666666666,48
11,23,2012,10.018333333333333,10.149,0.1306666666666665,48
11,23,2013,9.42275,9.657,0.2342499999999994,48
11,23,2014,9.439208333333333,9.731,0.29179166666666667,48
11,23,2015,10.391770833333334,10.565,0.17322916666666544,48
11,23,2016,10.532458333333333,10.907,0.37454166666666744,48
11,24,2001,8.316458333333333,8.54,0.22354166666666586,48
11,24,2004,8.924166666666666,9.12,0.19583333333333286,48
11,24,2005,8.529166666666667,9.16,0.6308333333333334,48
11,24,2007,8.30625,8.61,0.3037499999999991,48
11,24,2008,8.094791666666666,8.494,0.39920833333333405,48
11,24,2009,9.2,9.2,0,48
11,24,2011,9.869291666666667,10.026,0.15670833333333256,48
11,24,2012,10.035145833333333,10.247,0.2118541666666669,48
11,24,2013,8.771458333333333,9.262,0.4905416666666671,48
11,24,2014,9.489125,10.075,0.5858749999999997,48
11,24,2015,10.149291666666667,10.32,0.17070833333333368,48
11,24,2016,10.144416666666666,10.541,0.39658333333333395,48
11,25,2001,8.331875,8.7,0.36812499999999915,48
11,25,2004,8.965625000000001,9.12,0.15437499999999815,48
11,25,2005,8.468541666666667,9.01,0.5414583333333329,48
11,25,2007,8.579374999999999,8.89,0.3106250000000017,48
11,25,2008,8.178291666666667,8.319,0.14070833333333432,48
11,25,2009,9.1033333333333335,9.2,0.09666666666666579,48
11,25,2011,9.889854166666666,10.075,0.18514583333333334,48
11,25,2012,9.824270833333333,9.903,0.07872916666666718,48
11,25,2013,8.708020833333332,8.99,0.2819791666666678,48
11,25,2014,9.5953125,10.026,0.43068749999999945,48
11,25,2015,10.084249999999999,10.32,0.23575000000000124,48
11,25,2016,10.088083333333334,10.541,0.45291666666666686,48
11,26,2001,8.35875,8.7,0.3412499999999987,48
11,26,2004,8.808541666666667,8.96,0.15145833333333414,48
11,26,2005,8.636458333333334,9.01,0.3735416666666662,48
11,26,2007,8.548958333333333,8.89,0.34104166666666735,48
11,26,2008,8.021041666666667,8.195,0.17395833333333321,48
11,26,2009,8.970416666666667,9.2,0.22958333333333236,48
11,26,2011,9.895395833333334,10.1,0.20460416666666603,48
11,26,2012,9.887791666666667,10.001,0.11320833333333269,48
11,26,2013,8.891125,8.941,0.049875000000000114,48
11,26,2014,9.764083333333334,10.173,0.4089166666666664,48
11,26,2015,10.0035,10.198,0.19449999999999967,48
11,26,2016,9.931666666666667,10.32,0.38833333333333364,48
11,27,2001,8.379166666666666,8.54,0.16083333333333272,48
11,27,2004,8.720208333333334,8.81,0.08979166666666671,48
11,27,2005,8.785625,9.16,0.37437500000000057,48
11,27,2007,8.434791666666667,8.61,0.17520833333333208,48
11,27,2008,7.805416666666667,7.97,0.16458333333333286,48
11,27,2009,9.121458333333333,9.2,0.07854166666666629,48
11,27,2011,10.018270833333332,10.296,0.277729166666667,48
11,27,2012,9.9589375,10.075,0.11606249999999996,48
11,27,2013,8.848104166666667,8.941,0.0928958333333334,48
11,27,2014,9.454354166666667,10.026,0.5716458333333332,48
11,27,2015,10.136520833333334,10.271,0.13447916666666693,48
11,27,2016,9.813520833333333,9.977,0.16347916666666684,48
11,28,2001,8.346250000000001,8.54,0.19374999999999787,48
11,28,2004,8.65,8.65,0,48
11,28,2005,8.462291666666667,9.01,0.5477083333333326,48
11,28,2007,8.326041666666667,8.61,0.28395833333333265,48
11,28,2008,7.997020833333333,8.344,0.3469791666666664,48
11,28,2009,9.067083333333333,9.2,0.13291666666666657,48
11,28,2011,10.021958333333334,10.222,0.20004166666666556,48
11,28,2012,9.775541666666667,9.928,0.15245833333333358,48
11,28,2013,8.6573125,8.767,0.10968749999999972,48
11,28,2014,9.303791666666667,9.78,0.47620833333333223,48
11,28,2015,10.083229166666667,10.271,0.18777083333333344,48
11,28,2016,10.05275,10.443,0.39025,48
11,29,2001,8.6,8.7,0.09999999999999964,48
11,29,2004,8.6,8.65,0.05000000000000071,48
11,29,2005,8.230833333333333,8.54,0.30916666666666615,48
11,29,2007,8.35625,8.61,0.25375000000000014,48
11,29,2008,7.993666666666667,8.891,0.8973333333333331,48
11,29,2009,9.061041666666666,9.2,0.13895833333333307,48
11,29,2011,10.050729166666667,10.222,0.17127083333333282,48
11,29,2012,9.504458333333334,9.608,0.10354166666666664,48
11,29,2013,8.457375,8.618,0.16062499999999957,48
11,29,2014,8.779791666666666,9.608,0.8282083333333343,48
11,29,2015,10.000333333333334,10.198,0.19766666666666666,48
11,29,2016,10.290125,10.443,0.15287499999999987,48
11,30,2001,8.550416666666665,8.7,0.14958333333333407,48
11,30,2004,8.50625,8.65,0.1437500000000007,48
11,30,2005,8.2975,8.7,0.40249999999999986,48
11,30,2007,8.21375,8.32,0.10625000000000107,48
11,30,2008,7.786645833333333,8.792,1.0053541666666668,48
11,30,2009,8.977708333333334,9.2,0.22229166666666522,48
11,30,2011,10.016229166666667,10.124,0.10777083333333337,48
11,30,2012,9.299458333333334,9.386,0.0865416666666654,48
11,30,2013,8.243770833333333,8.344,0.10022916666666681,48
11,30,2014,9.3000625,9.854,0.5539375,48
11,30,2015,9.8611875,10.173,0.31181250000000027,48
11,30,2016,10.302979166666667,10.394,0.09102083333333333,48
12,1,2001,8.507291666666667,8.7,0.19270833333333215,48
12,1,2004,8.473333333333333,8.5,0.026666666666667282,48
12,1,2005,8.280833333333334,8.7,0.4191666666666656,48
12,1,2007,7.699791666666667,8.02,0.32020833333333254,48
12,1,2008,7.732166666666666,8.07,0.3378333333333341,48
12,1,2009,8.989374999999999,9.2,0.21062500000000028,48
12,1,2011,9.934354166666667,9.977,0.04264583333333327,48
12,1,2012,9.203125,9.262,0.058875000000000455,48
12,1,2013,8.189770833333334,8.319,0.12922916666666673,48
12,1,2014,9.781020833333333,10.001,0.21997916666666661,48
12,1,2015,9.803270833333332,9.903,0.09972916666666798,48
12,1,2016,10.352416666666667,10.492,0.13958333333333428,48
12,2,2001,8.443125,8.54,0.09687499999999893,48
12,2,2004,8.411458333333334,8.5,0.08854166666666607,48
12,2,2005,8.59125,9.01,0.4187499999999993,48
12,2,2007,7.15,7.44,0.29000000000000004,48
12,2,2008,7.619354166666667,8.17,0.5506458333333333,48
12,2,2009,8.948541666666667,9.2,0.251458333333332,48
12,2,2011,9.9030625,9.952,0.04893749999999919,48
12,2,2012,9.1745625,9.46,0.28543750000000045,48
12,2,2013,8.061145833333333,8.22,0.15885416666666785,48
12,2,2014,9.3459375,9.756,0.41006250000000044,48
12,2,2015,9.871895833333333,10.075,0.20310416666666598,48
12,2,2016,10.269270833333334,10.467,0.19772916666666696,48
12,3,2001,8.39,8.39,0,48
12,3,2004,8.410208333333333,8.5,0.08979166666666671,48
12,3,2005,8.710625,9.01,0.2993749999999995,48
12,3,2007,6.878125000000001,7.15,0.27187499999999964,48
12,3,2008,7.679875,8.245,0.5651249999999992,48
12,3,2009,8.8341666666666665,8.91,0.07583333333333364,48
12,3,2011,9.686291666666667,9.903,0.21670833333333306,48
12,3,2012,9.297166666666667,9.657,0.35983333333333256,48
12,3,2013,7.8976041666666665,7.97,0.07239583333333321,48
12,3,2014,9.201270833333334,9.657,0.4557291666666661,48
12,3,2015,9.886208333333334,10.198,0.31179166666666625,48
12,3,2016,10.140604166666666,10.345,0.20439583333333466,48
12,4,2001,8.366666666666667,8.39,0.023333333333333428,48
12,4,2004,8.242083333333333,8.5,0.25791666666666657,48
12,4,2005,8.623333333333333,9.01,0.3866666666666667,48
12,4,2007,6.503541666666667,6.86,0.3564583333333333,48
12,4,2008,7.90975,8.643,0.7332500000000008,48
12,4,2009,8.845833333333333,8.91,0.06416666666666693,48
12,4,2011,9.601458333333333,9.756,0.1545416666666668,48
12,4,2012,9.164270833333333,9.657,0.4927291666666669,48
12,4,2013,7.722770833333334,7.92,0.19722916666666634,48
12,4,2014,9.220395833333333,9.558,0.3376041666666669,48
12,4,2015,9.7211875,10.1,0.37881250000000044,48
12,4,2016,9.749875,10.051,0.30112500000000075,48
12,5,2001,8.39,8.39,0,48
12,5,2004,8.162708333333333,8.34,0.17729166666666707,48
12,5,2005,8.366875,8.7,0.333124999999999,48
12,5,2007,6.16125,6.57,0.4087500000000004,48
12,5,2008,7.9688125,8.469,0.5001874999999991,48
12,5,2009,8.863333333333333,8.91,0.046666666666666856,48
12,5,2011,9.6843125,9.805,0.12068749999999895,48
12,5,2012,9.513125,10.075,0.5618749999999988,48
12,5,2013,7.50075,7.695,0.19425000000000026,48
12,5,2014,8.9514375,9.114,0.16256249999999994,48
12,5,2015,9.626708333333333,10.001,0.37429166666666625,48
12,5,2016,9.813,9.928,0.11500000000000021,48
12,6,2001,8.415000000000001,8.54,0.12499999999999822,48
12,6,2004,8.050625,8.19,0.13937499999999936,48
12,6,2005,8.067291666666666,8.39,0.3227083333333347,48
12,6,2007,6.491458333333334,6.86,0.3685416666666663,48
12,6,2008,7.939770833333333,8.319,0.3792291666666676,48
12,6,2009,8.526666666666667,8.91,0.38333333333333286,48
12,6,2011,9.769416666666666,9.879,0.10958333333333314,48
12,6,2012,9.221083333333333,9.952,0.7309166666666673,48
12,6,2013,7.558104166666666,7.67,0.11189583333333353,48
12,6,2014,8.94725,9.188,0.24075000000000024,48
12,6,2015,9.399916666666666,9.928,0.5280833333333348,48
12,6,2016,9.855541666666666,10.075,0.21945833333333375,48
12,7,2001,8.499374999999999,8.54,0.040625000000000355,48
12,7,2004,7.752083333333333,8.03,0.27791666666666615,48
12,7,2005,8.2775,8.85,0.5724999999999998,48
12,7,2007,6.7995833333333335,7.15,0.3504166666666668,48
12,7,2008,7.982208333333333,8.593,0.6107916666666666,48
12,7,2009,8.430625000000001,8.63,0.19937499999999986,48
12,7,2011,9.777666666666667,9.879,0.10133333333333283,48
12,7,2012,8.76225,9.805,1.0427499999999998,48
12,7,2013,7.663291666666667,8.02,0.35670833333333274,48
12,7,2014,8.759166666666667,9.089,0.3298333333333332,48
12,7,2015,9.560479166666667,9.903,0.3425208333333334,48
12,7,2016,9.788916666666667,9.952,0.1630833333333328,48
12,8,2001,8.448541666666667,8.54,0.09145833333333186,48
12,8,2004,7.5808333333333335,7.88,0.29916666666666636,48
12,8,2005,8.041875,8.85,0.8081250000000004,48
12,8,2007,6.980833333333334,7.15,0.16916666666666647,48
12,8,2008,7.6559375,7.945,0.2890625,48
12,8,2009,8.2675,8.63,0.3625000000000007,48
12,8,2011,9.631854166666667,9.805,0.1731458333333329,48
12,8,2012,9.527333333333333,10.001,0.47366666666666646,48
12,8,2013,7.4160208333333335,7.569,0.15297916666666644,48
12,8,2014,8.241520833333334,8.519,0.27747916666666583,48
12,8,2015,9.544479166666667,9.78,0.2355208333333323,48
12,8,2016,9.587583333333333,9.952,0.36441666666666706,48
12,9,2001,8.32625,8.54,0.21374999999999922,48
12,9,2004,7.619791666666667,7.88,0.26020833333333293,48
12,9,2005,7.223958333333333,8.08,0.856041666666667,48
12,9,2007,7.053333333333334,7.15,0.09666666666666668,48
12,9,2008,7.833020833333333,7.895,0.06197916666666625,48
12,9,2009,7.874791666666667,8.34,0.465208333333333,48
12,9,2011,9.6728125,9.879,0.2061875000000004,48
12,9,2012,9.601416666666667,10.075,0.47358333333333213,48
12,9,2013,7.2235,7.318,0.09450000000000003,48
12,9,2014,8.4645,8.693,0.22850000000000037,48
12,9,2015,9.575854166666668,9.731,0.1551458333333322,48
12,9,2016,9.433583333333333,9.558,0.12441666666666684,48
12,10,2001,8.137708333333334,8.39,0.25229166666666636,48
12,10,2004,7.5225,7.72,0.1974999999999998,48
12,10,2005,6.9075,7.15,0.2425000000000006,48
12,10,2007,6.890208333333334,7.15,0.25979166666666664,48
12,10,2008,7.87625,7.97,0.09375,48
12,10,2009,7.784166666666667,8.34,0.5558333333333332,48
12,10,2011,9.7769375,9.854,0.07706249999999848,48
12,10,2012,9.4598125,9.977,0.5171875000000004,48
12,10,2013,7.147291666666667,7.343,0.19570833333333315,48
12,10,2014,8.771104166666667,9.064,0.2928958333333327,48
12,10,2015,9.338416666666667,9.41,0.07158333333333289,48
12,10,2016,8.989115384615385,9.188,0.19888461538461577,26
12,11,2001,8.13625,8.23,0.09375,48
12,11,2004,7.446666666666667,7.57,0.12333333333333307,48
12,11,2005,7.217083333333333,7.93,0.7129166666666666,48
12,11,2007,6.727083333333334,6.86,0.13291666666666657,48
12,11,2008,7.828854166666667,7.92,0.09114583333333304,48
12,11,2009,7.76,7.76,0,48
12,11,2011,9.417875,9.805,0.3871249999999993,48
12,11,2012,9.498916666666666,9.977,0.4780833333333341,48
12,11,2013,7.063125,7.444,0.38087499999999963,48
12,11,2014,8.668729166666667,8.891,0.22227083333333297,48
12,11,2015,9.4371875,9.608,0.17081250000000026,48
12,12,2001,8.010625,8.23,0.2193750000000012,48
12,12,2004,7.543333333333334,7.57,0.026666666666666394,48
12,12,2005,7.18375,7.77,0.5862499999999997,48
12,12,2007,6.86,6.86,0,48
12,12,2008,7.7715625,7.845,0.07343749999999982,48
12,12,2009,7.669375,7.76,0.09062500000000018,48
12,12,2011,9.296979166666667,9.78,0.4830208333333328,48
12,12,2012,9.325666666666667,9.952,0.6263333333333332,48
12,12,2013,7.120020833333333,7.368,0.24797916666666708,48
12,12,2014,8.711083333333333,8.916,0.20491666666666752,48
12,12,2015,9.5609375,9.78,0.21906249999999972,48
12,13,2001,7.96125,8.23,0.2687500000000007,48
12,13,2004,7.650416666666667,7.88,0.22958333333333325,48
12,13,2005,6.763958333333333,7,0.23604166666666693,48
12,13,2007,6.60625,6.86,0.25375000000000014,48
12,13,2008,7.465083333333333,7.645,0.17991666666666628,48
12,13,2009,7.560625,8.05,0.4893750000000008,48
12,13,2011,9.250770833333334,9.632,0.3812291666666656,48
12,13,2012,9.2919375,9.928,0.6360625000000013,48
12,13,2013,7.063583333333333,7.268,0.2044166666666669,48
12,13,2014,8.651020833333334,8.916,0.26497916666666654,48
12,13,2015,9.391875,9.706,0.3141249999999989,48
12,14,1999,7.06695652173913,7.22,0.1530434782608694,46
12,14,2001,7.985625,8.08,0.09437500000000032,48
12,14,2004,7.683333333333334,7.88,0.19666666666666632,48
12,14,2005,6.427708333333333,6.69,0.26229166666666703,48
12,14,2007,6.400833333333334,6.57,0.16916666666666647,48
12,14,2008,7.341541666666666,7.544,0.2024583333333334,48
12,14,2009,7.729791666666666,8.34,0.6102083333333335,48
12,14,2011,9.182791666666667,9.534,0.351208333333334,48
12,14,2012,9.141416666666666,10.075,0.933583333333333,48
12,14,2013,6.383375,6.839,0.4556250000000004,48
12,14,2014,8.466666666666667,8.767,0.3003333333333327,48
12,14,2015,9.163229166666667,9.534,0.37077083333333327,48
12,15,1999,7.216666666666667,7.53,0.31333333333333346,48
12,15,2001,8.020625,8.08,0.05937499999999929,48
12,15,2004,7.254791666666667,7.41,0.1552083333333334,48
12,15,2005,5.862708333333333,6.22,0.3572916666666668,48
12,15,2007,5.962083333333333,6.28,0.31791666666666707,48
12,15,2008,7.470833333333333,7.569,0.09816666666666674,48
12,15,2009,7.421666666666667,8.05,0.6283333333333339,48
12,15,2011,8.941229166666666,9.534,0.5927708333333346,48
12,15,2012,9.137166666666667,10.001,0.8638333333333321,48
12,15,2013,6.255520833333334,6.458,0.20247916666666654,48
12,15,2014,8.38825,8.792,0.4037500000000005,48
12,15,2015,9.502875,9.805,0.3021250000000002,48
12,16,1999,7.37,7.37,0,48
12,16,2001,7.7439583333333335,7.93,0.18604166666666622,48
12,16,2004,6.960416666666666,7.1,0.1395833333333334,48
12,16,2005,5.904375,6.06,0.15562499999999968,48
12,16,2007,5.9972916666666665,6.28,0.2827083333333338,48
12,16,2008,7.501166666666666,7.594,0.09283333333333399,48
12,16,2009,7.282708333333333,7.76,0.4772916666666669,48
12,16,2011,9.440083333333334,9.805,0.3649166666666659,48
12,16,2012,8.738979166666667,9.632,0.8930208333333329,48
12,16,2013,6.313958333333334,6.535,0.22104166666666636,48
12,16,2014,8.2005625,8.344,0.14343749999999922,48
12,16,2015,9.427854166666666,9.78,0.35214583333333316,48
12,17,1999,7.33875,7.37,0.03125,48
12,17,2001,7.494166666666667,7.77,0.27583333333333293,48
12,17,2004,6.744791666666667,7.1,0.3552083333333327,48
12,17,2005,5.975625,6.06,0.08437499999999964,48
12,17,2007,5.612291666666667,5.99,0.37770833333333353,48
12,17,2008,7.333125,7.544,0.2108749999999997,48
12,17,2009,6.513541666666667,6.89,0.3764583333333329,48
12,17,2011,9.3201875,9.706,0.3858125000000001,48
12,17,2012,8.41475,8.916,0.5012500000000006,48
12,17,2013,6.091958333333333,6.255,0.16304166666666653,48
12,17,2014,8.1918125,8.319,0.12718750000000156,48
12,17,2015,9.3466875,9.583,0.23631250000000037,48
12,18,1999,7.248125,7.37,0.12187500000000018,48
12,18,2001,7.501875,7.77,0.2681249999999995,48
12,18,2004,6.502291666666666,6.79,0.2877083333333337,48
12,18,2005,5.808958333333333,5.91,0.10104166666666714,48
12,18,2007,5.984166666666667,5.99,0.005833333333333357,48
12,18,2008,7.2140208333333335,7.368,0.15397916666666678,48
12,18,2009,5.8125,6.32,0.5075000000000003,48
12,18,2011,8.935541666666667,9.386,0.45045833333333185,48
12,18,2012,8.527229166666666,9.238,0.7107708333333331,48
12,18,2013,5.2031875,5.668,0.46481249999999985,48
12,18,2014,8.2259375,8.369,0.1430624999999992,48
12,18,2015,9.479354166666667,9.682,0.20264583333333341,48
12,19,1999,7.173125,7.37,0.19687500000000036,48
12,19,2001,7.413125,7.93,0.5168749999999998,48
12,19,2004,6.32375,6.48,0.15625,48
12,19,2005,5.969374999999999,6.69,0.720625000000001,48
12,19,2007,5.275,5.71,0.4349999999999996,48
12,19,2008,7.0598125,7.318,0.2581875,48
12,19,2009,5.588958333333333,6.03,0.441041666666667,48
12,19,2011,8.365583333333333,8.568,0.20241666666666625,48
12,19,2012,8.64425,9.04,0.3957499999999996,48
12,19,2013,6.025645833333333,6.357,0.3313541666666673,48
12,19,2014,8.088729166666667,8.394,0.30527083333333316,48
12,19,2015,9.2581875,9.509,0.2508125000000003,48
12,20,1999,6.875624999999999,7.06,0.18437500000000018,48
12,20,2001,7.65375,7.93,0.2762500000000001,48
12,20,2004,6.28,6.33,0.04999999999999982,48
12,20,2005,6.501666666666667,7.31,0.8083333333333327,48
12,20,2007,5.293125,5.71,0.4168750000000001,48
12,20,2008,6.342458333333333,6.585,0.24254166666666688,48
12,20,2009,5.891041666666667,6.32,0.4289583333333331,48
12,20,2011,8.709520833333332,9.114,0.4044791666666683,48
12,20,2012,8.9925625,9.854,0.8614374999999992,48
12,20,2013,6.152645833333334,6.331,0.1783541666666668,48
12,20,2014,7.970979166666667,8.419,0.44802083333333353,48
12,20,2015,9.1781875,9.336,0.15781250000000036,48
12,21,1999,6.80375,6.91,0.10625000000000018,48
12,21,2001,7.740625,7.93,0.18937500000000007,48
12,21,2004,5.804791666666667,6.17,0.36520833333333336,48
12,21,2005,6.696666666666667,7.15,0.45333333333333314,48
12,21,2007,5.16625,5.42,0.25375000000000014,48
12,21,2008,6.0111875,6.179,0.16781250000000014,48
12,21,2009,5.487916666666667,6.32,0.8320833333333333,48
12,21,2011,8.493666666666666,8.941,0.4473333333333347,48
12,21,2012,8.4201875,9.657,1.2368124999999992,48
12,21,2013,5.977083333333334,6.357,0.37991666666666646,48
12,21,2014,7.432604166666667,7.67,0.23739583333333325,48
12,21,2015,9.123708333333333,9.213,0.0892916666666661,48
12,22,1999,6.853541666666667,7.06,0.20645833333333297,48
12,22,2001,7.47875,7.62,0.14125000000000032,48
12,22,2004,5.221041666666666,5.55,0.32895833333333346,48
12,22,2005,6.523750000000001,6.53,0.006249999999999645,48
12,22,2007,5.136041666666666,5.42,0.28395833333333353,48
12,22,2008,6.176645833333334,6.636,0.4593541666666665,48
12,22,2009,4.468958333333333,5.74,1.271041666666667,48
12,22,2011,8.543875,8.941,0.39712500000000084,48
12,22,2012,8.587270833333333,9.114,0.5267291666666676,48
12,22,2013,6.386791666666666,6.737,0.3502083333333337,48
12,22,2014,7.2849375,7.519,0.23406250000000028,48
12,22,2015,9.1365,9.41,0.2735000000000003,48
12,23,1999,7.149375,7.37,0.22062500000000007,48
12,23,2001,7.198333333333333,7.31,0.11166666666666636,48
12,23,2004,5.464166666666666,5.86,0.3958333333333339,48
12,23,2005,5.8725,6.38,0.5075000000000003,48
12,23,2007,5.045416666666666,5.42,0.3745833333333337,48
12,23,2008,5.9437291666666665,6.585,0.6412708333333335,48
12,23,2009,4.429166666666666,5.16,0.7308333333333339,48
12,23,2011,8.527916666666666,8.792,0.26408333333333367,48
12,23,2012,8.341770833333333,9.064,0.7222291666666667,48
12,23,2013,6.568375,6.788,0.21962500000000063,48
12,23,2014,7.2628125,7.444,0.18118750000000006,48
12,23,2015,9.135979166666667,9.312,0.1760208333333324,48
12,24,1999,7.020416666666667,7.37,0.34958333333333336,48
12,24,2001,7.349375,7.77,0.42062499999999936,48
12,24,2004,5.74,6.17,0.4299999999999997,48
12,24,2005,5.4852083333333335,5.91,0.4247916666666667,48
12,24,2007,5.13,5.71,0.5800000000000001,48
12,24,2008,5.8901666666666666,6.611,0.7208333333333332,48
12,24,2009,3.9939583333333335,4.29,0.29604166666666654,48
12,24,2011,8.3135625,8.643,0.32943750000000094,48
12,24,2012,8.41325,8.792,0.37875000000000014,48
12,24,2013,6.1085625,6.763,0.6544375000000002,48
12,24,2014,7.0542291666666666,7.268,0.21377083333333324,48
12,24,2015,9.108791666666667,9.238,0.1292083333333327,48
12,25,1999,6.7022916666666665,6.91,0.2077083333333336,48
12,25,2001,7.644791666666666,7.77,0.12520833333333314,48
12,25,2004,5.682708333333333,5.86,0.17729166666666707,48
12,25,2005,5.753125,6.06,0.3068749999999998,48
12,25,2007,5.208541666666666,5.71,0.5014583333333338,48
12,25,2008,6.153666666666667,6.331,0.17733333333333334,48
12,25,2009,4.366458333333333,4.88,0.5135416666666668,48
12,25,2011,7.8785625,8.419,0.5404375000000003,48
12,25,2012,8.553708333333333,8.965,0.41129166666666706,48
12,25,2013,5.568895833333333,6.281,0.7121041666666663,48
12,25,2014,6.968020833333333,7.142,0.17397916666666724,48
12,25,2015,9.1813125,9.386,0.20468749999999858,48
12,26,1999,6.441666666666666,6.76,0.31833333333333336,48
12,26,2001,7.62,7.62,0,48
12,26,2004,5.598958333333333,5.86,0.2610416666666673,48
12,26,2005,5.8825,6.06,0.17749999999999932,48
12,26,2007,5.226666666666667,5.42,0.19333333333333336,48
12,26,2008,5.86275,6.179,0.31625000000000014,48
12,26,2009,5.252083333333333,5.45,0.19791666666666696,48
12,26,2011,8.144625,8.643,0.4983750000000011,48
12,26,2012,8.375541666666667,8.841,0.4654583333333324,48
12,26,2013,5.680854166666666,6.382,0.7011458333333334,48
12,26,2014,7.095875,7.192,0.0961249999999998,48
12,26,2015,9.151958333333333,9.361,0.20904166666666768,48
12,27,1999,6.302291666666667,6.6,0.2977083333333326,48
12,27,2001,7.438125,7.46,0.021874999999999645,48
12,27,2004,5.7,5.71,0.009999999999999787,48
12,27,2005,5.979791666666666,6.53,0.5502083333333339,48
12,27,2007,5.226666666666667,5.42,0.19333333333333336,48
12,27,2008,5.77475,6.179,0.4042500000000002,48
12,27,2009,5.335208333333333,5.45,0.11479166666666707,48
12,27,2011,8.155854166666666,9.015,0.8591458333333346,48
12,27,2012,7.927041666666667,8.543,0.6159583333333325,48
12,27,2013,6.0345,6.331,0.2965,48
12,27,2014,7.1205,7.318,0.1974999999999998,48
12,27,2015,9.186083333333332,9.361,0.17491666666666816,48
12,28,1999,5.7856250000000005,5.98,0.19437499999999996,48
12,28,2001,7.273333333333333,7.31,0.03666666666666618,48
12,28,2004,5.3931249999999995,5.71,0.31687500000000046,48
12,28,2005,5.648958333333333,6.22,0.5710416666666669,48
12,28,2007,5.208541666666666,5.42,0.21145833333333375,48
12,28,2008,6.048958333333333,6.382,0.33304166666666646,48
12,28,2009,5.274791666666667,5.45,0.17520833333333297,48
12,28,2011,8.247458333333332,9.114,0.8665416666666683,48
12,28,2012,8.3443125,8.568,0.22368750000000048,48
12,28,2013,5.8714375,6.509,0.6375625000000005,48
12,28,2014,7.150333333333333,7.519,0.3686666666666669,48
12,28,2015,9.046708333333333,9.386,0.3392916666666661,48
12,29,1999,5.8602083333333335,6.14,0.2797916666666662,48
12,29,2001,7.025625,7.31,0.2843749999999998,48
12,29,2004,5.331041666666667,5.55,0.21895833333333314,48
12,29,2005,5.904791666666666,6.38,0.4752083333333337,48
12,29,2007,5.3897916666666665,5.42,0.030208333333333393,48
12,29,2008,6.221791666666666,6.331,0.10920833333333402,48
12,29,2009,4.951666666666667,5.16,0.20833333333333304,48
12,29,2011,8.224458333333333,8.369,0.144541666666667,48
12,29,2012,8.148333333333333,8.568,0.4196666666666662,48
12,29,2013,5.916458333333333,6.458,0.5415416666666673,48
12,29,2014,7.254583333333334,7.695,0.4404166666666667,48
12,29,2015,8.668208333333332,8.792,0.12379166666666741,48
12,30,1999,5.877291666666666,6.14,0.2627083333333333,48
12,30,2001,6.91,7,0.08999999999999986,48
12,30,2004,5.082708333333334,5.39,0.3072916666666661,48
12,30,2005,6.032708333333333,6.22,0.18729166666666686,48
12,30,2007,5.23875,5.42,0.18125000000000036,48
12,30,2008,6.0772916666666665,6.204,0.1267083333333332,48
12,30,2009,4.001041666666667,4.88,0.8789583333333333,48
12,30,2011,8.156979166666666,8.195,0.03802083333333428,48
12,30,2012,7.673395833333333,8.394,0.7206041666666669,48
12,30,2013,5.91375,6.56,0.6462499999999993,48
12,30,2014,7.065104166666667,7.645,0.5798958333333326,48
12,30,2015,8.51025,8.618,0.10775000000000112,48
12,31,1999,6.166666666666667,6.45,0.2833333333333332,48
12,31,2001,6.639583333333333,6.84,0.20041666666666647,48
12,31,2004,5.046875,5.24,0.1931250000000002,48
12,31,2005,5.905208333333333,6.22,0.31479166666666636,48
12,31,2007,5.2025,5.42,0.21750000000000025,48
12,31,2008,5.858020833333334,6.077,0.21897916666666628,48
12,31,2009,4.783125,4.88,0.09687499999999982,48
12,31,2011,7.9996875,8.12,0.12031249999999893,48
12,31,2012,7.199770833333333,7.594,0.3942291666666673,48
12,31,2013,5.615666666666667,6.204,0.5883333333333329,48
12,31,2014,7.048291666666667,7.419,0.370708333333333,48
12,31,2015,8.509604166666666,8.717,0.20739583333333478,48
