MM,DD,YY,HRO_AverageTemp,HRO_MaxTemp,HRO_TempDifference,Samples_per_day
1,1,2000,6.445625000000001,6.48,0.03437499999999982,48
1,1,2002,6.688958333333334,6.85,0.16104166666666586,48
1,1,2005,5.011666666666667,5.09,0.07833333333333314,48
1,1,2008,4.992916666666667,5.15,0.15708333333333346,48
1,1,2009,9.601875,11.88,2.278125000000001,48
1,1,2010,5.051458333333334,5.42,0.3685416666666663,48
1,1,2012,7.925625,8.07,0.14437500000000014,48
1,1,2013,8.1603125,8.568,0.40768749999999976,48
1,1,2014,5.726270833333333,6.051,0.32472916666666674,48
1,1,2015,6.401916666666667,6.839,0.4370833333333337,48
1,2,2000,6.178333333333334,6.48,0.30166666666666675,48
1,2,2002,6.463125,6.69,0.2268750000000006,48
1,2,2005,4.9662500000000005,5.25,0.2837499999999995,48
1,2,2008,5.198333333333334,5.44,0.24166666666666625,48
1,2,2009,9.210208333333334,11.26,2.049791666666666,48
1,2,2010,5.2025,5.42,0.21750000000000025,48
1,2,2012,7.8434375,8.02,0.1765624999999993,48
1,2,2013,7.68125,8.394,0.7127499999999998,48
1,2,2014,5.5008125,5.796,0.29518749999999994,48
1,2,2015,7.088375,7.695,0.6066250000000002,48
1,3,2000,5.982083333333334,6.17,0.1879166666666663,48
1,3,2002,6.506666666666667,6.54,0.033333333333333215,48
1,3,2005,5.363333333333333,5.41,0.046666666666666856,48
1,3,2008,4.793541666666667,4.86,0.06645833333333329,48
1,3,2009,7.969166666666666,8.78,0.8108333333333331,48
1,3,2010,4.7977083333333335,5.42,0.6222916666666665,48
1,3,2012,7.951770833333334,8.07,0.11822916666666661,48
1,3,2013,7.194020833333333,7.594,0.3999791666666672,48
1,3,2014,4.8698958333333335,5.462,0.5921041666666662,48
1,3,2015,6.021375,6.331,0.3096250000000005,48
1,4,2000,5.976666666666667,6.02,0.043333333333333,48
1,4,2002,6.379166666666666,6.54,0.1608333333333336,48
1,4,2005,5.25,5.41,0.16000000000000014,48
1,4,2008,4.461250000000001,4.57,0.10874999999999968,48
1,4,2009,7.764166666666667,8.63,0.8658333333333337,48
1,4,2010,4.537916666666667,4.84,0.30208333333333304,48
1,4,2012,7.561333333333334,7.745,0.18366666666666642,48
1,4,2013,7.499104166666666,7.77,0.27089583333333334,48
1,4,2014,4.5054375,4.74,0.2345625,48
1,4,2015,6.353416666666667,6.788,0.4345833333333333,48
1,5,2000,6.069583333333333,6.17,0.10041666666666682,48
1,5,2002,6.116875,6.23,0.11312500000000014,48
1,5,2005,4.9852083333333335,5.41,0.4247916666666667,48
1,5,2008,4.28,4.86,0.5800000000000001,48
1,5,2009,9.296041666666667,10.48,1.183958333333333,48
1,5,2010,4.525833333333333,4.55,0.02416666666666689,48
1,5,2012,7.145604166666667,7.419,0.27339583333333284,48
1,5,2013,7.035208333333333,7.469,0.433791666666667,48
1,5,2014,4.3894166666666665,4.714,0.3245833333333339,48
1,5,2015,7.12675,8.07,0.9432499999999999,48
1,6,2000,5.898333333333333,6.02,0.12166666666666615,48
1,6,2002,6.236458333333333,6.54,0.3035416666666668,48
1,6,2005,4.78,4.78,0,48
1,6,2008,4.394791666666667,4.57,0.17520833333333297,48
1,6,2009,9.551874999999999,9.86,0.3081250000000004,48
1,6,2010,4.4775,4.55,0.07249999999999979,48
1,6,2012,6.922645833333333,7.318,0.39535416666666645,48
1,6,2013,6.366104166666666,6.661,0.29489583333333336,48
1,6,2014,4.792395833333333,4.921,0.1286041666666673,48
1,6,2015,6.8974166666666665,7.066,0.1685833333333333,48
1,7,2000,5.632291666666666,5.86,0.22770833333333407,48
1,7,2002,6.375416666666666,6.54,0.16458333333333375,48
1,7,2005,4.86,4.94,0.08000000000000007,48
1,7,2008,4.28,4.57,0.29000000000000004,48
1,7,2009,7.468333333333334,9.24,1.7716666666666665,48
1,7,2010,4.320416666666667,4.84,0.5195833333333333,48
1,7,2012,6.928916666666667,7.368,0.4390833333333335,48
1,7,2013,6.041,6.357,0.31599999999999984,48
1,7,2014,4.636541666666667,4.766,0.129458333333333,48
1,7,2015,6.643416666666667,6.864,0.2205833333333329,48
1,8,2000,5.689375,5.86,0.17062500000000025,48
1,8,2002,6.262083333333334,6.38,0.117916666666666,48
1,8,2005,4.733125,4.94,0.20687500000000014,48
1,8,2008,4.261875,4.57,0.3081250000000004,48
1,8,2009,8.075833333333334,9.09,1.0141666666666662,48
1,8,2010,4.235833333333333,4.26,0.02416666666666689,48
1,8,2012,6.797979166666667,6.889,0.09102083333333333,48
1,8,2013,6.376333333333333,6.611,0.23466666666666658,48
1,8,2014,4.650625,4.74,0.08937500000000043,48
1,8,2015,6.2805,6.484,0.20350000000000001,48
1,9,2000,5.8325000000000005,6.02,0.1874999999999991,48
1,9,2002,6.080208333333333,6.23,0.1497916666666672,48
1,9,2005,4.651041666666667,4.78,0.12895833333333329,48
1,9,2008,4.5216666666666665,4.86,0.3383333333333338,48
1,9,2009,10.359166666666667,12.03,1.6708333333333325,48
1,9,2010,4.380833333333333,4.55,0.16916666666666647,48
1,9,2012,6.8831875,7.192,0.30881250000000016,48
1,9,2013,6.349354166666667,6.585,0.2356458333333329,48
1,9,2014,4.394958333333333,4.558,0.16304166666666653,48
1,9,2015,6.259291666666667,6.331,0.07170833333333348,48
1,10,2000,5.870625,6.02,0.14937499999999915,48
1,10,2002,5.73625,6.23,0.49375000000000036,48
1,10,2005,4.7370833333333335,5.09,0.3529166666666663,48
1,10,2008,4.67875,4.86,0.18125000000000036,48
1,10,2009,8.735416666666667,9.55,0.8145833333333332,48
1,10,2010,4.1935416666666665,4.26,0.06645833333333329,48
1,10,2012,6.793291666666667,6.965,0.17170833333333313,48
1,10,2013,6.4201875,6.813,0.3928124999999998,48
1,10,2014,4.306666666666667,4.454,0.1473333333333331,48
1,10,2015,5.949166666666667,6.077,0.12783333333333324,48
1,11,2000,5.811458333333333,6.02,0.20854166666666618,48
1,11,2002,5.800833333333333,5.92,0.11916666666666664,48
1,11,2005,4.555208333333333,4.94,0.38479166666666753,48
1,11,2008,4.57,4.86,0.29000000000000004,48
1,11,2009,7.5825000000000005,8.63,1.0475000000000003,48
1,11,2010,3.9458333333333333,4.26,0.3141666666666665,48
1,11,2012,6.9980416666666665,7.167,0.16895833333333332,48
1,11,2013,6.923166666666667,7.041,0.11783333333333346,48
1,11,2014,4.2323125,4.35,0.11768749999999972,48
1,11,2015,5.933166666666667,6.051,0.11783333333333346,48
1,12,2000,5.970208333333333,6.02,0.04979166666666668,48
1,12,2002,5.903333333333333,5.92,0.016666666666666607,48
1,12,2005,4.53375,4.78,0.24624999999999986,48
1,12,2008,4.612291666666667,4.86,0.24770833333333364,48
1,12,2009,8.548958333333333,8.78,0.23104166666666615,48
1,12,2010,3.555,3.68,0.125,48
1,12,2012,6.751229166666667,7.091,0.3397708333333336,48
1,12,2013,6.882645833333333,7.066,0.1833541666666667,48
1,12,2014,4.395395833333334,4.688,0.2926041666666661,48
1,12,2015,5.774166666666667,6,0.2258333333333331,48
1,13,2000,5.891666666666667,6.02,0.12833333333333297,48
1,13,2002,5.9575,6.07,0.11250000000000071,48
1,13,2005,4.651041666666667,4.78,0.12895833333333329,48
1,13,2008,4.576041666666667,4.86,0.28395833333333353,48
1,13,2009,8.73625,8.93,0.19374999999999964,48
1,13,2010,3.7458333333333336,3.97,0.22416666666666663,48
1,13,2012,6.587395833333333,6.763,0.175604166666667,48
1,13,2013,6.372166666666667,6.864,0.4918333333333331,48
1,13,2014,4.620833333333334,4.818,0.19716666666666605,48
1,13,2015,5.643125,5.745,0.10187499999999972,48
1,14,2000,5.378333333333333,5.86,0.48166666666666735,48
1,14,2002,5.8933333333333335,5.92,0.026666666666666394,48
1,14,2005,4.822291666666667,5.41,0.5877083333333335,48
1,14,2008,4.57,4.57,0,48
1,14,2009,8.67375,8.78,0.10624999999999929,48
1,14,2010,4.2056249999999995,4.55,0.3443750000000003,48
1,14,2012,6.576333333333333,6.687,0.11066666666666691,48
1,14,2013,6.053791666666666,6.509,0.4552083333333341,48
1,14,2014,4.5645,4.714,0.14950000000000063,48
1,14,2015,5.244916666666667,5.308,0.06308333333333316,48
1,15,2000,4.3064583333333335,4.77,0.4635416666666661,48
1,15,2002,5.811458333333333,6.07,0.2585416666666669,48
1,15,2005,4.714583333333334,4.94,0.22541666666666682,48
1,15,2008,4.739166666666667,4.86,0.12083333333333357,48
1,15,2009,8.661458333333334,9.09,0.42854166666666593,48
1,15,2010,3.9941666666666666,4.26,0.26583333333333314,48
1,15,2012,6.014083333333334,6.484,0.4699166666666663,48
1,15,2013,6.10525,6.255,0.14975000000000005,48
1,15,2014,4.5645,4.74,0.17550000000000043,48
1,15,2015,4.956583333333334,5.05,0.09341666666666626,48
1,16,2000,3.8558333333333334,4.61,0.7541666666666669,48
1,16,2002,5.611458333333333,5.76,0.14854166666666657,48
1,16,2005,4.673541666666667,4.94,0.26645833333333346,48
1,16,2008,4.624375000000001,4.86,0.23562499999999975,48
1,16,2009,9.223958333333334,9.55,0.3260416666666668,48
1,16,2010,3.9639583333333337,4.26,0.2960416666666661,48
1,16,2012,5.252208333333333,5.462,0.20979166666666682,48
1,16,2013,5.934708333333333,6.102,0.16729166666666728,48
1,16,2014,4.602416666666667,4.766,0.16358333333333341,48
1,16,2015,4.876375,5.154,0.27762499999999957,48
1,17,2000,4.355625,5.08,0.7243750000000002,48
1,17,2002,5.583541666666667,5.76,0.17645833333333272,48
1,17,2005,4.870416666666667,4.94,0.06958333333333311,48
1,17,2008,4.2195833333333335,4.28,0.060416666666666785,48
1,17,2009,9.100208333333333,9.4,0.29979166666666757,48
1,17,2010,4.15125,4.26,0.10874999999999968,48
1,17,2012,5.722916666666666,6.102,0.3790833333333339,48
1,17,2013,6.085229166666666,6.204,0.11877083333333349,48
1,17,2014,4.643041666666667,4.74,0.09695833333333326,48
1,17,2015,4.1338333333333335,4.376,0.24216666666666686,48
1,18,2000,4.17375,4.77,0.5962499999999995,48
1,18,2002,5.503333333333334,5.61,0.10666666666666647,48
1,18,2005,4.471666666666667,4.94,0.4683333333333337,48
1,18,2008,4.400833333333334,4.57,0.16916666666666647,48
1,18,2009,9.076458333333333,9.24,0.16354166666666714,48
1,18,2010,4.072708333333334,4.26,0.18729166666666597,48
1,18,2012,6.2007916666666665,6.611,0.4102083333333333,48
1,18,2013,6.2519583333333335,6.408,0.15604166666666686,48
1,18,2014,4.569916666666667,4.792,0.22208333333333297,48
1,18,2015,4.297625,4.61,0.3123750000000003,48
1,19,2000,4.410208333333333,4.77,0.3597916666666663,48
1,19,2002,5.706875,5.76,0.053124999999999645,48
1,19,2005,3.79375,4.16,0.36624999999999996,48
1,19,2008,4.292083333333333,4.57,0.27791666666666703,48
1,19,2009,9.175833333333333,9.55,0.3741666666666674,48
1,19,2010,4.0183333333333335,4.26,0.24166666666666625,48
1,19,2012,5.9681875,6.204,0.23581249999999976,48
1,19,2013,6.296979166666667,6.408,0.11102083333333379,48
1,19,2014,4.515083333333333,5.024,0.5089166666666669,48
1,19,2015,4.61975,4.662,0.04225000000000012,48
1,20,2000,4.336041666666667,4.61,0.27395833333333375,48
1,20,2002,5.5633333333333335,5.61,0.046666666666666856,48
1,20,2005,3.888125,4.32,0.43187500000000023,48
1,20,2008,4.261875,4.86,0.5981250000000005,48
1,20,2009,9.241666666666667,10.79,1.548333333333332,48
1,20,2010,3.97,3.97,0,48
1,20,2012,5.699979166666667,6.102,0.40202083333333327,48
1,20,2013,6.593166666666667,6.813,0.21983333333333288,48
1,20,2014,4.368354166666666,4.792,0.4236458333333335,48
1,20,2015,5.0136666666666665,5.154,0.14033333333333342,48
1,21,2000,4.09,4.14,0.04999999999999982,48
1,21,2002,5.43,5.45,0.020000000000000462,48
1,21,2005,3.268125,3.69,0.421875,48
1,21,2008,4.527708333333334,5.15,0.6222916666666665,48
1,21,2009,9.599166666666667,10.64,1.0408333333333335,48
1,21,2010,3.97,3.97,0,48
1,21,2012,5.2424583333333334,5.565,0.32254166666666695,48
1,21,2013,6.483229166666667,6.712,0.22877083333333292,48
1,21,2014,4.2713125000000005,4.636,0.3646874999999996,48
1,21,2015,4.965208333333333,5.024,0.05879166666666702,48
1,22,2000,3.5210416666666666,4.14,0.618958333333333,48
1,22,2002,5.316666666666666,5.61,0.2933333333333339,48
1,22,2005,2.9233333333333333,3.07,0.1466666666666665,48
1,22,2008,4.3464583333333335,4.86,0.5135416666666668,48
1,22,2009,9.13125,9.55,0.41875000000000107,48
1,22,2010,3.97,3.97,0,48
1,22,2012,4.9839375,5.282,0.29806250000000034,48
1,22,2013,6.252958333333333,6.458,0.20504166666666723,48
1,22,2014,3.9621875,4.246,0.28381250000000025,48
1,22,2015,4.831666666666667,4.895,0.06333333333333258,48
1,23,2000,3.1241666666666665,3.83,0.7058333333333335,48
1,23,2002,5.393958333333334,5.61,0.21604166666666647,48
1,23,2005,3.2645833333333334,3.85,0.5854166666666667,48
1,23,2008,4.322291666666667,4.86,0.5377083333333337,48
1,23,2009,9.458958333333333,10.17,0.7110416666666666,48
1,23,2010,4.048541666666667,4.26,0.21145833333333286,48
1,23,2012,5.412,5.745,0.3330000000000002,48
1,23,2013,6.261979166666666,6.458,0.19602083333333375,48
1,23,2014,3.867625,4.115,0.24737500000000034,48
1,23,2015,4.7075000000000005,4.792,0.08449999999999935,48
1,24,2000,3.64375,3.83,0.18625000000000025,48
1,24,2002,5.398958333333334,5.61,0.21104166666666657,48
1,24,2005,3.2325,3.54,0.3075000000000001,48
1,24,2008,4.086666666666667,4.28,0.19333333333333336,48
1,24,2009,9.909166666666666,11.1,1.1908333333333339,48
1,24,2010,3.9156250000000004,3.97,0.05437499999999984,48
1,24,2012,5.582583333333333,5.796,0.21341666666666725,48
1,24,2013,6.149,6.23,0.0810000000000004,48
1,24,2014,3.3649791666666666,3.617,0.25202083333333336,48
1,24,2015,4.588333333333333,4.844,0.2556666666666674,48
1,25,2000,3.4139583333333334,3.83,0.41604166666666664,48
1,25,2002,5.246041666666667,5.45,0.20395833333333346,48
1,25,2008,4.213541666666667,4.57,0.3564583333333333,48
1,25,2009,10.107916666666666,11.26,1.1520833333333336,48
1,25,2010,4.0183333333333335,4.26,0.24166666666666625,48
1,25,2012,5.733520833333333,6.281,0.5474791666666663,48
1,25,2013,5.5611041666666665,6.128,0.5668958333333336,48
1,25,2014,3.435416666666667,3.485,0.04958333333333309,48
1,25,2015,4.589333333333333,4.895,0.3056666666666663,48
1,26,2000,3.40625,3.67,0.26374999999999993,48
1,26,2002,5.300208333333333,5.61,0.30979166666666735,48
1,26,2008,4.189375,4.28,0.09062500000000018,48
1,26,2009,9.59125,10.64,1.04875,48
1,26,2010,4.229791666666666,4.55,0.32020833333333343,48
1,26,2012,5.3708124999999995,5.591,0.22018750000000065,48
1,26,2013,4.876895833333333,5.024,0.1471041666666668,48
1,26,2014,3.6468958333333332,4.011,0.3641041666666669,48
1,26,2015,4.186083333333333,4.298,0.11191666666666666,48
1,27,2000,3.4033333333333333,3.52,0.1166666666666667,48
1,27,2002,5.45,5.61,0.16000000000000014,48
1,27,2008,3.941666666666667,3.99,0.04833333333333334,48
1,27,2009,9.626458333333334,10.95,1.3235416666666655,48
1,27,2010,4.133125,4.26,0.12687500000000007,48
1,27,2012,5.544520833333333,6.026,0.48147916666666646,48
1,27,2013,4.045083333333333,4.766,0.72091666666666665,48
1,27,2014,3.0324166666666668,3.433,0.40058333333333307,48
1,27,2015,4.5255,4.818,0.29249999999999954,48
1,28,2000,3.1,3.36,0.2599999999999998,48
1,28,2002,5.43,5.45,0.020000000000000462,48
1,28,2008,3.9477083333333334,3.99,0.04229166666666684,48
1,28,2009,9.594375,9.86,0.265625,48
1,28,2010,4.127083333333333,4.55,0.4229166666666666,48
1,28,2012,5.539833333333333,5.975,0.4351666666666665,48
1,28,2013,3.638895833333333,4.48,0.8411041666666672,48
1,28,2014,2.5633541666666666,3.063,0.49964583333333357,48
1,28,2015,4.5049166666666665,4.636,0.13108333333333366,48
1,29,2000,2.1997916666666666,2.88,0.6802083333333333,48
1,29,2002,5.486458333333333,5.76,0.27354166666666657,48
1,29,2008,3.8208333333333337,3.99,0.16916666666666647,48
1,29,2009,8.936666666666667,9.24,0.3033333333333328,48
1,29,2010,4.072708333333334,4.26,0.18729166666666597,48
1,29,2012,5.8222708333333335,6.077,0.25472916666666645,48
1,29,2013,3.925125,4.688,0.7628749999999997,48
1,29,2014,3.1357708333333334,3.301,0.16522916666666676,48
1,29,2015,4.224333333333334,4.246,0.0216666666666665,48
1,30,2000,1.5718750000000001,1.93,0.3581249999999998,48
1,30,2002,5.466666666666667,5.61,0.14333333333333353,48
1,30,2008,3.7,3.7,0,48
1,30,2009,8.5,8.93,0.4299999999999997,48
1,30,2010,3.701041666666667,3.97,0.2689583333333334,48
1,30,2012,5.8367708333333335,6.026,0.18922916666666634,48
1,30,2013,4.45125,4.74,0.2887500000000003,48
1,30,2014,3.212041666666667,3.354,0.1419583333333332,48
1,30,2015,4.162083333333333,4.454,0.2919166666666664,48
1,31,2000,2.0308333333333333,2.72,0.6891666666666669,48
1,31,2002,5.20875,5.61,0.4012500000000001,48
1,31,2008,3.6879166666666667,3.7,0.012083333333333446,48
1,31,2009,9.251666666666667,9.7,0.44833333333333236,48
1,31,2010,3.301458333333333,3.38,0.07854166666666673,48
1,31,2012,5.752458333333333,5.872,0.11954166666666666,48
1,31,2013,4.441,4.61,0.16900000000000048,48
1,31,2014,3.4200416666666666,3.512,0.09195833333333336,48
1,31,2015,3.86575,4.22,0.35424999999999995,48
2,1,2000,2.3064583333333335,2.56,0.25354166666666655,48
2,1,2002,5.036666666666667,5.14,0.10333333333333261,48
2,1,2008,3.44625,3.7,0.25375000000000014,48
2,1,2009,8.953541666666666,9.55,0.5964583333333344,48
2,1,2010,3.253125,3.38,0.12687500000000007,48
2,1,2012,5.7931875,5.924,0.13081250000000022,48
2,1,2013,4.50925,4.714,0.20475000000000065,48
2,1,2014,3.398604166666667,3.591,0.19239583333333332,48
2,1,2015,3.4516666666666667,3.958,0.5063333333333335,48
2,2,2000,2.6233333333333335,2.72,0.09666666666666668,48
2,2,2002,5.206041666666667,5.92,0.7139583333333333,48
2,2,2008,3.6275000000000004,3.7,0.07249999999999979,48
2,2,2009,8.970833333333333,9.24,0.269166666666667,48
2,2,2010,3.2470833333333333,3.38,0.13291666666666657,48
2,2,2012,5.570854166666667,5.745,0.17414583333333322,48
2,2,2013,4.817541666666666,4.947,0.1294583333333339,48
2,2,2014,3.4221875,3.564,0.1418124999999999,48
2,2,2015,3.4227916666666665,3.538,0.11520833333333336,48
2,3,2000,2.2354166666666666,2.72,0.4845833333333336,48
2,3,2002,5,5.14,0.13999999999999968,48
2,3,2008,3.6275000000000004,3.7,0.07249999999999979,48
2,3,2009,9.098541666666666,9.24,0.14145833333333435,48
2,3,2010,3.337708333333333,3.38,0.04229166666666684,48
2,3,2012,5.571354166666667,5.847,0.2756458333333338,48
2,3,2013,4.9560208333333335,5.076,0.11997916666666608,48
2,3,2014,3.3711458333333333,3.485,0.11385416666666659,48
2,3,2015,3.4370416666666666,3.538,0.10095833333333326,48
2,4,2000,2.396666666666667,2.56,0.1633333333333331,48
2,4,2002,5.1154166666666665,5.29,0.17458333333333353,48
2,4,2008,3.5489583333333337,3.7,0.15104166666666652,48
2,4,2009,8.909374999999999,9.09,0.18062500000000092,48
2,4,2010,2.9527083333333333,3.09,0.1372916666666666,48
2,4,2012,5.6126458333333336,5.847,0.23435416666666686,48
2,4,2013,4.894166666666667,5.05,0.15583333333333282,48
2,4,2014,3.2224583333333334,3.459,0.23654166666666665,48
2,4,2015,2.771125,3.142,0.37087499999999984,48
2,5,2000,2.373125,2.56,0.18687500000000012,48
2,5,2002,4.95375,5.14,0.18624999999999936,48
2,5,2008,3.41,3.41,0,48
2,5,2009,8.630208333333334,8.93,0.2997916666666658,48
2,5,2010,2.7370833333333335,3.09,0.3529166666666663,48
2,5,2012,5.44,5.591,0.1509999999999998,48
2,5,2013,4.72375,4.818,0.09424999999999972,48
2,5,2014,2.9300625,3.195,0.2649374999999998,48
2,5,2015,3.091125,3.354,0.2628750000000002,48
2,6,2000,2.674166666666667,3.04,0.36583333333333323,48
2,6,2002,4.818333333333333,4.98,0.16166666666666707,48
2,6,2008,3.4220833333333336,3.7,0.2779166666666666,48
2,6,2009,8.77375,8.78,0.006249999999999645,48
2,6,2010,2.6577083333333333,3.09,0.4322916666666665,48
2,6,2012,5.273666666666666,5.462,0.18833333333333346,48
2,6,2013,4.611625,4.818,0.20637499999999953,48
2,6,2014,2.8066458333333335,2.877,0.07035416666666627,48
2,6,2015,2.3404583333333333,2.423,0.08254166666666674,48
2,7,2000,2.7504166666666667,3.2,0.44958333333333345,48
2,7,2002,4.736666666666666,4.98,0.24333333333333407,48
2,7,2008,3.41,3.41,0,48
2,7,2009,8.764375,8.93,0.16562500000000036,48
2,7,2010,3.0279166666666666,3.38,0.3520833333333333,48
2,7,2012,5.426395833333333,5.565,0.13860416666666708,48
2,7,2013,4.158729166666666,4.376,0.21727083333333397,48
2,7,2014,2.5660416666666666,2.77,0.20395833333333346,48
2,7,2015,2.372916666666667,2.744,0.37108333333333343,48
2,8,2000,3.0300000000000002,3.2,0.16999999999999993,48
2,8,2002,4.833958333333333,5.29,0.4560416666666667,48
2,8,2008,3.5670833333333336,3.7,0.13291666666666657,48
2,8,2009,8.946666666666667,9.09,0.14333333333333265,48
2,8,2010,2.939791666666667,3.38,0.4402083333333331,48
2,8,2012,5.4537708333333335,5.539,0.08522916666666625,48
2,8,2013,4.444604166666667,4.766,0.3213958333333329,48
2,8,2014,2.55075,2.664,0.1132500000000003,48
2,8,2015,2.3082083333333334,2.503,0.1947916666666667,48
2,9,2000,2.850625,3.2,0.3493750000000002,48
2,9,2002,4.711041666666667,4.98,0.26895833333333385,48
2,9,2008,3.444166666666667,3.7,0.25583333333333336,48
2,9,2009,8.532916666666667,8.93,0.3970833333333328,48
2,9,2010,2.765833333333333,2.79,0.02416666666666689,48
2,9,2012,5.087729166666667,5.437,0.34927083333333364,48
2,9,2013,4.5789375,4.869,0.29006249999999945,48
2,9,2014,2.4258333333333333,2.584,0.1581666666666668,48
2,9,2015,2.5654583333333334,2.85,0.2845416666666667,48
2,10,2000,2.9833333333333334,3.2,0.21666666666666679,48
2,10,2002,4.82,5.29,0.46999999999999975,48
2,10,2008,3.506666666666667,3.7,0.19333333333333336,48
2,10,2009,8.583333333333334,8.63,0.046666666666666856,48
2,10,2010,2.8775,3.09,0.2124999999999999,48
2,10,2012,5.184958333333333,5.565,0.38004166666666706,48
2,10,2013,4.309166666666667,4.584,0.2748333333333326,48
2,10,2014,2.2550416666666666,2.316,0.060958333333333226,48
2,10,2015,3.08875,3.406,0.31725000000000003,48
2,11,2000,2.91,3.04,0.1299999999999999,48
2,11,2002,4.996458333333334,5.29,0.29354166666666615,48
2,11,2008,3.959791666666667,4.28,0.32020833333333343,48
2,11,2009,8.871041666666667,9.86,0.9889583333333327,48
2,11,2010,3.09,3.09,0,48
2,11,2012,5.45,5.719,0.26900000000000013,48
2,11,2013,4.250125,4.402,0.15187500000000043,48
2,11,2014,2.181375,2.289,0.10762500000000008,48
2,11,2015,2.6414166666666667,2.744,0.10258333333333347,48
2,12,2000,2.77,2.88,0.10999999999999988,48
2,12,2002,4.687291666666667,4.82,0.13270833333333343,48
2,12,2008,3.388333333333333,3.99,0.601666666666667,48
2,12,2009,8.86125,8.93,0.06874999999999964,48
2,12,2010,3.2108333333333334,3.38,0.16916666666666647,48
2,12,2012,5.226916666666667,5.668,0.44108333333333327,48
2,12,2013,4.438833333333333,4.74,0.301166666666667,48
2,12,2014,2.0640625,2.128,0.0639375000000002,48
2,12,2015,2.5368333333333335,2.664,0.12716666666666665,48
2,13,2000,2.5608333333333335,2.72,0.15916666666666668,48
2,13,2002,4.645416666666667,4.82,0.17458333333333353,48
2,13,2008,3.309375,3.7,0.390625,48
2,13,2009,7.127916666666667,8.63,1.502083333333334,48
2,13,2010,3.09,3.09,0,48
2,13,2012,4.929083333333334,5.102,0.1729166666666666,48
2,13,2013,4.537416666666667,4.818,0.2805833333333325,48
2,13,2014,2.0278958333333335,2.236,0.20810416666666676,48
2,13,2015,2.0900833333333333,2.289,0.19891666666666685,48
2,14,2000,2.6,2.88,0.2799999999999998,48
2,14,2002,4.412692307692308,4.67,0.257307692307692,52
2,14,2008,3.426875,3.7,0.2731250000000003,48
2,14,2009,8.338750000000001,8.47,0.13124999999999964,48
2,14,2010,3.09,3.09,0,48
2,14,2012,5.099166666666666,5.257,0.1578333333333335,48
2,14,2013,4.449354166666667,4.947,0.49764583333333334,48
2,14,2014,2.5695208333333333,2.797,0.2274791666666669,48
2,14,2015,1.596125,1.805,0.20887499999999992,48
2,15,2000,2.5745833333333334,2.72,0.14541666666666675,48
2,15,2002,4.510208333333333,4.72,0.20979166666666682,48
2,15,2008,3.303541666666667,3.7,0.39645833333333336,48
2,15,2009,9.966666666666667,12.03,2.0633333333333326,48
2,15,2010,3.12,3.68,0.56,48
2,15,2012,5.0228125,5.179,0.1561875000000006,48
2,15,2014,2.9810833333333333,3.354,0.3729166666666668,48
2,15,2015,1.4457916666666666,1.751,0.3052083333333333,48
2,16,2000,2.566666666666667,2.72,0.15333333333333332,48
2,16,2002,4.603333333333333,4.72,0.11666666666666714,48
2,16,2008,3.245833333333333,3.7,0.45416666666666705,48
2,16,2009,9.057083333333333,9.24,0.18291666666666728,48
2,16,2010,3.0960416666666664,3.38,0.28395833333333353,48
2,16,2012,5.05875,5.257,0.19824999999999982,48
2,16,2013,4.559020833333333,4.844,0.284979166666667,48
2,16,2014,2.7495625,3.168,0.4184375,48
2,16,2015,0.8162083333333333,1.317,0.5007916666666666,48
2,17,2000,2.7025,3.2,0.49750000000000005,48
2,17,2002,4.6,4.72,0.1200000000000001,48
2,17,2008,3.092083333333333,3.41,0.31791666666666707,48
2,17,2009,8.418958333333332,8.93,0.5110416666666673,48
2,17,2010,3.09,3.09,0,48
2,17,2012,5.1464791666666665,5.282,0.13552083333333353,48
2,17,2013,4.495166666666667,4.688,0.19283333333333275,48
2,17,2014,2.492125,2.877,0.38487499999999963,48
2,17,2015,1.165375,1.48,0.31462499999999993,48
2,18,2000,2.598125,2.88,0.2818749999999999,48
2,18,2002,4.3879166666666665,4.56,0.17208333333333314,48
2,18,2008,3.3595833333333336,3.7,0.3404166666666666,48
2,18,2009,8.754999999999999,8.78,0.025000000000000355,48
2,18,2010,3.0960416666666664,3.38,0.28395833333333353,48
2,18,2012,5.2491875,5.385,0.1358125000000001,48
2,18,2013,4.323854166666667,4.48,0.15614583333333343,48
2,18,2014,2.5032916666666667,2.823,0.31970833333333326,48
2,18,2015,0.86,1.126,0.2659999999999999,48
2,19,2000,2.5966666666666667,2.72,0.12333333333333352,48
2,19,2002,4.4,4.4,0,48
2,19,2008,3.4945833333333334,3.7,0.2054166666666668,48
2,19,2009,9.574166666666667,10.95,1.3758333333333326,48
2,19,2010,3.19875,3.38,0.1812499999999999,48
2,19,2012,5.2822708333333335,5.334,0.05172916666666616,48
2,19,2013,4.365708333333333,4.402,0.036291666666667055,48
2,19,2014,2.5485,2.77,0.2214999999999998,48
2,19,2015,0.9729166666666667,1.262,0.28908333333333336,48
2,20,2000,2.6502083333333335,3.04,0.38979166666666654,48
2,20,2002,4.41,4.56,0.14999999999999947,48
2,20,2008,3.555,3.99,0.43500000000000005,48
2,20,2009,8.467708333333334,8.78,0.3122916666666651,48
2,20,2010,3.1202083333333333,3.38,0.25979166666666664,48
2,20,2012,5.164875,5.231,0.06612499999999955,48
2,20,2013,4.241020833333334,4.558,0.31697916666666615,48
2,20,2014,2.502666666666667,2.77,0.2673333333333332,48
2,20,2015,1.1167916666666666,1.344,0.22720833333333346,48
2,21,2000,2.84,3.04,0.20000000000000018,48
2,21,2002,4.315625,4.4,0.08437500000000053,48
2,21,2008,3.3845833333333335,3.7,0.3154166666666667,48
2,21,2009,5.681666666666667,8.17,2.4883333333333333,48
2,21,2010,3.2772916666666667,3.38,0.10270833333333318,48
2,21,2012,5.091583333333333,5.231,0.13941666666666652,48
2,21,2013,3.6447708333333333,3.958,0.3132291666666669,48
2,21,2014,2.50225,2.664,0.16175000000000006,48
2,21,2015,1.0026249999999999,1.425,0.42237500000000017,48
2,22,2000,2.7800000000000002,3.04,0.2599999999999998,48
2,22,2002,4.329166666666667,4.56,0.230833333333333,48
2,22,2008,3.20375,3.41,0.20625000000000027,48
2,22,2009,8.2425,9.24,0.9975000000000005,48
2,22,2010,3.38,3.38,0,48
2,22,2012,5.137791666666667,5.282,0.14420833333333327,48
2,22,2013,4.0988125,4.272,0.17318750000000005,48
2,22,2014,2.5284791666666666,2.69,0.16152083333333334,48
2,22,2015,1.575875,1.805,0.22912500000000002,48
2,23,2000,2.7600000000000002,3.04,0.2799999999999998,48
2,23,2002,4.4002083333333335,4.56,0.1597916666666661,48
2,23,2008,3.0435416666666666,3.11,0.06645833333333329,48
2,23,2009,8.959791666666668,10.02,1.0602083333333319,48
2,23,2010,3.38,3.38,0,48
2,23,2012,5.192020833333333,5.385,0.19297916666666648,48
2,23,2013,4.126041666666667,4.376,0.24995833333333373,48
2,23,2014,2.5735208333333333,2.717,0.14347916666666682,48
2,23,2015,1.6685833333333333,1.859,0.19041666666666668,48
2,24,2000,2.973333333333333,3.04,0.06666666666666687,48
2,24,2002,4.406875,4.56,0.1531249999999993,48
2,24,2008,2.940833333333333,3.11,0.1691666666666669,48
2,24,2009,8.372916666666667,8.47,0.09708333333333385,48
2,24,2010,3.38,3.38,0,48
2,24,2012,5.209333333333333,5.308,0.09866666666666646,48
2,24,2013,4.019479166666667,4.089,0.0695208333333337,48
2,24,2014,2.7213958333333332,2.93,0.20860416666666692,48
2,24,2015,1.234875,1.453,0.21812500000000012,48
2,25,2000,3.086666666666667,3.2,0.11333333333333329,48
2,25,2002,4.406666666666667,4.56,0.15333333333333243,48
2,25,2008,2.9770833333333333,3.11,0.13291666666666657,48
2,25,2009,7.839791666666667,8.32,0.48020833333333357,48
2,25,2010,3.3925,3.68,0.2875000000000001,48
2,25,2012,5.3835625,5.642,0.2584375000000003,48
2,25,2013,3.673625,3.854,0.18037500000000017,48
2,25,2014,2.6152291666666665,2.877,0.2617708333333333,48
2,25,2015,0.9435416666666666,1.071,0.12745833333333334,48
2,26,2000,3.1900000000000004,3.2,0.009999999999999787,48
2,26,2002,4.553333333333333,4.72,0.16666666666666696,48
2,26,2008,3.0193749999999997,3.11,0.09062500000000018,48
2,26,2009,8.613958333333333,9.86,1.2460416666666667,48
2,26,2010,3.63625,3.68,0.04375000000000018,48
2,26,2012,5.154604166666667,5.36,0.20539583333333322,48
2,26,2013,3.8307083333333334,3.932,0.10129166666666656,48
2,26,2014,2.5211875,2.744,0.2228125000000003,48
2,26,2015,0.8578749999999999,1.044,0.1861250000000001,48
2,27,2000,3.3033333333333332,3.52,0.21666666666666679,48
2,27,2002,4.713333333333333,4.72,0.006666666666666821,48
2,27,2008,2.9770833333333333,3.11,0.13291666666666657,48
2,27,2009,8.607916666666666,9.86,1.2520833333333332,48
2,27,2010,3.68,3.68,0,48
2,27,2012,5.232479166666667,5.411,0.1785208333333328,48
2,27,2013,3.9048333333333334,3.958,0.053166666666666806,48
2,27,2014,2.42475,2.53,0.10524999999999984,48
2,27,2015,0.5841666666666667,0.66,0.07583333333333331,48
2,28,2000,3.4652083333333334,3.83,0.3647916666666666,48
2,28,2002,4.760416666666666,5.03,0.2695833333333342,48
2,28,2008,3.2047916666666665,3.7,0.4952083333333337,48
2,28,2009,7.267083333333333,8.32,1.0529166666666674,48
2,28,2010,3.68,3.68,0,48
2,28,2012,5.296270833333333,5.385,0.08872916666666697,48
2,28,2013,3.9459166666666667,4.037,0.09108333333333318,48
2,28,2014,2.168979166666667,2.316,0.14702083333333293,48
2,28,2015,0.7285833333333334,0.825,0.0964166666666666,48
2,29,2000,3.489375,3.67,0.18062500000000004,48
2,29,2008,2.8110416666666667,3.41,0.5989583333333335,48
2,29,2012,5.2125625,5.282,0.06943750000000026,48
3,1,2000,3.554375,3.67,0.11562500000000009,48
3,1,2002,4.696666666666666,4.72,0.023333333333333428,48
3,1,2008,2.6191666666666666,3.11,0.49083333333333323,48
3,1,2009,5.675208333333333,8.01,2.334791666666667,48
3,1,2010,3.68,3.68,0,48
3,1,2012,5.141729166666667,5.257,0.11527083333333277,48
3,1,2013,4.0516250000000005,4.115,0.06337499999999974,48
3,1,2014,2.0424375,2.182,0.1395624999999998,48
3,1,2015,0.804,0.934,0.13,48
3,2,2000,3.7,3.83,0.1299999999999999,48
3,2,2002,4.68,4.72,0.040000000000000036,48
3,2,2008,2.879583333333333,3.41,0.530416666666667,48
3,2,2009,8.2091666666666665,9.09,0.8808333333333334,48
3,2,2010,3.734375,3.97,0.2356250000000002,48
3,2,2012,5.193229166666667,5.257,0.06377083333333289,48
3,2,2013,4.148958333333334,4.272,0.1230416666666665,48
3,2,2014,2.0698333333333334,2.209,0.13916666666666666,48
3,2,2015,0.7205416666666666,0.907,0.1864583333333334,48
3,3,2000,3.683333333333333,3.83,0.14666666666666694,48
3,3,2002,4.782291666666667,5.03,0.24770833333333364,48
3,3,2008,2.6504166666666666,3.41,0.7595833333333335,48
3,3,2009,7.47875,8.63,1.151250000000001,48
3,3,2010,3.68,3.68,0,48
3,3,2012,5.1515,5.308,0.15649999999999942,48
3,3,2013,4.339708333333333,4.454,0.11429166666666646,48
3,3,2014,2.0988125,2.182,0.08318749999999975,48
3,3,2015,0.47829166666666667,0.77,0.29170833333333335,48
3,4,2000,3.66125,3.83,0.16875000000000018,48
3,4,2002,4.874375,5.03,0.15562500000000057,48
3,4,2008,2.9710416666666664,3.11,0.13895833333333352,48
3,4,2009,6.73875,8.17,1.4312500000000004,48
3,4,2010,3.68,3.68,0,48
3,4,2012,5.120229166666666,5.282,0.16177083333333364,48
3,4,2013,4.4057916666666666,4.454,0.048208333333333186,48
3,4,2014,2.0659375,2.209,0.1430625000000001,48
3,4,2015,0.44504166666666667,0.66,0.21495833333333336,48
3,5,2000,3.7133333333333334,3.83,0.1166666666666667,48
3,5,2002,4.678541666666667,5.03,0.35145833333333343,48
3,5,2008,3.11,3.11,0,48
3,5,2009,5.936041666666666,8.01,2.0739583333333336,48
3,5,2010,3.68,3.68,0,48
3,5,2012,5.1507708333333335,5.385,0.23422916666666627,48
3,5,2013,4.443708333333333,4.584,0.14029166666666626,48
3,5,2014,2.0082916666666666,2.074,0.06570833333333326,48
3,5,2015,0.5508333333333334,0.687,0.13616666666666666,48
3,6,2000,3.6933333333333334,3.83,0.13666666666666671,48
3,6,2002,4.669791666666667,4.87,0.20020833333333332,48
3,6,2008,3.15375,3.41,0.2562500000000001,48
3,6,2009,9.117708333333333,10.64,1.5222916666666677,48
3,6,2010,3.58,3.68,0.10000000000000009,48
3,6,2012,4.918875,5.076,0.15712499999999974,48
3,6,2013,4.433958333333333,4.48,0.046041666666667425,48
3,6,2014,2.0144583333333332,2.155,0.14054166666666656,48
3,6,2015,0.653,0.88,0.22699999999999998,48
3,7,2000,3.8233333333333333,3.83,0.006666666666666821,48
3,7,2002,4.708541666666666,4.87,0.16145833333333393,48
3,7,2008,3.3537500000000002,3.41,0.05624999999999991,48
3,7,2009,8.3220833333333335,10.02,1.697916666666666,48
3,7,2010,3.68,3.68,0,48
3,7,2012,4.998020833333333,5.308,0.3099791666666665,48
3,7,2013,4.443708333333333,4.532,0.08829166666666666,48
3,7,2014,2.060375,2.182,0.12162499999999987,48
3,7,2015,0.611625,0.797,0.18537500000000007,48
3,8,2000,3.83,3.83,0,48
3,8,2002,4.75125,4.87,0.11875000000000036,48
3,8,2008,3.1475,3.41,0.2625000000000002,48
3,8,2009,7.164791666666667,8.17,1.005208333333333,48
3,8,2010,3.68,3.68,0,48
3,8,2012,4.999,5.334,0.33499999999999996,48
3,8,2013,4.377625,4.558,0.18037499999999973,48
3,8,2014,2.0768541666666667,2.155,0.07814583333333314,48
3,8,2015,0.5876666666666667,0.77,0.18233333333333335,48
3,9,2000,4.119791666666667,4.46,0.340208333333333,48
3,9,2002,4.893958333333334,5.03,0.1360416666666664,48
3,9,2008,3.2225,3.41,0.1875,48
3,9,2009,7.537916666666667,8.17,0.6320833333333331,48
3,9,2010,3.6860416666666667,3.97,0.28395833333333353,48
3,9,2012,5.327854166666667,5.539,0.21114583333333314,48
3,9,2013,4.296916666666667,4.402,0.10508333333333297,48
3,9,2014,2.255729166666667,2.37,0.11427083333333332,48
3,9,2015,0.9332916666666666,1.044,0.11070833333333341,48
3,10,2000,4.244166666666667,4.77,0.5258333333333329,48
3,10,2002,5.131458333333334,5.34,0.20854166666666618,48
3,10,2008,3.1725,3.41,0.23750000000000027,48
3,10,2009,8.295,8.47,0.1750000000000007,48
3,10,2010,3.9095833333333334,4.26,0.3504166666666664,48
3,10,2012,5.3509166666666665,5.514,0.1630833333333337,48
3,10,2013,4.415541666666667,4.532,0.11645833333333311,48
3,10,2014,2.4381041666666667,2.61,0.17189583333333314,48
3,10,2015,0.825875,0.934,0.10812500000000003,48
3,11,2000,4.160625,4.46,0.2993750000000004,48
3,11,2002,4.983333333333333,5.03,0.046666666666666856,48
3,11,2008,3.2475,3.41,0.1625000000000001,48
3,11,2009,8.143333333333333,8.17,0.026666666666667282,48
3,11,2010,4.000208333333333,4.26,0.25979166666666664,48
3,11,2012,5.392666666666667,5.565,0.17233333333333345,48
3,11,2013,4.339708333333333,4.428,0.08829166666666666,48
3,11,2014,2.512875,2.717,0.2041249999999999,48
3,11,2015,0.98,1.153,0.17300000000000004,48
3,12,2000,4.118125,4.14,0.021874999999999645,48
3,12,2002,4.9,5.03,0.1299999999999999,48
3,12,2008,3.235,3.41,0.17500000000000027,48
3,12,2009,7.728125,8.32,0.5918749999999999,48
3,12,2010,4.2056249999999995,4.55,0.3443750000000003,48
3,12,2012,5.457520833333334,5.924,0.4664791666666668,48
3,12,2013,4.273083333333333,4.376,0.10291666666666721,48
3,12,2014,2.6269375,2.823,0.19606250000000003,48
3,12,2015,1.1655833333333334,1.262,0.0964166666666666,48
3,13,2000,4.068125,4.14,0.07187499999999947,48
3,13,2002,4.903333333333333,5.03,0.12666666666666693,48
3,13,2008,3.1287499999999997,3.41,0.28125000000000044,48
3,13,2009,8.141666666666667,8.32,0.1783333333333328,48
3,13,2010,4.07875,4.55,0.4712499999999995,48
3,13,2012,5.570333333333333,5.924,0.35366666666666724,48
3,13,2013,4.357583333333333,4.506,0.14841666666666686,48
3,13,2014,2.4859375,2.61,0.12406249999999996,48
3,13,2015,1.35175,1.534,0.18225000000000002,48
3,14,2000,4.061875,4.14,0.078125,48
3,14,2002,4.913958333333333,5.18,0.2660416666666663,48
3,14,2006,3.194375,3.43,0.2356250000000002,48
3,14,2008,3.11,3.11,0,48
3,14,2009,8.968958333333333,9.86,0.8910416666666663,48
3,14,2010,3.97,3.97,0,48
3,14,2012,5.735895833333333,5.924,0.18810416666666718,48
3,14,2013,4.4605,4.532,0.07150000000000034,48
3,14,2014,2.3663333333333334,2.423,0.05666666666666664,48
3,14,2015,1.482,1.561,0.07899999999999996,48
3,15,2000,4.071666666666666,4.3,0.2283333333333335,48
3,15,2002,5.070625,5.18,0.109375,48
3,15,2006,3.339375,3.43,0.09062500000000018,48
3,15,2008,3.11,3.11,0,48
3,15,2009,8.32,8.47,0.15000000000000036,48
3,15,2010,3.97,3.97,0,48
3,15,2012,5.7825,5.847,0.06450000000000067,48
3,15,2013,4.4995,4.558,0.05849999999999955,48
3,15,2014,2.4320833333333334,2.637,0.20491666666666664,48
3,15,2015,1.6344583333333333,2.128,0.49354166666666677,48
3,16,2000,4.26,4.46,0.20000000000000018,48
3,16,2002,5.18,5.18,0,48
3,16,2006,3.43,3.43,0,48
3,16,2008,3.11,3.11,0,48
3,16,2009,8.466458333333334,8.63,0.16354166666666714,48
3,16,2010,3.9760416666666667,4.26,0.2839583333333331,48
3,16,2012,5.818125,5.847,0.028875000000000206,48
3,16,2013,4.534708333333334,4.584,0.04929166666666607,48
3,16,2014,2.462625,2.53,0.06737499999999974,48
3,16,2015,1.9599166666666665,2.182,0.2220833333333334,48
3,17,2000,4.39875,4.61,0.2112500000000006,48
3,17,2002,5.089375,5.18,0.09062499999999929,48
3,17,2006,3.4239583333333337,3.43,0.006041666666666501,48
3,17,2008,3.11,3.11,0,48
3,17,2009,8.603958333333333,8.93,0.3260416666666668,48
3,17,2010,4.072708333333334,4.84,0.767291666666666,48
3,17,2012,5.797458333333333,5.898,0.10054166666666653,48
3,17,2013,4.536333333333333,4.558,0.0216666666666665,48
3,17,2014,2.449895833333333,2.557,0.10710416666666678,48
3,17,2015,2.0709166666666667,2.182,0.1110833333333332,48
3,18,2000,4.031458333333333,4.46,0.4285416666666668,48
3,18,2002,5.0200000000000005,5.03,0.009999999999999787,48
3,18,2006,3.43,3.43,0,48
3,18,2008,3.11,3.11,0,48
3,18,2009,8.819375,9.4,0.5806249999999995,48
3,18,2010,4.036458333333333,4.55,0.5135416666666668,48
3,18,2012,6.022333333333333,6.331,0.3086666666666673,48
3,18,2013,4.406875,4.532,0.1251249999999997,48
3,18,2014,2.5078958333333334,2.637,0.12910416666666658,48
3,18,2015,2.021708333333333,2.074,0.052291666666666625,48
3,19,2000,3.9800000000000004,3.99,0.009999999999999787,48
3,19,2002,4.92,5.03,0.11000000000000032,48
3,19,2006,3.43,3.43,0,48
3,19,2008,3.11,3.11,0,48
3,19,2009,8.300625,8.32,0.019375000000000142,48
3,19,2010,4.211666666666667,5.13,0.918333333333333,48
3,19,2012,6.2010625,7.142,0.9409375000000004,48
3,19,2013,4.322916666666667,4.402,0.07908333333333317,48
3,19,2014,2.6392291666666665,2.717,0.07777083333333357,48
3,19,2015,2.088791666666667,2.209,0.12020833333333325,48
3,20,2000,3.9533333333333336,3.99,0.036666666666666625,48
3,20,2002,4.845,4.87,0.025000000000000355,48
3,20,2006,3.43,3.43,0,48
3,20,2008,3.11,3.11,0,48
3,20,2009,6.658125,8.32,1.6618750000000002,48
3,20,2010,3.9941666666666666,4.26,0.26583333333333314,48
3,20,2012,6.363958333333334,6.864,0.5000416666666663,48
3,20,2013,4.299625,4.35,0.05037499999999984,48
3,20,2014,2.6820208333333335,2.77,0.0879791666666665,48
3,20,2015,1.96125,2.047,0.08575000000000021,48
3,21,2000,3.9033333333333333,3.99,0.08666666666666689,48
3,21,2001,3.643333333333333,3.75,0.10666666666666691,48
3,21,2002,4.920208333333333,5.03,0.10979166666666718,48
3,21,2006,3.411875,3.43,0.018124999999999947,48
3,21,2008,3.11,3.11,0,48
3,21,2009,8.32,8.32,0,48
3,21,2010,4.29625,5.42,1.1237500000000002,48
3,21,2012,6.236354166666667,6.864,0.6276458333333332,48
3,21,2013,4.2393125000000005,4.298,0.05868749999999956,48
3,21,2014,2.668041666666667,2.77,0.10195833333333315,48
3,21,2015,1.9657083333333334,2.047,0.08129166666666676,48
3,22,2000,3.8733333333333335,3.99,0.1166666666666667,48
3,22,2001,3.71,3.75,0.040000000000000036,48
3,22,2002,4.848541666666667,5.03,0.1814583333333335,48
3,22,2006,3.43,3.43,0,48
3,22,2008,3.11,3.11,0,48
3,22,2009,7.23125,8.32,1.08875,48
3,22,2010,4.314375,5.13,0.8156249999999998,48
3,22,2012,6.126,6.509,0.383,48
3,22,2013,3.9364583333333334,4.272,0.33554166666666685,48
3,22,2014,2.6986458333333334,2.744,0.045354166666666806,48
3,22,2015,2.0206666666666666,2.101,0.08033333333333337,48
3,23,2000,3.8833333333333333,3.99,0.10666666666666691,48
3,23,2001,3.63,3.75,0.1200000000000001,48
3,23,2002,4.7825,4.87,0.08750000000000036,48
3,23,2006,3.4420833333333336,3.72,0.2779166666666666,48
3,23,2008,3.14125,3.41,0.26875000000000027,48
3,23,2009,8.06,8.17,0.10999999999999943,48
3,23,2010,5.220625,5.71,0.4893749999999999,48
3,23,2012,6.001,6.788,0.7869999999999999,48
3,23,2013,3.8416041666666665,3.932,0.09039583333333345,48
3,23,2014,2.7232083333333335,2.797,0.0737916666666667,48
3,23,2015,2.025,2.316,0.2909999999999999,48
3,24,2000,3.9400000000000004,3.99,0.04999999999999982,48
3,24,2001,3.6889583333333333,3.9,0.21104166666666657,48
3,24,2002,4.80125,4.87,0.06875000000000053,48
3,24,2006,3.526666666666667,3.72,0.19333333333333336,48
3,24,2008,3.1287499999999997,3.41,0.28125000000000044,48
3,24,2009,7.118541666666666,8.17,1.0514583333333336,48
3,24,2010,5.081666666666667,5.42,0.33833333333333293,48
3,24,2012,6.802958333333334,7.97,1.167041666666666,48
3,24,2013,3.7984375,3.88,0.08156249999999998,48
3,24,2014,2.6909791666666667,2.744,0.05302083333333352,48
3,24,2015,2.00275,2.128,0.1252500000000003,48
3,25,2000,4.068125,4.14,0.07187499999999947,48
3,25,2001,3.7460416666666667,3.9,0.1539583333333332,48
3,25,2002,4.91375,5.18,0.26624999999999943,48
3,25,2006,3.5568750000000002,3.72,0.16312499999999996,48
3,25,2008,3.135,3.41,0.27500000000000036,48
3,25,2009,8.329375,8.47,0.140625,48
3,25,2010,4.773541666666667,5.71,0.9364583333333334,48
3,25,2012,6.4421875,6.889,0.44681250000000006,48
3,25,2013,3.8102916666666666,3.932,0.12170833333333331,48
3,25,2014,2.705416666666667,2.797,0.09158333333333335,48
3,25,2015,2.11225,2.289,0.17675000000000018,48
3,26,2000,4.162708333333334,4.61,0.44729166666666664,48
3,26,2001,3.7516666666666665,3.9,0.14833333333333343,48
3,26,2002,4.87,4.87,0,48
3,26,2006,3.671666666666667,3.72,0.04833333333333334,48
3,26,2008,3.14125,3.41,0.26875000000000027,48
3,26,2009,7.776458333333333,8.17,0.3935416666666667,48
3,26,2010,4.568125,4.84,0.27187499999999964,48
3,26,2012,6.0994166666666665,6.94,0.8405833333333339,48
3,26,2013,3.9431875,4.037,0.09381249999999985,48
3,26,2014,2.69325,2.744,0.050750000000000295,48
3,26,2015,2.220125,2.262,0.04187500000000011,48
3,27,2000,4.208333333333333,4.61,0.4016666666666673,48
3,27,2001,3.6966666666666668,3.75,0.05333333333333323,48
3,27,2002,4.87,4.87,0,48
3,27,2006,3.7079166666666667,4.01,0.30208333333333304,48
3,27,2008,3.32875,3.41,0.08125000000000027,48
3,27,2009,8.110625,8.17,0.05937499999999929,48
3,27,2010,4.507708333333333,4.84,0.33229166666666643,48
3,27,2012,5.9601041666666665,6.306,0.3458958333333335,48
3,27,2013,3.921854166666667,4.037,0.11514583333333306,48
3,27,2014,2.594291666666667,2.664,0.06970833333333326,48
3,27,2015,2.3083333333333336,2.396,0.08766666666666634,48
3,28,2000,4.586875,5.08,0.49312500000000004,48
3,28,2001,3.75375,3.9,0.14624999999999977,48
3,28,2002,4.867291666666667,5.18,0.31270833333333314,48
3,28,2006,3.895208333333333,4.3,0.40479166666666666,48
3,28,2008,3.452291666666667,3.7,0.2477083333333332,48
3,28,2009,8.207708333333333,9.24,1.0322916666666675,48
3,28,2010,4.592291666666666,4.84,0.24770833333333364,48
3,28,2012,6.090520833333334,6.281,0.1904791666666661,48
3,28,2013,3.9917708333333333,4.063,0.07122916666666645,48
3,28,2014,2.6815208333333334,2.77,0.08847916666666666,48
3,28,2015,2.358375,2.423,0.06462499999999993,48
3,29,2000,4.773541666666667,4.93,0.15645833333333314,48
3,29,2001,3.8654166666666665,4.06,0.1945833333333331,48
3,29,2002,5.028333333333333,5.34,0.31166666666666654,48
3,29,2006,4.064375,4.3,0.23562499999999975,48
3,29,2008,3.41,3.41,0,48
3,29,2009,8.47,8.47,0,48
3,29,2010,4.537916666666667,5.13,0.5920833333333331,48
3,29,2012,6.16075,6.255,0.09424999999999972,48
3,29,2013,3.9939375,4.063,0.0690624999999998,48
3,29,2014,2.8073125,2.956,0.14868749999999986,48
3,29,2015,2.4042083333333335,2.477,0.07279166666666637,48
3,30,2000,4.551875,4.77,0.21812499999999968,48
3,30,2001,3.83125,3.9,0.06875000000000009,48
3,30,2002,5.07375,5.18,0.10624999999999929,48
3,30,2006,4.1187499999999995,4.88,0.7612500000000004,48
3,30,2008,3.457291666666667,3.7,0.2427083333333333,48
3,30,2009,8.395,8.47,0.07500000000000107,48
3,30,2010,4.682916666666666,4.84,0.15708333333333346,48
3,30,2012,6.233395833333334,6.357,0.12360416666666652,48
3,30,2013,3.9577708333333335,3.985,0.027229166666666416,48
3,30,2014,2.9623125,3.036,0.07368750000000013,48
3,30,2015,2.510125,2.557,0.046875,48
3,31,2000,4.7179166666666665,5.08,0.36208333333333353,48
3,31,2001,3.75,3.75,0,48
3,31,2002,5.150625,5.5,0.3493750000000002,48
3,31,2006,4.257708333333333,5.17,0.9122916666666665,48
3,31,2008,3.19125,3.41,0.21875,48
3,31,2009,8.32,8.32,0,48
3,31,2010,4.761458333333334,4.84,0.07854166666666629,48
3,31,2012,6.286416666666667,6.408,0.1215833333333336,48
3,31,2013,4.063,4.22,0.15700000000000003,48
3,31,2014,2.9605,2.983,0.022499999999999964,48
3,31,2015,2.5235,2.61,0.08650000000000002,48
4,1,2000,4.910208333333333,5.55,0.6397916666666665,48
4,1,2001,3.75,3.75,0,48
4,1,2002,5.132916666666667,5.34,0.20708333333333329,48
4,1,2006,4.04625,4.59,0.5437500000000002,48
4,1,2008,3.26,3.41,0.15000000000000036,48
4,1,2009,8.213125,8.47,0.25687500000000085,48
4,1,2010,4.906458333333333,5.42,0.5135416666666668,48
4,1,2012,6.335666666666667,6.687,0.3513333333333337,48
4,1,2013,4.148875,4.324,0.17512499999999953,48
4,1,2014,3.009333333333333,3.142,0.1326666666666667,48
4,1,2015,2.7067916666666667,3.142,0.4352083333333332,48
4,2,2000,4.874583333333333,5.24,0.3654166666666674,48
4,2,2001,3.6266666666666665,3.75,0.12333333333333352,48
4,2,2002,5.261875,5.65,0.3881250000000005,48
4,2,2006,3.9677083333333334,4.3,0.33229166666666643,48
4,2,2008,3.434166666666667,3.7,0.26583333333333314,48
4,2,2009,7.9504166666666665,8.17,0.21958333333333346,48
4,2,2010,4.997083333333333,5.13,0.13291666666666657,48
4,2,2012,6.3577916666666665,6.636,0.2782083333333336,48
4,2,2013,4.102645833333334,4.246,0.14335416666666667,48
4,2,2014,3.1177083333333333,3.195,0.07729166666666654,48
4,2,2015,2.81775,2.956,0.13824999999999976,48
4,3,2000,4.88125,5.39,0.50875,48
4,3,2001,3.6266666666666665,3.75,0.12333333333333352,48
4,3,2002,5.334375,5.5,0.16562500000000036,48
4,3,2006,4.3,4.59,0.29000000000000004,48
4,3,2008,3.4825,3.7,0.21750000000000025,48
4,3,2009,6.948541666666666,8.01,1.0614583333333334,48
4,3,2010,4.888333333333334,5.13,0.24166666666666625,48
4,3,2012,6.389083333333334,6.636,0.24691666666666645,48
4,3,2013,4.145104166666667,4.298,0.152895833333333,48
4,3,2014,3.226208333333333,3.617,0.39079166666666687,48
4,3,2015,3.037,3.301,0.26400000000000023,48
4,4,2000,5.007083333333333,5.55,0.5429166666666667,48
4,4,2001,3.7347916666666667,4.22,0.485208333333333,48
4,4,2002,5.510208333333333,5.81,0.2997916666666667,48
4,4,2006,4.402708333333333,4.59,0.18729166666666686,48
4,4,2008,3.6577083333333333,3.7,0.04229166666666684,48
4,4,2009,7.931875,8.01,0.078125,48
4,4,2010,4.628541666666666,4.84,0.21145833333333375,48
4,4,2012,6.37475,6.585,0.21025000000000027,48
4,4,2013,4.137479166666667,4.48,0.3425208333333334,48
4,4,2014,3.3335208333333335,3.643,0.3094791666666663,48
4,4,2015,3.0555,3.274,0.21850000000000014,48
4,5,2000,4.6554166666666665,4.93,0.2745833333333332,48
4,5,2001,4.001875,4.84,0.8381249999999998,48
4,5,2002,5.648541666666667,5.96,0.3114583333333334,48
4,5,2006,4.312083333333333,4.59,0.27791666666666703,48
4,5,2008,3.6214583333333334,3.7,0.07854166666666673,48
4,5,2009,8.215833333333334,8.32,0.10416666666666607,48
4,5,2010,4.55,4.84,0.29000000000000004,48
4,5,2012,6.571979166666667,6.839,0.2670208333333335,48
4,5,2013,4.117854166666667,4.246,0.12814583333333385,48
4,5,2014,3.2879583333333335,3.433,0.1450416666666663,48
4,5,2015,2.9030833333333335,3.089,0.1859166666666665,48
4,6,2000,4.332708333333334,4.77,0.43729166666666597,48
4,6,2001,3.9979166666666663,4.37,0.37208333333333377,48
4,6,2002,5.53,5.81,0.27999999999999936,48
4,6,2006,4.348333333333333,4.59,0.24166666666666714,48
4,6,2008,3.7,3.7,0,48
4,6,2009,7.998541666666666,8.32,0.32145833333333407,48
4,6,2010,4.6587499999999995,4.84,0.18125000000000036,48
4,6,2012,6.644479166666667,6.889,0.24452083333333352,48
4,6,2013,4.1085,4.141,0.03249999999999975,48
4,6,2014,3.3893541666666667,3.564,0.1746458333333334,48
4,6,2015,2.9075416666666665,3.195,0.28745833333333337,48
4,7,2000,4.5285416666666665,4.77,0.2414583333333331,48
4,7,2001,4.2941666666666665,4.37,0.07583333333333364,48
4,7,2002,5.504583333333334,5.81,0.305416666666666,48
4,7,2006,4.529583333333333,4.88,0.3504166666666668,48
4,7,2008,3.7,3.7,0,48
4,7,2009,7.855416666666667,8.01,0.15458333333333307,48
4,7,2010,4.543958333333333,4.84,0.29604166666666654,48
4,7,2012,6.7536249999999995,7.015,0.26137500000000014,48
4,7,2013,4.175666666666666,4.324,0.14833333333333343,48
4,7,2014,3.5166041666666668,3.67,0.15339583333333318,48
4,7,2015,3.141875,3.248,0.10612500000000002,48
4,8,2000,5.076458333333333,5.71,0.6335416666666669,48
4,8,2001,4.300208333333333,4.37,0.06979166666666714,48
4,8,2002,5.559583333333333,5.81,0.2504166666666663,48
4,8,2006,4.541666666666666,4.59,0.04833333333333378,48
4,8,2008,3.7664583333333335,3.99,0.22354166666666675,48
4,8,2009,7.813125,7.86,0.046875,48
4,8,2010,4.809375,6.57,1.760625,48
4,8,2012,6.743729166666666,6.839,0.09527083333333408,48
4,8,2013,4.236583333333334,4.35,0.11341666666666583,48
4,8,2014,3.6663125,4.298,0.6316875,48
4,8,2015,3.31275,3.433,0.12024999999999997,48
4,9,2000,5.35375,5.71,0.3562500000000002,48
4,9,2001,4.2475,4.53,0.28250000000000064,48
4,9,2002,5.759375,6.12,0.36062499999999975,48
4,9,2006,4.5477083333333335,4.88,0.33229166666666643,48
4,9,2008,3.814791666666667,3.99,0.1752083333333334,48
4,9,2009,8.120416666666667,8.17,0.049583333333332646,48
4,9,2010,4.725208333333333,5.42,0.6947916666666671,48
4,9,2012,6.7320625,6.864,0.13193750000000026,48
4,9,2013,4.3175,4.506,0.18850000000000033,48
4,9,2014,3.5610208333333335,4.246,0.6849791666666669,48
4,9,2015,3.4633333333333334,3.485,0.0216666666666665,48
4,10,2000,4.870833333333333,5.39,0.519166666666667,48
4,10,2001,4.503125,5.31,0.8068749999999998,48
4,10,2002,6,6.75,0.75,48
4,10,2006,4.650416666666667,5.17,0.5195833333333333,48
4,10,2008,3.7725,3.99,0.21750000000000025,48
4,10,2009,7.8029166666666665,8.01,0.20708333333333329,48
4,10,2010,4.55,5.13,0.5800000000000001,48
4,10,2012,6.8584375,7.192,0.3335625000000002,48
4,10,2013,4.545,4.766,0.22100000000000009,48
4,10,2014,3.8429166666666665,4.558,0.7150833333333333,48
4,10,2015,3.430416666666667,3.459,0.028583333333333183,48
4,11,2000,4.938124999999999,5.24,0.3018750000000008,48
4,11,2001,4.7162500000000005,5.31,0.5937499999999991,48
4,11,2002,6.247708333333334,6.75,0.5022916666666664,48
4,11,2006,4.650416666666667,4.88,0.22958333333333325,48
4,11,2008,3.9295833333333334,4.28,0.3504166666666668,48
4,11,2009,7.805625,8.01,0.20437499999999975,48
4,11,2010,4.732826086956521,5.13,0.3971739130434786,46
4,11,2012,7.2132708333333335,7.544,0.3307291666666661,48
4,11,2013,4.641416666666666,4.74,0.09858333333333391,48
4,11,2014,3.6943958333333335,4.792,1.0976041666666663,48
4,11,2015,3.4358750000000002,3.512,0.07612499999999978,48
4,12,2000,5.182708333333333,5.39,0.20729166666666643,48
4,12,2001,4.73,5.16,0.4299999999999997,48
4,12,2002,6.539375,7.21,0.6706250000000002,48
4,12,2006,4.741041666666667,4.88,0.13895833333333307,48
4,12,2008,4.09875,4.57,0.4712500000000004,48
4,12,2009,8.277083333333334,9.4,1.1229166666666668,48
4,12,2012,7.253791666666666,7.569,0.31520833333333353,48
4,12,2013,4.722125,4.844,0.12187500000000018,48
4,12,2014,3.5144375,3.696,0.18156250000000007,48
4,12,2015,3.7179166666666665,3.88,0.16208333333333336,48
4,13,2000,5.25,5.39,0.13999999999999968,48
4,13,2001,4.2664583333333335,5,0.7335416666666665,48
4,13,2002,6.458958333333333,7.68,1.2210416666666664,48
4,13,2006,4.77125,4.88,0.10874999999999968,48
4,13,2008,4.177291666666667,4.57,0.3927083333333332,48
4,13,2009,8.26375,8.47,0.2062500000000007,48
4,13,2012,7.372916666666667,7.67,0.29708333333333314,48
4,13,2013,4.829104166666666,5.488,0.6588958333333341,48
4,13,2014,3.507833333333333,3.722,0.21416666666666684,48
4,13,2015,3.891375,4.35,0.4586249999999996,48
4,14,2000,5.540208333333333,5.71,0.16979166666666679,48
4,14,2001,4.473958333333333,5.16,0.6860416666666671,48
4,14,2002,6.372708333333334,8.14,1.767291666666667,48
4,14,2006,4.934375,6.33,1.395625,48
4,14,2008,4.364583333333334,5.15,0.7854166666666664,48
4,14,2012,7.592770833333333,7.795,0.20222916666666713,48
4,14,2013,4.892520833333333,5.719,0.8264791666666671,48
4,14,2014,3.6075625,4.115,0.5074375000000004,48
4,14,2015,4.130416666666667,4.454,0.32358333333333267,48
4,15,2000,5.736041666666667,6.17,0.433958333333333,48
4,15,2001,4.796666666666667,5,0.20333333333333314,48
4,15,2002,6.7612499999999995,7.37,0.6087500000000006,48
4,15,2006,4.650416666666667,6.33,1.6795833333333334,48
4,15,2008,4.902291666666667,5.44,0.5377083333333337,48
4,15,2012,7.620895833333333,8.02,0.3991041666666666,48
4,15,2013,5.143645833333333,5.36,0.21635416666666707,48
4,15,2014,3.945145833333333,4.61,0.6648541666666672,48
4,15,2015,4.2908333333333335,4.662,0.3711666666666664,48
4,16,2000,5.9331249999999995,6.33,0.39687500000000053,48
4,16,2001,5.036666666666667,5.47,0.4333333333333327,48
4,16,2002,6.865625,7.37,0.5043750000000005,48
4,16,2006,4.716875,5.46,0.743125,48
4,16,2008,4.907916666666667,6.59,1.682083333333333,48
4,16,2012,7.8015625,9.015,1.2134375000000004,48
4,16,2013,5.43775,5.539,0.1012499999999994,48
4,16,2014,3.8301458333333334,4.194,0.3638541666666666,48
4,16,2015,4.577916666666667,5.437,0.8590833333333334,48
4,17,2000,6.092083333333333,6.33,0.237916666666667,48
4,17,2001,5.2275,5.62,0.39250000000000007,48
4,17,2002,7.066458333333333,8.3,1.2335416666666674,48
4,17,2006,4.892083333333333,5.46,0.5679166666666671,48
4,17,2008,4.491458333333334,5.44,0.9485416666666664,48
4,17,2012,7.5313125,8.593,1.0616874999999997,48
4,17,2013,5.452145833333334,5.565,0.1128541666666667,48
4,17,2014,3.961,4.115,0.15400000000000036,48
4,17,2015,4.850458333333333,5.257,0.4065416666666666,48
4,18,2000,6.263958333333333,6.33,0.066041666666667,48
4,18,2001,5.386458333333334,5.62,0.23354166666666654,48
4,18,2002,7.840416666666666,8.6,0.7595833333333335,48
4,18,2006,6.015833333333333,6.62,0.604166666666667,48
4,18,2008,4.370625,5.15,0.7793749999999999,48
4,18,2012,8.106479166666666,9.41,1.3035208333333337,48
4,18,2013,5.459604166666667,5.796,0.33639583333333345,48
4,18,2014,4.1903125,4.48,0.2896875000000003,48
4,18,2015,4.665541666666667,5.128,0.4624583333333332,48
4,19,2000,6.220416666666667,6.33,0.10958333333333314,48
4,19,2001,5.3999999999999995,5.47,0.07000000000000028,48
4,19,2002,8.149166666666668,8.3,0.15083333333333293,48
4,19,2006,6.203125,6.62,0.4168750000000001,48
4,19,2008,4.726458333333333,8.33,3.6035416666666666,48
4,19,2012,8.500729166666666,9.706,1.2052708333333335,48
4,19,2013,5.482458333333334,5.898,0.41554166666666603,48
4,19,2014,4.493541666666666,4.818,0.3244583333333333,48
4,19,2015,4.922791666666667,5.616,0.6932083333333328,48
4,20,2000,6.166875,6.17,0.0031249999999998224,48
4,20,2001,5.496041666666667,5.78,0.28395833333333353,48
4,20,2002,8.304583333333333,8.76,0.45541666666666636,48
4,20,2006,6.577708333333334,6.91,0.33229166666666643,48
4,20,2008,4.925833333333333,7.17,2.2441666666666666,48
4,20,2012,7.952958333333333,9.558,1.6050416666666667,48
4,20,2013,5.217,5.282,0.06500000000000039,48
4,20,2014,4.766208333333333,5.462,0.6957916666666666,48
4,20,2015,5.6025,5.898,0.29549999999999965,48
4,21,2000,6.378958333333333,6.64,0.2610416666666664,48
4,21,2001,5.542708333333334,5.94,0.3972916666666668,48
4,21,2002,8.558125,8.91,0.3518749999999997,48
4,21,2006,6.835625,7.19,0.3543750000000001,48
4,21,2008,4.38875,4.86,0.4712500000000004,48
4,21,2012,7.191270833333333,9.089,1.8977291666666671,48
4,21,2013,5.25575,5.334,0.07824999999999971,48
4,21,2014,4.704229166666667,4.895,0.19077083333333267,48
4,21,2015,5.44925,5.668,0.21875,48
4,22,2000,6.357916666666667,6.48,0.12208333333333332,48
4,22,2001,5.311875,5.47,0.15812500000000007,48
4,22,2002,8.298333333333334,8.76,0.461666666666666,48
4,22,2006,6.855625,6.91,0.054375000000000284,48
4,22,2008,4.165208333333333,4.57,0.4047916666666671,48
4,22,2012,7.8831875,9.188,1.3048125000000006,48
4,22,2013,5.294520833333333,5.36,0.06547916666666698,48
4,22,2014,4.5573125,5.257,0.6996874999999996,48
4,22,2015,4.7985,5.334,0.5354999999999999,48
4,23,2000,6.083125,6.33,0.24687500000000018,48
4,23,2001,5.805833333333333,7.18,1.3741666666666665,48
4,23,2002,7.777916666666666,7.99,0.21208333333333407,48
4,23,2006,6.91,6.91,0,48
4,23,2008,4.092708333333333,4.57,0.4772916666666669,48
4,23,2012,8.260166666666667,8.494,0.23383333333333312,48
4,23,2013,5.281,5.308,0.027000000000000135,48
4,23,2014,4.5836041666666665,5.154,0.5703958333333334,48
4,23,2015,3.976625,4.324,0.347375,48
4,24,2000,6.0325,6.17,0.13750000000000018,48
4,24,2001,5.305625,6.25,0.944375,48
4,24,2002,7.816041666666667,7.99,0.17395833333333321,48
4,24,2006,6.65625,6.91,0.25375000000000014,48
4,24,2008,4.116875,4.86,0.743125,48
4,24,2012,8.368416666666667,8.817,0.44858333333333356,48
4,24,2013,5.2646041666666665,5.591,0.32639583333333366,48
4,24,2014,4.3620833333333335,4.973,0.6109166666666663,48
4,24,2015,4.159708333333334,4.428,0.2682916666666664,48
4,25,2000,6.171666666666667,6.33,0.15833333333333321,48
4,25,2001,5.331041666666667,7.18,1.848958333333333,48
4,25,2002,7.7225,7.99,0.26750000000000007,48
4,25,2006,6.571666666666667,6.91,0.33833333333333293,48
4,25,2008,5.341875,6.88,1.538125,48
4,25,2012,8.729958333333334,9.287,0.5570416666666667,48
4,25,2013,5.675041666666667,6.535,0.8599583333333332,48
4,25,2014,4.8346875,5.154,0.31931249999999967,48
4,25,2015,5.167916666666667,5.539,0.371083333333333,48
4,26,2000,6.253125,6.48,0.2268750000000006,48
4,26,2001,5.7214583333333335,6.56,0.8385416666666661,48
4,26,2002,7.522708333333333,7.99,0.4672916666666671,48
4,26,2006,7.025833333333334,7.48,0.4541666666666666,48
4,26,2008,6.306041666666666,8.91,2.603958333333334,48
4,26,2012,8.406541666666666,8.916,0.5094583333333347,48
4,26,2013,6.4128125,6.636,0.22318749999999987,48
4,26,2014,5.070604166666667,5.36,0.28939583333333374,48
4,26,2015,5.597041666666667,5.949,0.35195833333333315,48
4,27,2000,6.1325,6.17,0.037499999999999645,48
4,27,2001,6.339166666666666,6.87,0.5308333333333337,48
4,27,2002,7.535208333333333,7.83,0.2947916666666668,48
4,27,2006,7.103541666666667,7.48,0.3764583333333338,48
4,27,2008,6.126666666666667,6.88,0.753333333333333,48
4,27,2012,7.985833333333333,8.817,0.8311666666666673,48
4,27,2013,6.7556666666666665,6.99,0.23433333333333373,48
4,27,2014,5.1920625,5.488,0.29593750000000085,48
4,27,2015,5.903208333333334,6.382,0.47879166666666606,48
4,28,2000,6.2275,6.64,0.41249999999999964,48
4,28,2001,6.940416666666667,7.81,0.8695833333333329,48
4,28,2002,7.755,7.99,0.23500000000000032,48
4,28,2006,7.227083333333334,7.48,0.2529166666666667,48
4,28,2008,7.582916666666667,8.62,1.0370833333333325,48
4,28,2012,8.342041666666667,8.668,0.32595833333333246,48
4,28,2013,6.544125,7.015,0.4708749999999995,48
4,28,2014,5.4310833333333335,5.898,0.4669166666666662,48
4,28,2015,6.2135,6.382,0.16849999999999987,48
4,29,2000,6.230416666666667,6.48,0.2495833333333337,48
4,29,2001,7.276458333333333,7.81,0.5335416666666664,48
4,29,2002,7.584583333333333,7.68,0.09541666666666693,48
4,29,2006,7.353125,7.48,0.12687500000000007,48
4,29,2008,5.408125,8.33,2.921875,48
4,29,2012,8.234479166666667,8.593,0.3585208333333334,48
4,29,2013,6.689895833333333,7.569,0.879104166666667,48
4,29,2014,5.610270833333333,5.898,0.2877291666666668,48
4,29,2015,6.393416666666667,6.914,0.5205833333333327,48
4,30,2000,6.499375,7.1,0.600625,48
4,30,2001,6.75125,7.5,0.7487500000000002,48
4,30,2002,7.21875,7.52,0.3012499999999996,48
4,30,2006,7.564583333333333,8.06,0.4954166666666673,48
4,30,2008,5.141875,7.17,2.028125,48
4,30,2012,8.414229166666667,8.792,0.37777083333333294,48
4,30,2013,6.892604166666667,7.393,0.5003958333333332,48
4,30,2014,5.525979166666667,5.668,0.14202083333333348,48
4,30,2015,6.959708333333333,8.319,1.3592916666666675,48
5,1,2000,6.851458333333333,7.1,0.24854166666666622,48
5,1,2001,6.829375,7.96,1.1306250000000002,48
5,1,2002,7.202708333333333,7.68,0.4772916666666669,48
5,1,2006,7.558541666666667,7.77,0.21145833333333286,48
5,1,2008,7.069791666666666,8.62,1.550208333333333,48
5,1,2012,8.422145833333333,8.494,0.07185416666666633,48
5,1,2013,6.974375,8.295,1.3206249999999997,48
5,1,2014,5.605604166666667,5.821,0.215395833333333,48
5,1,2015,7.0023333333333335,7.419,0.4166666666666661,48
5,2,2000,7.018541666666667,7.72,0.7014583333333331,48
5,2,2001,5.91625,7.65,1.7337500000000006,48
5,2,2002,7.422083333333333,7.68,0.25791666666666657,48
5,2,2006,7.473958333333334,7.48,0.006041666666666501,48
5,2,2008,7.448958333333333,8.33,0.8810416666666674,48
5,2,2012,8.500291666666666,8.891,0.3907083333333343,48
5,2,2013,6.804916666666666,8.344,1.5390833333333331,48
5,2,2014,5.793354166666667,6.889,1.0956458333333332,48
5,2,2015,7.042416666666667,7.695,0.6525833333333333,48
5,3,2000,7.148125,7.88,0.7318749999999996,48
5,3,2001,5.689166666666667,8.58,2.890833333333333,48
5,3,2002,7.255,7.52,0.2649999999999997,48
5,3,2006,7.347083333333334,7.48,0.13291666666666657,48
5,3,2008,7.840624999999999,8.33,0.4893750000000008,48
5,3,2012,8.744979166666667,9.41,0.6650208333333332,48
5,3,2013,6.720791666666667,7.619,0.8982083333333328,48
5,3,2014,6.129645833333333,6.864,0.7343541666666669,48
5,3,2015,7.167291666666666,8.369,1.2017083333333334,48
5,4,2000,7.5095833333333335,8.19,0.680416666666666,48
5,4,2001,5.768125,7.5,1.7318749999999996,48
5,4,2002,7.797291666666666,8.45,0.652708333333333,48
5,4,2006,7.7,8.64,0.9400000000000004,48
5,4,2008,7.840624999999999,8.04,0.19937499999999986,48
5,4,2012,8.908770833333334,9.336,0.42722916666666677,48
5,4,2013,6.572229166666666,7.318,0.7457708333333333,48
5,4,2014,5.9024375,6.737,0.8345625000000005,48
5,4,2015,6.79175,8.12,1.3282499999999988,48
5,5,2000,6.7993749999999995,8.19,1.390625,48
5,5,2001,6.1466666666666665,7.65,1.5033333333333339,48
5,5,2002,7.912708333333334,8.6,0.687291666666666,48
5,5,2006,8.40375,8.93,0.5262499999999992,48
5,5,2008,7.967499999999999,8.33,0.3625000000000007,48
5,5,2012,8.5696875,9.213,0.6433124999999986,48
5,5,2013,6.599645833333334,9.262,2.662354166666667,48
5,5,2014,6.165125,6.611,0.445875,48
5,5,2015,5.360125,5.949,0.5888749999999998,48
5,6,2000,6.730833333333333,8.96,2.229166666666668,48
5,6,2001,8.829166666666666,9.67,0.8408333333333342,48
5,6,2002,7.9539583333333335,9.07,1.1160416666666668,48
5,6,2006,8.162708333333333,9.79,1.6272916666666664,48
5,6,2008,8.762708333333332,10.64,1.8772916666666681,48
5,6,2012,8.461645833333334,9.879,1.4173541666666658,48
5,6,2013,7.619041666666667,9.386,1.7669583333333323,48
5,6,2014,6.420145833333334,6.813,0.39285416666666606,48
5,6,2015,5.489375,6.965,1.475625,48
5,7,2000,7.112291666666667,9.12,2.0077083333333325,48
5,7,2001,8.9122916666666665,10.29,1.3777083333333326,48
5,7,2002,7.989166666666667,9.38,1.390833333333334,48
5,7,2006,8.253958333333333,9.51,1.2560416666666665,48
5,7,2008,8.6970833333333335,10.64,1.942916666666667,48
5,7,2012,8.929124999999999,10.296,1.3668750000000003,48
5,7,2013,8.486083333333333,9.312,0.8259166666666662,48
5,7,2014,6.511791666666666,6.737,0.22520833333333368,48
5,7,2015,5.723625,7.142,1.4183750000000002,48
5,8,2000,7.03125,7.88,0.8487499999999999,48
5,8,2001,7.994791666666666,10.75,2.755208333333334,48
5,8,2002,8.001458333333334,9.53,1.5285416666666656,48
5,8,2006,8.139791666666667,9.22,1.0802083333333332,48
5,8,2008,7.371458333333333,8.91,1.5385416666666671,48
5,8,2012,8.998354166666667,9.731,0.7326458333333328,48
5,8,2013,9.045041666666666,9.41,0.36495833333333394,48
5,8,2014,6.9296875,8.295,1.3653125,48
5,8,2015,5.9039166666666665,6.712,0.8080833333333333,48
5,9,2000,7.264375,10.36,3.095624999999999,48
5,9,2001,6.20125,10.75,4.54875,48
5,9,2002,8.379166666666666,9.53,1.150833333333333,48
5,9,2006,8.169166666666666,8.36,0.19083333333333385,48
5,9,2008,7.064791666666666,9.2,2.135208333333333,48
5,9,2012,8.6535625,9.361,0.707437500000001,48
5,9,2013,9.118041666666667,9.903,0.7849583333333339,48
5,9,2014,7.595083333333333,8.344,0.7489166666666662,48
5,9,2015,8.259833333333333,8.568,0.3081666666666667,48
5,10,2000,8.862916666666667,9.89,1.0270833333333336,48
5,10,2001,5.357708333333333,7.81,2.4522916666666665,48
5,10,2002,7.533541666666666,8.91,1.3764583333333338,48
5,10,2006,8.20375,8.36,0.15625,48
5,10,2008,8.717916666666666,9.78,1.0620833333333337,48
5,10,2012,7.977520833333333,8.767,0.7894791666666663,48
5,10,2013,8.343104166666667,9.558,1.2148958333333333,48
5,10,2014,7.273291666666666,8.17,0.8967083333333337,48
5,10,2015,8.011375,8.295,0.2836250000000007,48
5,11,2000,9.10125,9.74,0.6387499999999999,48
5,11,2001,5.158541666666666,8.12,2.961458333333333,48
5,11,2002,6.939166666666667,8.45,1.5108333333333324,48
5,11,2006,8.35375,8.36,0.006249999999999645,48
5,11,2008,9.395625,10.35,0.9543749999999989,48
5,11,2012,8.135145833333333,9.287,1.1518541666666682,48
5,11,2013,7.295958333333333,8.295,0.9990416666666668,48
5,11,2014,6.6381041666666665,7.67,1.0318958333333335,48
5,11,2015,7.555,8.792,1.237,48
5,12,2000,8.932916666666667,9.12,0.18708333333333194,48
5,12,2001,5.175625,6.56,1.3843749999999995,48
5,12,2002,7.960208333333333,9.07,1.1097916666666672,48
5,12,2006,8.31625,8.36,0.04374999999999929,48
5,12,2008,9.682708333333332,10.06,0.37729166666666814,48
5,12,2012,8.443020833333334,8.941,0.4979791666666671,48
5,12,2013,6.8877291666666665,7.544,0.6562708333333331,48
5,12,2014,6.789958333333333,7.77,0.9800416666666667,48
5,12,2015,8.6735,9.78,1.1064999999999987,48
5,13,2000,8.804791666666667,9.43,0.6252083333333331,48
5,13,2001,5.777291666666667,8.43,2.652708333333333,48
5,13,2002,8.948958333333334,9.69,0.7410416666666659,48
5,13,2006,7.866666666666666,8.06,0.19333333333333425,48
5,13,2008,9.749791666666667,9.78,0.030208333333332504,48
5,13,2012,8.708375,9.435,0.7266250000000003,48
5,13,2013,6.586708333333333,7.066,0.47929166666666667,48
5,13,2014,8.745833333333334,9.608,0.862166666666667,48
5,13,2015,8.196625,9.089,0.8923750000000013,48
5,14,2000,8.878541666666667,9.74,0.8614583333333332,48
5,14,2001,9.378541666666667,11.22,1.8414583333333336,48
5,14,2002,8.506874999999999,8.91,0.40312500000000107,48
5,14,2006,7.927083333333333,8.06,0.13291666666666746,48
5,14,2008,9.969375,10.64,0.6706250000000011,48
5,14,2012,9.260979166666667,10.516,1.255020833333333,48
5,14,2013,6.7581875,7.217,0.4588124999999996,48
5,14,2014,8.3541875,9.139,0.7848124999999992,48
5,14,2015,8.964041666666667,9.608,0.6439583333333339,48
5,15,2000,9.205,10.67,1.4649999999999999,48
5,15,2001,9.228823529411764,10.91,1.6811764705882357,34
5,15,2002,8.042291666666667,8.45,0.407708333333332,48
5,15,2006,7.872708333333334,8.06,0.18729166666666686,48
5,15,2008,9.544375,9.78,0.23562499999999886,48
5,15,2012,9.690770833333334,10.834,1.143229166666666,48
5,15,2013,6.5585625,7.066,0.5074375,48
5,15,2014,8.236125,9.608,1.371875000000001,48
5,15,2015,9.155125,9.485,0.3298749999999995,48
5,16,2000,9.072291666666667,9.74,0.6677083333333336,48
5,16,2002,8.371041666666667,8.6,0.22895833333333293,48
5,16,2006,8.053958333333334,8.06,0.006041666666666501,48
5,16,2008,9.258541666666666,10.93,1.6714583333333337,48
5,16,2012,9.215166666666667,10.638,1.4228333333333332,48
5,16,2013,6.3704583333333336,6.636,0.26554166666666656,48
5,16,2014,7.820458333333333,9.238,1.4175416666666667,48
5,16,2015,8.72925,9.238,0.5087499999999991,48
5,17,2000,9.642916666666666,10.97,1.3270833333333343,48
5,17,2002,8.472916666666666,9.22,0.7470833333333342,48
5,17,2006,7.896875,8.06,0.16312500000000085,48
5,17,2008,8.016458333333333,9.2,1.1835416666666667,48
5,17,2012,9.182541666666667,11.175,1.9924583333333334,48
5,17,2013,6.7171666666666665,7.82,1.1028333333333338,48
5,17,2014,7.223020833333333,10.394,3.170979166666667,48
5,17,2015,7.19075,8.742,1.5512500000000005,48
5,18,2000,10.133125,11.44,1.3068749999999998,48
5,18,2001,10.537857142857144,10.64,0.10214285714285687,28
5,18,2002,9.109375,9.53,0.42062499999999936,48
5,18,2006,7.824375,8.06,0.23562500000000064,48
5,18,2008,7.677499999999999,8.62,0.9424999999999999,48
5,18,2012,9.700833333333334,11.71,2.009166666666667,48
5,18,2013,7.201020833333334,8.717,1.5159791666666669,48
5,18,2014,5.738104166666667,6.965,1.2268958333333329,48
5,18,2015,10.5925,11.443,0.8505000000000003,48
5,19,2000,8.658958333333333,10.97,2.311041666666668,48
5,19,2001,10.43375,10.79,0.3562499999999993,96
5,19,2002,8.891666666666667,9.22,0.32833333333333314,48
5,19,2006,7.910416666666666,9.51,1.5995833333333334,48
5,19,2008,6.9799999999999995,8.62,1.6399999999999997,48
5,19,2012,10.113479166666666,11.929,1.8155208333333341,48
5,19,2013,6.557479166666667,6.965,0.4075208333333329,48
5,19,2014,6.263125,7.695,1.4318750000000007,48
5,19,2015,9.143791666666667,11.078,1.9342083333333324,48
5,20,2000,9.470416666666667,10.2,0.7295833333333324,48
5,20,2001,10.8825,11.57,0.6875,96
5,20,2002,9.080833333333333,9.53,0.4491666666666667,48
5,20,2006,7.2175,8.06,0.8425000000000002,48
5,20,2008,6.606458333333333,8.91,2.303541666666667,48
5,20,2012,10.16725,12.292,2.1247500000000006,48
5,20,2013,6.290875,6.661,0.3701249999999998,48
5,20,2014,7.96425,9.312,1.3477499999999996,48
5,20,2015,7.84375,9.903,2.0592500000000005,48
5,21,2000,9.265833333333333,10.2,0.9341666666666661,48
5,21,2001,11.253958333333333,12.34,1.0860416666666666,96
5,21,2002,8.7716666666666665,9.38,0.6083333333333343,48
5,21,2006,6.95,8.06,1.1100000000000003,48
5,21,2008,6.882708333333333,9.78,2.897291666666666,48
5,21,2012,10.270666666666667,11.856,1.5853333333333328,48
5,21,2013,6.4280625,6.914,0.48593749999999947,48
5,21,2014,8.5534375,10.051,1.4975625000000008,48
5,21,2015,8.792583333333333,11.273,2.4804166666666667,48
5,22,2000,9.379375,10.2,0.8206249999999997,48
5,22,2001,11.376875,12.03,0.6531249999999993,96
5,22,2002,9.342083333333333,10.16,0.8179166666666671,48
5,22,2006,6.907291666666667,7.77,0.862708333333333,48
5,22,2008,6.727708333333333,9.78,3.052291666666666,48
5,22,2012,10.549104166666666,12.751,2.2018958333333334,48
5,22,2013,6.3241875,6.965,0.6408125,48
5,22,2014,8.428875,9.46,1.0311250000000012,48
5,22,2015,7.2469166666666665,8.095,0.8480833333333342,48
5,23,2000,9.57625,10.2,0.6237499999999994,48
5,23,2001,11.507083333333334,11.88,0.3729166666666668,96
5,23,2002,9.178333333333333,10.62,1.4416666666666664,48
5,23,2006,7.233333333333333,7.48,0.24666666666666703,48
5,23,2008,6.2214583333333335,7.75,1.5285416666666665,48
5,23,2012,12.321250000000001,13.281,0.9597499999999997,48
5,23,2013,6.13775,6.458,0.3202500000000006,48
5,23,2014,8.646291666666666,10.149,1.5027083333333326,48
5,23,2015,6.035125,6.661,0.6258749999999997,48
5,24,2001,11.779583333333333,12.19,0.41041666666666643,96
5,24,2002,8.712083333333334,10.16,1.447916666666666,48
5,24,2006,7.510208333333334,7.77,0.25979166666666575,48
5,24,2008,7.232083333333333,9.49,2.2579166666666675,48
5,24,2012,12.223020833333333,13.473,1.2499791666666678,48
5,24,2013,6.257270833333333,7.217,0.9597291666666665,48
5,24,2014,9.902895833333334,11.151,1.248104166666666,48
5,24,2015,6.505083333333333,7.066,0.5609166666666665,48
5,25,2001,12.01,12.65,0.6400000000000006,96
5,25,2002,9.251458333333334,10.47,1.2185416666666669,48
5,25,2006,7.511875,8.64,1.1281250000000007,48
5,25,2008,7.484166666666667,8.62,1.1358333333333324,48
5,25,2012,11.475958333333333,12.847,1.3710416666666667,48
5,25,2013,6.858666666666666,7.67,0.8113333333333337,48
5,25,2014,10.181083333333333,11.492,1.3109166666666674,48
5,25,2015,6.610083333333334,7.695,1.0849166666666665,48
5,26,2001,12.024166666666666,12.65,0.6258333333333344,96
5,26,2002,9.13,10.62,1.4899999999999984,48
5,26,2006,7.050208333333334,7.48,0.42979166666666657,48
5,26,2008,7.249375,10.06,2.810625000000001,48
5,26,2011,6.864833333333333,7.192,0.32716666666666683,48
5,26,2012,9.3831875,11.078,1.6948124999999994,48
5,26,2013,7.121833333333333,8.02,0.8981666666666666,48
5,26,2014,7.730666666666667,10.394,2.663333333333333,48
5,26,2015,6.4039166666666665,6.763,0.3590833333333334,48
5,27,2001,11.974791666666667,12.34,0.36520833333333336,96
5,27,2002,8.147708333333334,10,1.852291666666666,48
5,27,2006,6.776041666666667,7.48,0.7039583333333335,48
5,27,2008,6.017291666666667,7.17,1.152708333333333,48
5,27,2011,6.828375,7.167,0.3386249999999995,48
5,27,2012,9.9121875,11.807,1.8948125000000005,48
5,27,2013,7.21775,8.17,0.9522500000000003,48
5,27,2014,8.774145833333334,11.807,3.0328541666666666,48
5,27,2015,5.884916666666666,6.357,0.47208333333333385,48
5,28,2001,11.543125,12.8,1.2568750000000009,96
5,28,2002,8.11625,12.02,3.9037499999999987,48
5,28,2006,6.752916666666667,6.91,0.15708333333333346,48
5,28,2008,6.1745833333333335,8.91,2.7354166666666666,48
5,28,2011,7.2198125,8.941,1.721187500000001,48
5,28,2012,10.1794375,12.001,1.8215624999999989,48
5,28,2013,8.066083333333333,9.657,1.5909166666666668,48
5,28,2014,11.552479166666666,11.953,0.4005208333333332,48
5,28,2015,5.666041666666667,6.535,0.8689583333333335,48
5,29,2001,10.255833333333333,12.19,1.9341666666666661,96
5,29,2002,8.125,11.55,3.4250000000000007,48
5,29,2006,6.842708333333333,7.19,0.347291666666667,48
5,29,2008,6.5825,8.62,2.0374999999999996,48
5,29,2011,7.684270833333334,8.792,1.1077291666666662,48
5,29,2012,10.099875,12.485,2.3851249999999986,48
5,29,2013,8.906,10.443,1.536999999999999,48
5,29,2014,11.576541666666667,12.05,0.4734583333333333,48
5,29,2015,5.99325,7.217,1.22375,48
5,30,2001,9.092708333333333,12.19,3.097291666666667,96
5,30,2002,7.990833333333334,8.91,0.9191666666666665,48
5,30,2006,7.53875,9.22,1.6812500000000004,48
5,30,2008,7.1187499999999995,10.35,3.23125,48
5,30,2011,7.6343958333333335,8.841,1.2066041666666658,48
5,30,2012,9.435645833333334,10.81,1.3743541666666665,48
5,30,2013,10.089020833333333,10.687,0.5979791666666667,48
5,30,2014,11.463395833333333,12.34,0.8766041666666666,48
5,30,2015,5.869208333333333,6.204,0.3347916666666668,48
5,31,2001,8.295208333333333,10.33,2.034791666666667,96
5,31,2002,7.2775,8.91,1.6325000000000003,48
5,31,2006,8.218958333333333,10.08,1.861041666666667,48
5,31,2008,7.473958333333333,8.91,1.436041666666667,48
5,31,2011,8.160333333333334,10.956,2.7956666666666656,48
5,31,2012,10.247479166666666,11.467,1.219520833333334,48
5,31,2013,9.797333333333333,10.834,1.036666666666667,48
5,31,2014,11.747145833333335,12.775,1.0278541666666658,48
5,31,2015,6.046875,6.23,0.18312500000000043,48
6,1,2001,9.630208333333334,12.03,2.3997916666666654,96
6,1,2002,6.70625,7.83,1.1237500000000002,48
6,1,2006,7.487916666666667,8.36,0.8720833333333324,48
6,1,2008,5.808333333333334,6.59,0.7816666666666663,48
6,1,2011,8.165375000000001,11.005,2.839625,48
6,1,2012,14.2745,16.63,2.3554999999999993,48
6,1,2013,9.050842105263158,9.952,0.9011578947368424,76
6,1,2014,11.972666666666667,12.799,0.8263333333333325,48
6,1,2015,7.577958333333333,8.568,0.9900416666666665,48
6,2,2001,10.391666666666667,12.34,1.9483333333333324,96
6,2,2002,7.0564583333333335,8.3,1.2435416666666672,48
6,2,2006,7.632708333333333,8.36,0.727291666666666,48
6,2,2008,6.0304166666666665,7.17,1.1395833333333334,48
6,2,2011,6.926583333333333,7.67,0.7434166666666666,48
6,2,2012,15.090708333333334,16.368,1.277291666666665,48
6,2,2013,8.45146875,9.854,1.4025312499999991,96
6,2,2014,10.8515,12.654,1.8025000000000002,48
6,2,2015,9.122041666666666,9.287,0.16495833333333465,48
6,3,2001,10.530833333333334,12.34,1.8091666666666661,96
6,3,2002,8.6925,11.39,2.6975,48
6,3,2006,9.110208333333333,12.67,3.5597916666666674,48
6,3,2008,6.76375,8.33,1.5662500000000001,48
6,3,2011,8.357770833333333,11.321,2.9632291666666664,48
6,3,2012,11.323041666666667,14.816,3.492958333333334,48
6,3,2013,8.089791666666667,9.756,1.6662083333333335,96
6,3,2014,9.464104166666667,10.81,1.3458958333333335,48
6,3,2015,8.658291666666667,8.841,0.18270833333333236,48
6,4,2001,9.571666666666667,12.65,3.078333333333333,96
6,4,2002,10.359583333333333,11.7,1.3404166666666661,48
6,4,2006,11.5825,11.8,0.21750000000000114,48
6,4,2008,7.490208333333333,8.62,1.1297916666666659,48
6,4,2011,9.525625,11.637,2.1113750000000007,48
6,4,2012,12.6723125,12.92,0.24768749999999962,48
6,4,2014,8.1738125,9.213,1.0391874999999988,48
6,4,2015,8.870291666666667,9.089,0.21870833333333373,48
6,5,2001,8.098958333333334,10.17,2.071041666666666,96
6,5,2002,9.373958333333333,11.7,2.326041666666667,48
6,5,2006,11.539791666666666,13.24,1.7002083333333342,48
6,5,2008,9.563125,10.93,1.3668750000000003,48
6,5,2011,9.3421875,11.175,1.832812500000001,48
6,5,2012,12.567833333333335,12.727,0.1591666666666658,48
6,5,2013,9.74725,12.534,2.7867500000000014,48
6,5,2014,9.05425,12.968,3.9137500000000003,48
6,5,2015,9.059208333333334,9.435,0.3757916666666663,48
6,6,2001,8.957708333333333,10.33,1.3722916666666674,96
6,6,2002,7.72375,10.78,3.0562499999999995,48
6,6,2006,11.769375,13.53,1.7606249999999992,48
6,6,2007,10.644583333333333,11.44,0.7954166666666662,24
6,6,2008,10.524583333333334,11.5,0.9754166666666659,48
6,6,2011,8.7076875,12.437,3.729312499999999,48
6,6,2012,12.621,13.209,0.5879999999999992,50
6,6,2013,10.008854166666667,10.858,0.849145833333333,48
6,6,2014,9.477833333333333,12.606,3.128166666666667,48
6,6,2015,9.676791666666666,10.418,0.7412083333333328,48
6,7,2001,10.297916666666667,14.35,4.052083333333332,96
6,7,2002,8.909375,11.39,2.480625,48
6,7,2006,12.277083333333334,13.24,0.9629166666666666,48
6,7,2007,10.152291666666667,11.73,1.5777083333333337,48
6,7,2008,10.423541666666667,10.93,0.5064583333333328,48
6,7,2011,8.521875,10.075,1.5531249999999996,48
6,7,2012,12.441520833333334,13.546,1.1044791666666658,48
6,7,2013,10.701395833333333,13.209,2.507604166666667,48
6,7,2014,9.6869375,11.832,2.1450625,48
6,7,2015,10.260958333333333,10.883,0.6220416666666662,48
6,8,2001,10.414375,14.82,4.405625000000001,96
6,8,2002,9.756666666666666,10.47,0.7133333333333347,48
6,8,2006,11.685208333333334,12.09,0.4047916666666662,48
6,8,2007,10.175833333333333,13.75,3.5741666666666667,48
6,8,2008,10.6875,12.66,1.9725000000000001,48
6,8,2011,8.3508125,9.435,1.0841875000000005,48
6,8,2012,12.204375,13.305,1.100624999999999,48
6,8,2013,13.029,13.546,0.5169999999999995,48
6,8,2014,10.237145833333333,11.613,1.3758541666666666,48
6,8,2015,9.886458333333334,10.565,0.6785416666666659,48
6,9,2001,10.474583333333333,12.96,2.4854166666666675,96
6,9,2002,8.4725,11.09,2.6174999999999997,48
6,9,2006,11.503958333333333,11.8,0.2960416666666674,48
6,9,2007,10.909166666666668,13.46,2.5508333333333333,48
6,9,2008,10.99875,13.52,2.52125,48
6,9,2009,11.294375,13.8,2.505625,48
6,9,2011,8.237208333333333,8.767,0.5297916666666662,48
6,9,2012,12.176115384615384,13.112,0.9358846153846159,78
6,9,2013,12.728729166666668,13.57,0.8412708333333327,48
6,9,2014,9.788333333333334,11.297,1.5086666666666666,48
6,9,2015,9.734791666666666,10.173,0.43820833333333375,48
6,10,2001,10.291458333333333,12.03,1.7385416666666664,96
6,10,2002,7.349583333333333,9.22,1.8704166666666673,48
6,10,2006,11.22875,11.51,0.28125,48
6,10,2007,11.370625,12.59,1.2193749999999994,48
6,10,2008,10.819375,12.37,1.5506249999999984,48
6,10,2009,11.1425,12.64,1.4975000000000005,48
6,10,2011,9.1886875,11.297,2.1083125000000003,48
6,10,2012,11.962614583333334,13.305,1.3423854166666658,96
6,10,2013,12.91825,14.17,1.2517499999999995,48
6,10,2014,9.461145833333333,11.175,1.7138541666666676,48
6,10,2015,9.246333333333334,9.903,0.6566666666666663,48
6,11,2001,10.07375,11.57,1.4962499999999999,96
6,11,2006,10.865,11.22,0.3550000000000004,48
6,11,2007,10.957708333333333,12.88,1.922291666666668,48
6,11,2008,10.429583333333333,11.5,1.0704166666666666,48
6,11,2009,12.550416666666667,13.51,0.9595833333333328,48
6,11,2011,10.5675,13.978,3.410499999999999,48
6,11,2012,11.522104166666667,12.968,1.4458958333333332,96
6,11,2013,13.075479166666666,13.666,0.5905208333333345,48
6,11,2014,10.614125,11.783,1.1688749999999999,48
6,11,2015,8.77175,11.005,2.23325,48
6,12,2001,9.545625,11.72,2.1743750000000013,96
6,12,2002,10.888333333333334,12.13,1.2416666666666671,48
6,12,2006,10.924166666666666,11.8,0.8758333333333344,48
6,12,2007,13.064791666666666,14.91,1.8452083333333338,48
6,12,2008,10.764791666666667,12.66,1.8952083333333327,48
6,12,2009,12.881666666666668,13.51,0.6283333333333321,48
6,12,2011,12.304333333333334,13.714,1.4096666666666664,48
6,12,2012,11.014333333333333,13.882,2.8676666666666666,96
6,12,2013,12.944083333333333,13.329,0.38491666666666724,48
6,12,2014,11.1171875,12.799,1.6818124999999995,48
6,12,2015,8.826958333333334,10.051,1.2240416666666665,48
6,13,2001,9.952916666666667,12.65,2.6970833333333335,96
6,13,2002,11.390416666666667,11.82,0.42958333333333343,48
6,13,2006,10.8775,12.09,1.2125000000000004,48
6,13,2007,14.481041666666666,14.62,0.13895833333333307,48
6,13,2008,11.7675,15.85,4.0825,48
6,13,2009,13.141458333333333,14.09,0.9485416666666673,48
6,13,2011,12.675458333333333,13.978,1.3025416666666665,48
6,13,2012,10.619708333333334,11.54,0.9202916666666656,48
6,13,2013,13.284458333333333,13.738,0.4535416666666663,48
6,13,2014,11.8548125,14.912,3.0571875000000013,48
6,13,2015,9.433541666666667,13.088,3.6544583333333325,48
6,14,2001,9.398125,10.79,1.3918749999999989,96
6,14,2002,11.670416666666666,12.13,0.45958333333333456,48
6,14,2006,10.548124999999999,11.8,1.2518750000000018,48
6,14,2007,14.287708333333333,14.62,0.33229166666666643,48
6,14,2008,11.893333333333333,13.52,1.626666666666667,48
6,14,2009,12.573541666666667,13.22,0.6464583333333334,48
6,14,2011,12.888916666666667,13.112,0.2230833333333333,48
6,14,2012,11.806916666666666,15.127,3.3200833333333346,48
6,14,2013,13.1640625,13.449,0.28493749999999984,48
6,14,2014,9.311666666666667,14.17,4.8583333333333325,48
6,14,2015,9.898,10.785,0.8870000000000005,48
6,15,2001,9.217708333333334,10.33,1.1122916666666658,96
6,15,2002,11.825833333333334,12.13,0.30416666666666714,48
6,15,2006,12.21625,13.53,1.3137499999999989,48
6,15,2007,13.439375,15.5,2.060625,48
6,15,2008,12.685833333333333,14.39,1.7041666666666675,48
6,15,2009,12.307708333333334,13.51,1.2022916666666656,48
6,15,2011,13.430166666666667,14.074,0.6438333333333333,48
6,15,2012,12.617604166666666,14.433,1.8153958333333335,48
6,15,2013,12.800208333333334,14.553,1.752791666666667,48
6,15,2014,8.684833333333334,10.222,1.537166666666666,48
6,15,2015,10.865791666666667,12.534,1.6682083333333342,48
6,16,2001,8.897083333333333,10.33,1.4329166666666673,96
6,16,2002,11.723125,11.98,0.25687500000000085,48
6,16,2006,11.4,12.67,1.2699999999999996,48
6,16,2007,9.355416666666667,14.04,4.684583333333332,48
6,16,2008,11.712916666666667,13.81,2.097083333333334,48
6,16,2009,12.416458333333333,13.51,1.0935416666666669,48
6,16,2011,13.080375,13.93,0.8496249999999996,48
6,16,2012,13.8218125,15.223,1.4011875000000007,48
6,16,2013,12.931000000000001,14.266,1.334999999999999,48
6,16,2014,11.467104166666667,13.449,1.9818958333333327,48
6,16,2015,10.676291666666666,11.832,1.155708333333335,48
6,17,2001,8.374583333333334,9.7,1.3254166666666656,96
6,17,2002,11.929375,12.91,0.9806249999999999,48
6,17,2006,11.268333333333334,12.96,1.6916666666666664,48
6,17,2007,8.71875,10,1.28125,48
6,17,2008,9.937916666666666,12.66,2.722083333333334,48
6,17,2009,12.501041666666667,13.51,1.0089583333333323,48
6,17,2011,13.261625,14.433,1.1713749999999994,48
6,17,2012,13.849416666666666,15.199,1.3495833333333334,48
6,17,2013,11.508333333333333,13.088,1.5796666666666663,48
6,17,2014,11.215541666666667,12.582,1.366458333333334,48
6,17,2015,10.834166666666667,12.364,1.5298333333333343,48
6,18,2001,8.884791666666667,10.64,1.755208333333334,96
6,18,2002,11.713333333333333,13.22,1.5066666666666677,48
6,18,2006,10.680208333333333,12.38,1.699791666666668,48
6,18,2007,9.58125,10.86,1.2787499999999987,48
6,18,2008,9.727708333333334,13.81,4.082291666666666,48
6,18,2009,11.855833333333333,14.38,2.524166666666668,48
6,18,2011,12.767416666666668,13.81,1.042583333333333,48
6,18,2012,13.995708333333333,15.652,1.6562916666666663,48
6,18,2013,11.246458333333333,13.473,2.2265416666666678,48
6,18,2014,10.531979166666666,13.594,3.0620208333333334,48
6,18,2015,11.076458333333333,12.461,1.3845416666666672,48
6,19,2001,9.25375,11.57,2.31625,96
6,19,2002,12.055416666666666,13.69,1.6345833333333335,48
6,19,2006,10.161249999999999,11.8,1.6387500000000017,48
6,19,2007,9.827916666666667,10.86,1.0320833333333326,48
6,19,2008,9.607291666666667,11.79,2.1827083333333324,48
6,19,2009,11.904583333333333,14.67,2.765416666666667,48
6,19,2011,11.524541666666666,13.161,1.6364583333333336,48
6,19,2012,12.212979166666667,14.625,2.412020833333333,48
6,19,2013,12.590208333333333,14.266,1.675791666666667,48
6,19,2015,10.040041666666667,10.663,0.6229583333333331,48
6,20,2001,8.467708333333334,10.17,1.7022916666666656,96
6,20,2002,12.084583333333333,13.22,1.1354166666666679,48
6,20,2006,9.613333333333333,10.94,1.3266666666666662,48
6,20,2007,9.2875,10,0.7125000000000004,48
6,20,2008,9.421458333333334,11.21,1.7885416666666671,48
6,20,2009,10.338333333333333,12.35,2.0116666666666667,48
6,20,2011,12.447083333333333,14.337,1.8899166666666662,48
6,20,2012,10.76325,11.637,0.8737500000000011,48
6,20,2013,12.232791666666667,15.127,2.8942083333333333,48
6,20,2014,10.283541666666666,11.613,1.3294583333333332,48
6,20,2015,10.6895,11.904,1.2144999999999992,48
6,21,2001,8.65625,9.7,1.0437499999999993,96
6,21,2002,11.716041666666667,12.6,0.8839583333333323,48
6,21,2006,9.649583333333334,10.65,1.0004166666666663,48
6,21,2007,9.636875,10.28,0.6431249999999995,48
6,21,2008,9.631874999999999,10.93,1.2981250000000006,48
6,21,2009,12.582708333333333,14.96,2.377291666666668,48
6,21,2011,12.054729166666666,13.497,1.4422708333333336,48
6,21,2012,10.9476875,12.292,1.3443124999999991,48
6,21,2013,10.493583333333333,12.122,1.6284166666666664,48
6,21,2014,10.285458333333333,11.175,0.889541666666668,48
6,21,2015,11.015708333333333,12.968,1.9522916666666674,48
6,22,2001,10.303958333333334,14.04,3.736041666666665,96
6,22,2002,11.470416666666667,12.13,0.6595833333333339,48
6,22,2006,9.911458333333332,10.65,0.7385416666666682,48
6,22,2007,9.625416666666666,10,0.3745833333333337,48
6,22,2008,9.686041666666666,10.93,1.2439583333333335,48
6,22,2009,13.371041666666667,13.8,0.428958333333334,48
6,22,2011,11.744291666666667,12.751,1.0067083333333322,48
6,22,2012,11.293333333333333,12.025,0.7316666666666674,48
6,22,2013,10.2086875,11.419,1.2103125000000006,48
6,22,2014,11.377,13.377,2,48
6,22,2015,10.002916666666668,10.687,0.6840833333333318,48
6,23,2001,9.656458333333333,11.26,1.6035416666666666,96
6,23,2002,11.600208333333333,12.91,1.3097916666666674,48
6,23,2006,9.500833333333333,10.08,0.5791666666666675,48
6,23,2007,10.456041666666666,10.86,0.40395833333333364,48
6,23,2008,9.5603125,10.64,1.0796875000000004,32
6,23,2009,13.564375,13.8,0.23562500000000064,48
6,23,2011,14.2438125,16.654,2.4101874999999993,48
6,23,2012,11.334354166666667,11.977,0.6426458333333329,48
6,23,2013,10.1081875,10.761,0.6528124999999996,48
6,23,2014,11.387291666666666,12.243,0.8557083333333342,48
6,23,2015,10.05,11.2,1.1499999999999986,48
6,24,2001,8.54125,10.79,2.2487499999999994,96
6,24,2002,11.759375,14.31,2.550625,48
6,24,2006,9.207291666666666,10.08,0.8727083333333336,48
6,24,2007,11.262916666666667,13.75,2.4870833333333326,48
6,24,2009,13.806041666666667,14.09,0.28395833333333265,48
6,24,2011,14.904020833333334,16.249,1.3449791666666648,48
6,24,2012,12.0981875,13.738,1.6398124999999997,48
6,24,2013,10.005958333333334,10.663,0.6570416666666663,48
6,24,2014,10.115958333333333,10.98,0.864041666666667,48
6,24,2015,9.262708333333332,10.198,0.935291666666668,48
6,25,2001,8.27,10.17,1.9000000000000004,96
6,25,2002,12.408541666666666,14.31,1.9014583333333341,48
6,25,2006,9.393541666666668,9.79,0.3964583333333316,48
6,25,2007,10.435625,12.88,2.444375000000001,48
6,25,2008,10.100833333333334,12.03,1.9291666666666654,24
6,25,2009,14.180625000000001,15.54,1.3593749999999982,48
6,25,2011,15.910145833333333,16.415,0.5048541666666662,48
6,25,2012,11.750854166666667,13.209,1.458145833333333,48
6,25,2013,10.048708333333334,10.516,0.4672916666666662,48
6,25,2014,8.737166666666667,9.509,0.7718333333333334,48
6,25,2015,9.661958333333333,9.952,0.2900416666666672,48
6,26,2001,8.732083333333334,10.17,1.4379166666666663,96
6,26,2002,11.46125,13.38,1.918750000000001,48
6,26,2006,9.917083333333332,10.65,0.732916666666668,48
6,26,2007,9.166666666666668,10.57,1.4033333333333324,48
6,26,2008,10.455416666666666,11.88,1.4245833333333344,48
6,26,2009,13.932916666666667,14.38,0.4470833333333335,48
6,26,2011,14.9273125,16.487,1.559687499999999,48
6,26,2012,11.2226875,11.856,0.6333125000000006,48
6,26,2013,10.353875,10.663,0.30912499999999987,48
6,26,2014,8.16825,8.916,0.7477499999999999,48
6,26,2015,10.670208333333333,11.54,0.8697916666666661,48
6,27,2001,9.052708333333333,10.02,0.9672916666666662,96
6,27,2002,10.979375000000001,12.13,1.1506249999999998,48
6,27,2006,9.530625,10.36,0.8293749999999989,48
6,27,2007,8.562708333333333,9.42,0.8572916666666668,48
6,27,2008,10.6525,12.34,1.6875,48
6,27,2009,14.19875,14.96,0.7612500000000004,48
6,27,2011,15.471645833333334,18.081,2.609354166666666,48
6,27,2012,11.027895833333334,12.63,1.6021041666666669,48
6,27,2013,11.274979166666666,12.098,0.8230208333333344,48
6,27,2014,8.784583333333334,9.952,1.167416666666666,48
6,27,2015,11.889958333333333,12.268,0.37804166666666816,48
6,28,2001,9.033958333333333,11.57,2.5360416666666676,96
6,28,2002,10.542083333333334,12.6,2.0579166666666655,48
6,28,2006,9.026666666666667,9.51,0.4833333333333325,48
6,28,2007,8.526458333333334,11.15,2.623541666666666,48
6,28,2008,11.400625,13.58,2.1793750000000003,48
6,28,2009,14.047708333333334,14.67,0.6222916666666656,48
6,28,2011,15.053875,16.82,1.7661250000000006,48
6,28,2012,11.453312500000001,12.437,0.9836874999999985,48
6,28,2013,12.955645833333334,14.792,1.8363541666666663,48
6,28,2014,10.202416666666666,11.637,1.4345833333333342,48
6,28,2015,14.418916666666666,15.031,0.6120833333333344,48
6,29,2001,10.681458333333333,13.88,3.1985416666666673,96
6,29,2002,10.633125,14.31,3.676875000000001,48
6,29,2006,8.954166666666666,9.22,0.2658333333333349,48
6,29,2007,8.706458333333334,10,1.2935416666666661,48
6,29,2008,13.208125,17.03,3.8218750000000004,48
6,29,2009,14.543125,14.96,0.416875000000001,48
6,29,2011,12.623979166666667,15.103,2.4790208333333332,48
6,29,2012,11.518833333333333,12.122,0.6031666666666666,48
6,29,2013,11.320916666666667,12.268,0.9470833333333335,48
6,29,2014,10.095666666666666,11.102,1.006333333333334,48
6,29,2015,14.098,14.266,0.16799999999999926,48
6,30,2001,10.126875,12.96,2.833125000000001,96
6,30,2002,10.9475,13.53,2.5824999999999996,48
6,30,2006,8.89375,9.22,0.32624999999999993,48
6,30,2007,8.628125,10,1.3718749999999993,48
6,30,2008,13.763958333333333,16.87,3.106041666666668,48
6,30,2009,14.754583333333334,14.96,0.20541666666666636,48
6,30,2011,11.025291666666666,12.871,1.8457083333333344,48
6,30,2012,11.004875,11.637,0.6321250000000003,48
6,30,2013,11.026208333333333,11.977,0.9507916666666674,48
6,30,2014,9.896916666666666,10.638,0.741083333333334,48
6,30,2015,13.639583333333334,14.098,0.4584166666666665,48
7,1,2001,9.169583333333334,12.49,3.3204166666666666,96
7,1,2002,9.665000000000001,11.67,2.004999999999999,48
7,1,2006,8.89375,9.22,0.32624999999999993,48
7,1,2007,9.390833333333333,12.01,2.6191666666666666,48
7,1,2008,12.746041666666667,15.76,3.013958333333333,48
7,1,2009,14.494791666666666,14.96,0.4652083333333348,48
7,1,2011,11.608479166666667,12.727,1.1185208333333332,48
7,1,2012,10.607291666666667,11.37,0.7627083333333324,48
7,1,2013,10.723020833333333,11.492,0.7689791666666679,48
7,1,2014,9.164958333333333,9.682,0.5170416666666675,48
7,1,2015,13.728416666666666,14.697,0.9685833333333331,48
7,2,2001,8.073333333333334,10.02,1.9466666666666654,96
7,2,2002,8.899583333333334,11.36,2.4604166666666654,48
7,2,2006,8.936041666666666,9.22,0.2839583333333344,48
7,2,2007,10.63875,12.3,1.6612500000000008,48
7,2,2008,12.224791666666667,16.08,3.855208333333332,48
7,2,2009,14.029583333333333,14.38,0.3504166666666677,48
7,2,2011,11.5006875,13.016,1.5153125000000003,48
7,2,2012,11.05675,11.613,0.5562500000000004,48
7,2,2013,10.6065,11.321,0.7144999999999992,48
7,2,2014,8.974541666666667,9.114,0.13945833333333368,48
7,2,2015,13.4235,14.84,1.4164999999999992,48
7,3,2001,9.800625,12.8,2.9993750000000006,96
7,3,2002,9.264166666666666,11.82,2.555833333333334,48
7,3,2006,8.905833333333334,9.22,0.3141666666666669,48
7,3,2007,10.255208333333334,12.3,2.044791666666667,48
7,3,2008,11.133125,14.66,3.5268750000000004,48
7,3,2009,13.552291666666667,14.09,0.5377083333333328,48
7,3,2011,10.847729166666667,13.329,2.4812708333333333,48
7,3,2012,11.282333333333334,11.929,0.6466666666666665,48
7,3,2013,11.388166666666667,11.856,0.4678333333333331,48
7,3,2014,8.532791666666666,8.916,0.38320833333333404,48
7,3,2015,13.539125,14.553,1.0138750000000005,48
7,4,2001,10.419791666666667,12.8,2.380208333333334,96
7,4,2002,9.662083333333333,12.44,2.777916666666666,48
7,4,2006,9.062916666666666,9.51,0.4470833333333335,48
7,4,2007,8.214375,9.13,0.9156250000000004,48
7,4,2008,11.071875,14.04,2.968124999999999,48
7,4,2009,12.772916666666667,13.22,0.4470833333333335,48
7,4,2011,9.7695,11.419,1.6494999999999997,48
7,4,2012,10.329104166666667,12.025,1.6958958333333332,96
7,4,2013,11.18525,11.71,0.5247500000000009,48
7,4,2014,8.20875,8.891,0.6822499999999998,48
7,4,2015,12.840791666666666,14.002,1.1612083333333345,48
7,5,2001,9.692291666666666,12.03,2.3377083333333335,96
7,5,2002,9.6502083333333335,12.29,2.6397916666666656,48
7,5,2006,8.809375000000001,9.22,0.4106249999999996,48
7,5,2007,7.780625000000001,8.27,0.489374999999999,48
7,5,2008,11.110833333333334,13.11,1.9991666666666656,48
7,5,2009,12.380208333333334,12.64,0.25979166666666664,48
7,5,2011,10.146645833333334,11.589,1.4423541666666662,48
7,5,2012,10.433916666666667,12.437,2.0030833333333327,96
7,5,2013,11.121916666666667,11.37,0.24808333333333188,48
7,5,2014,8.934583333333332,10.883,1.9484166666666667,48
7,5,2015,12.774458333333333,14.337,1.5625416666666663,48
7,6,2001,8.506458333333333,10.48,1.9735416666666676,96
7,6,2002,12.391041666666666,17.31,4.918958333333332,48
7,6,2006,8.731666666666667,9.22,0.4883333333333333,48
7,6,2007,7.696041666666667,7.98,0.28395833333333353,48
7,6,2008,10.985416666666667,12.96,1.9745833333333334,48
7,6,2009,12.464791666666667,12.64,0.17520833333333385,48
7,6,2011,10.292729166666668,11.297,1.004270833333333,48
7,6,2012,10.668572916666667,12.389,1.7204270833333322,96
7,6,2013,10.850520833333334,11.321,0.47047916666666545,48
7,6,2014,11.116833333333334,12.775,1.6581666666666663,48
7,6,2015,12.032125,13.088,1.0558749999999986,48
7,7,2001,8.0841666666666665,10.02,1.935833333333333,96
7,7,2002,13.091875,15.57,2.4781250000000004,48
7,7,2006,8.917916666666667,9.51,0.5920833333333331,48
7,7,2007,8.0525,8.27,0.21749999999999936,48
7,7,2008,10.323958333333334,12.49,2.1660416666666666,48
7,7,2009,12.700416666666667,14.09,1.3895833333333325,48
7,7,2011,10.50325,11.662,1.1587500000000013,48
7,7,2012,10.47803125,12.074,1.595968749999999,96
7,7,2013,11.011208333333334,11.248,0.23679166666666518,48
7,7,2014,10.3965,10.98,0.5835000000000008,48
7,7,2015,12.150416666666667,14.481,2.3305833333333332,48
7,8,2001,8.601041666666667,9.86,1.2589583333333323,96
7,8,2002,12.736875,16.2,3.463125,48
7,8,2006,9.410625,10.08,0.6693750000000005,48
7,8,2007,8.831458333333334,9.42,0.5885416666666661,48
7,8,2008,9.768333333333333,11.88,2.111666666666668,48
7,8,2009,11.800208333333334,12.06,0.25979166666666664,48
7,8,2011,11.251583333333333,12.582,1.3304166666666681,48
7,8,2012,10.53959375,12.122,1.58240625,96
7,8,2013,11.350083333333334,11.759,0.4089166666666664,48
7,8,2014,9.393458333333333,10.222,0.8285416666666663,48
7,8,2015,11.099,12.63,1.5310000000000006,48
7,9,2001,8.726875,9.86,1.1331249999999997,96
7,9,2002,11.030208333333334,15.25,4.219791666666666,48
7,9,2006,9.732708333333333,11.22,1.4872916666666676,48
7,9,2007,9.310833333333333,10.28,0.9691666666666663,48
7,9,2008,9.198541666666667,10.33,1.1314583333333328,48
7,9,2009,13.141458333333334,14.09,0.9485416666666655,48
7,9,2011,10.862958333333333,12.316,1.4530416666666675,48
7,9,2012,10.997208333333333,12.316,1.3187916666666677,96
7,9,2013,12.015791666666667,12.292,0.27620833333333294,48
7,9,2014,8.477708333333334,9.163,0.6852916666666662,48
7,9,2015,11.197083333333333,12.437,1.239916666666666,48
7,10,2001,8.601041666666667,9.4,0.7989583333333332,96
7,10,2002,10.318333333333333,12.6,2.2816666666666663,48
7,10,2006,9.158541666666666,10.94,1.7814583333333331,48
7,10,2007,9.5275,10.86,1.3324999999999996,48
7,10,2008,8.882916666666667,9.4,0.5170833333333338,48
7,10,2009,14.150416666666667,14.67,0.5195833333333333,48
7,10,2011,11.531479166666667,12.92,1.3885208333333328,48
7,10,2012,10.948427083333334,12.896,1.947572916666667,96
7,10,2013,12.462416666666666,12.727,0.2645833333333343,48
7,10,2014,7.836125,8.643,0.8068750000000007,48
7,10,2015,12.185583333333334,13.473,1.287416666666667,48
7,11,2001,8.544375,10.64,2.095625,96
7,11,2002,12.217916666666667,14.78,2.562083333333332,48
7,11,2006,8.647916666666667,9.22,0.5720833333333335,48
7,11,2007,9.142291666666667,9.71,0.5677083333333339,48
7,11,2008,9.497708333333334,11.26,1.7622916666666661,48
7,11,2009,13.395208333333334,14.09,0.6947916666666654,48
7,11,2011,11.387916666666667,12.751,1.363083333333332,48
7,11,2012,10.959302083333334,12.34,1.3806979166666657,96
7,11,2013,11.835895833333334,12.413,0.5771041666666665,48
7,11,2014,8.146791666666667,8.494,0.3472083333333327,48
7,11,2015,11.510666666666667,13.497,1.9863333333333326,48
7,12,2001,8.114583333333334,9.4,1.2854166666666664,96
7,12,2002,14.536249999999999,17,2.463750000000001,48
7,12,2006,8.707916666666668,9.22,0.512083333333333,48
7,12,2007,9.143333333333334,9.71,0.5666666666666664,48
7,12,2008,10.045208333333333,11.1,1.0547916666666666,48
7,12,2009,12.011666666666667,12.64,0.6283333333333339,48
7,12,2011,10.992666666666667,12.195,1.2023333333333337,48
7,12,2012,10.940395833333334,12.34,1.3996041666666663,96
7,12,2013,12.298083333333333,13.69,1.391916666666667,48
7,12,2014,8.829375,9.41,0.5806249999999995,48
7,12,2015,11.451875,12.63,1.1781250000000014,48
7,13,2001,8.06125,11.57,3.508750000000001,96
7,13,2002,13.070833333333333,16.04,2.9691666666666663,48
7,13,2006,8.929166666666667,11.22,2.2908333333333335,48
7,13,2007,9.448958333333334,10.28,0.8310416666666658,48
7,13,2008,9.508541666666666,10.64,1.1314583333333346,48
7,13,2009,11.22625,11.77,0.5437499999999993,48
7,13,2011,10.5266875,11.078,0.5513124999999999,48
7,13,2012,11.095395833333333,11.686,0.590604166666667,48
7,13,2013,13.296291666666667,13.834,0.5377083333333328,48
7,13,2014,8.6895,8.941,0.25150000000000006,48
7,13,2015,11.186666666666667,12.292,1.1053333333333324,48
7,14,2001,8.640833333333333,10.02,1.3791666666666664,96
7,14,2002,10.61,12.75,2.1400000000000006,48
7,14,2006,9.159166666666668,9.79,0.6308333333333316,48
7,14,2007,9.45625,10,0.5437499999999993,48
7,14,2008,8.799166666666666,9.4,0.600833333333334,48
7,14,2009,10.89,11.19,0.29999999999999893,48
7,14,2011,12.982,15.772,2.790000000000001,48
7,14,2012,10.732583333333332,11.127,0.3944166666666682,48
7,14,2013,13.527541666666666,13.738,0.21045833333333341,48
7,14,2014,8.158333333333333,8.394,0.2356666666666669,48
7,14,2015,11.590083333333334,12.896,1.3059166666666666,48
7,15,2001,9.3725,12.96,3.5875000000000004,96
7,15,2002,9.710416666666667,11.98,2.2695833333333333,48
7,15,2006,9.356875,10.36,1.003124999999999,48
7,15,2007,8.896041666666667,9.42,0.5239583333333329,48
7,15,2008,8.451041666666667,9.55,1.098958333333334,48
7,15,2009,10.655,10.9,0.245000000000001,48
7,15,2011,13.0485,15.366,2.317499999999999,48
7,15,2012,10.546729166666667,10.834,0.2872708333333325,48
7,15,2013,13.423145833333333,13.546,0.12285416666666649,48
7,15,2014,7.878333333333333,7.97,0.09166666666666679,48
7,15,2015,11.638375,13.618,1.9796250000000004,48
7,16,2001,9.8654166666666665,14.66,4.794583333333334,96
7,16,2002,9.429375,11.67,2.2406249999999996,48
7,16,2006,9.530416666666666,9.79,0.2595833333333335,48
7,16,2007,8.85125,9.71,0.8587500000000006,48
7,16,2008,8.871041666666667,10.64,1.7689583333333339,48
7,16,2009,10.7075,10.9,0.19250000000000078,48
7,16,2011,12.727416666666667,15.199,2.4715833333333332,48
7,16,2012,10.8678125,11.297,0.42918750000000117,48
7,16,2013,13.185604166666666,13.473,0.28739583333333485,48
7,16,2014,7.941875,8.145,0.203125,48
7,16,2015,14.401083333333334,17.748,3.346916666666667,48
7,17,2001,9.840208333333333,13.42,3.579791666666667,96
7,17,2002,9.994375,14.93,4.935625,48
7,17,2006,9.714375,10.65,0.9356249999999999,48
7,17,2007,9.413958333333333,10,0.5860416666666666,48
7,17,2008,8.796666666666667,9.7,0.9033333333333324,48
7,17,2009,10.653541666666666,10.9,0.24645833333333478,48
7,17,2011,12.091166666666666,14.218,2.126833333333334,48
7,17,2012,11.252125,11.734,0.4818750000000005,48
7,17,2013,12.857770833333333,13.064,0.20622916666666669,48
7,17,2014,8.3115,8.965,0.6534999999999993,48
7,17,2015,14.179333333333334,16.177,1.9976666666666656,48
7,18,2001,10.35875,13.73,3.37125,96
7,18,2002,10.35375,13.22,2.866250000000001,48
7,18,2006,9.558541666666667,11.22,1.661458333333334,48
7,18,2007,9.41375,10.28,0.8662499999999991,48
7,18,2008,8.995833333333334,10.79,1.7941666666666656,48
7,18,2009,10.336458333333333,10.62,0.28354166666666636,48
7,18,2011,10.5938125,11.807,1.2131875,48
7,18,2012,10.915583333333334,11.273,0.3574166666666656,48
7,18,2013,12.303833333333333,12.582,0.27816666666666734,48
7,18,2014,8.6525,9.287,0.634500000000001,48
7,18,2015,13.760416666666666,16.153,2.3925833333333326,48
7,19,2001,11.267708333333333,17.19,5.922291666666668,96
7,19,2002,10.195625,12.91,2.7143750000000004,48
7,19,2006,10.084166666666667,11.8,1.7158333333333342,48
7,19,2007,10.356041666666666,12.01,1.6539583333333336,48
7,19,2008,9.415,11.1,1.6850000000000005,48
7,19,2009,10.207708333333334,10.62,0.4122916666666647,48
7,19,2011,10.767166666666666,11.662,0.8948333333333345,48
7,19,2012,11.3876875,11.71,0.32231250000000067,48
7,19,2013,11.875458333333334,12.05,0.17454166666666637,48
7,19,2014,9.055666666666667,10.149,1.093333333333332,48
7,19,2015,12.195833333333333,13.834,1.6381666666666668,48
7,20,2001,11.885208333333333,15.29,3.404791666666666,96
7,20,2002,12.400416666666667,15.89,3.489583333333334,48
7,20,2006,11.195208333333333,12.67,1.4747916666666665,48
7,20,2007,9.852291666666666,10.86,1.0077083333333334,48
7,20,2008,9.600416666666666,10.64,1.0395833333333346,48
7,20,2009,10.700208333333332,10.9,0.19979166666666792,48
7,20,2011,11.1059375,11.734,0.6280625000000004,48
7,20,2012,11.745708333333333,12.413,0.6672916666666673,48
7,20,2013,11.428354166666667,11.565,0.1366458333333327,48
7,20,2014,9.255166666666666,10.1,0.8448333333333338,48
7,20,2015,11.347625,12.413,1.0653749999999995,48
7,21,2001,11.76125,14.66,2.8987499999999997,96
7,21,2002,13.218541666666667,14.78,1.5614583333333325,48
7,21,2006,11.597291666666667,13.53,1.9327083333333324,48
7,21,2007,10.686041666666666,11.73,1.0439583333333342,48
7,21,2008,10.26875,12.19,1.9212499999999988,48
7,21,2009,10.92125,11.48,0.5587499999999999,48
7,21,2011,10.2284375,11.248,1.0195624999999993,48
7,21,2012,12.000458333333333,12.534,0.5335416666666681,48
7,21,2013,11.27225,11.346,0.07375000000000043,48
7,21,2014,9.7695,10.81,1.0404999999999998,48
7,21,2015,11.293458333333334,12.34,1.0465416666666663,48
7,22,2001,10.088333333333333,13.58,3.491666666666667,96
7,22,2002,11.942708333333334,16.68,4.737291666666666,48
7,22,2006,11.693125,14.69,2.9968749999999993,48
7,22,2007,12.382708333333333,14.04,1.6572916666666657,48
7,22,2008,11.5275,14.66,3.1325000000000003,48
7,22,2009,11.486041666666667,12.35,0.8639583333333327,48
7,22,2011,9.27925,10.1,0.8207500000000003,48
7,22,2012,11.874541666666667,12.389,0.5144583333333319,48
7,22,2013,11.440520833333332,11.565,0.12447916666666714,48
7,22,2014,10.422291666666666,10.98,0.5577083333333341,48
7,22,2015,11.636666666666667,12.437,0.8003333333333327,48
7,23,2001,8.796458333333334,11.57,2.7735416666666666,96
7,23,2002,9.196458333333334,10.89,1.6935416666666665,48
7,23,2006,10.548958333333333,11.51,0.9610416666666666,48
7,23,2007,13.876875,14.62,0.7431249999999991,48
7,23,2008,11.387916666666667,13.73,2.342083333333333,48
7,23,2009,12.621875,14.09,1.4681250000000006,48
7,23,2011,9.669166666666667,10.1,0.4308333333333323,48
7,23,2012,11.079208333333334,11.686,0.6067916666666662,48
7,23,2013,11.381145833333333,11.443,0.061854166666666544,48
7,23,2014,10.33275,11.053,0.7202500000000001,48
7,23,2015,12.553458333333333,13.714,1.160541666666667,48
7,24,2001,8.231666666666667,11.41,3.178333333333333,96
7,24,2002,11.079166666666667,15.09,4.010833333333332,48
7,24,2006,11.085416666666667,12.38,1.2945833333333336,48
7,24,2007,14.082291666666666,14.91,0.8277083333333337,48
7,24,2008,11.178541666666666,14.19,3.0114583333333336,48
7,24,2009,14.337708333333333,14.96,0.6222916666666674,48
7,24,2011,9.826229166666666,10.296,0.46977083333333347,48
7,24,2012,10.535479166666667,10.932,0.39652083333333366,48
7,24,2013,11.384541666666667,11.832,0.4474583333333335,48
7,24,2014,9.849958333333333,10.001,0.15104166666666607,48
7,24,2015,12.853083333333334,13.618,0.7649166666666662,48
7,25,2001,8.25375,10.33,2.07625,96
7,25,2002,12.953541666666666,16.84,3.8864583333333336,48
7,25,2006,11.315,12.96,1.6450000000000014,48
7,25,2007,13.037083333333333,14.04,1.0029166666666658,48
7,25,2008,9.919375,11.41,1.4906249999999996,48
7,25,2009,15.020416666666666,15.54,0.5195833333333333,48
7,25,2011,10.354583333333334,11.856,1.5014166666666657,48
7,25,2012,10.466645833333333,10.761,0.2943541666666665,48
7,25,2013,13.982020833333333,15.796,1.813979166666666,48
7,25,2014,10.195541666666667,10.785,0.589458333333333,48
7,25,2015,15.257791666666666,18.2,2.9422083333333333,48
7,26,2001,9.52875,12.19,2.661249999999999,96
7,26,2002,13.992708333333333,17,3.007291666666667,48
7,26,2006,10.819791666666667,12.96,2.1402083333333337,48
7,26,2007,11.900833333333333,13.46,1.559166666666668,48
7,26,2008,9.8185416666666665,10.48,0.6614583333333339,48
7,26,2009,15.111041666666667,15.25,0.13895833333333307,48
7,26,2011,10.262666666666666,11.029,0.7663333333333338,48
7,26,2012,10.898229166666667,11.37,0.47177083333333236,48
7,26,2013,15.875083333333334,16.177,0.3019166666666653,48
7,26,2014,10.117083333333333,10.222,0.1049166666666661,48
7,26,2015,15.012041666666667,17.13,2.1179583333333323,48
7,27,2001,11.177916666666667,13.42,2.2420833333333334,96
7,27,2002,13.782083333333333,16.04,2.2579166666666666,48
7,27,2006,9.822916666666666,11.22,1.3970833333333346,48
7,27,2007,10.950416666666667,12.01,1.0595833333333324,48
7,27,2008,9.251666666666667,10.33,1.0783333333333331,48
7,27,2009,14.289375,14.96,0.6706250000000011,48
7,27,2011,9.897458333333333,10.443,0.5455416666666668,48
7,27,2012,11.261729166666667,11.807,0.5452708333333334,48
7,27,2013,16.5626875,17.082,0.5193125000000016,48
7,27,2014,10.153625,10.467,0.3133750000000006,48
7,27,2015,12.851750000000001,14.529,1.677249999999999,48
7,28,2001,11.830208333333333,14.19,2.3597916666666663,96
7,28,2002,12.796666666666667,16.84,4.043333333333333,48
7,28,2006,9.175833333333333,10.36,1.1841666666666661,48
7,28,2007,10.330208333333333,10.57,0.23979166666666707,48
7,28,2008,8.863958333333333,10.48,1.6160416666666677,48
7,28,2009,12.766875,13.8,1.033125,48
7,28,2011,10.361416666666667,11.127,0.7655833333333337,48
7,28,2012,11.660479166666667,12.147,0.4865208333333335,48
7,28,2013,16.45445833333333,16.82,0.3655416666666689,48
7,28,2014,10.024958333333332,10.296,0.27104166666666707,48
7,28,2015,12.824041666666666,14.481,1.6569583333333338,48
7,29,2001,11.565,14.82,3.255000000000001,96
7,29,2002,11.348749999999999,14.15,2.8012500000000014,48
7,29,2006,8.773333333333333,9.22,0.4466666666666672,48
7,29,2007,10.28875,11.15,0.8612500000000001,48
7,29,2008,9.409791666666667,10.33,0.9202083333333331,48
7,29,2009,11.969375,12.35,0.3806250000000002,48
7,29,2011,10.5715,11.953,1.381499999999999,48
7,29,2012,12.475895833333334,13.305,0.8291041666666654,48
7,29,2013,15.785541666666667,16.725,0.9394583333333344,48
7,29,2014,9.288666666666666,9.829,0.5403333333333347,48
7,29,2015,12.590208333333333,13.401,0.8107916666666668,48
7,30,2001,11.236458333333333,14.66,3.423541666666667,96
7,30,2002,10.733125,12.75,2.0168750000000006,48
7,30,2006,9.134166666666667,10.08,0.9458333333333329,48
7,30,2007,10.403958333333334,11.44,1.0360416666666659,48
7,30,2008,10.209999999999999,11.88,1.6700000000000017,48
7,30,2009,11.679375,11.77,0.09062499999999929,48
7,30,2011,10.089395833333333,10.883,0.7936041666666664,48
7,30,2012,13.302458333333334,13.666,0.36354166666666643,48
7,30,2013,15.352458333333333,15.748,0.39554166666666646,48
7,30,2014,9.584208333333333,11.151,1.566791666666667,48
7,30,2015,12.731708333333334,14.385,1.6532916666666662,48
7,31,2001,11.224166666666667,13.42,2.195833333333333,96
7,31,2002,11.371041666666667,13.53,2.1589583333333326,48
7,31,2006,9.75,10.36,0.6099999999999994,48
7,31,2007,10.72125,11.44,0.71875,48
7,31,2008,10.436666666666667,12.19,1.753333333333332,48
7,31,2009,11.576666666666666,11.77,0.19333333333333336,48
7,31,2011,10.242125,10.834,0.5918749999999999,48
7,31,2012,13.139291666666667,13.618,0.4787083333333335,48
7,31,2013,15.289708333333333,15.652,0.3622916666666658,48
7,31,2014,9.979208333333334,11.467,1.4877916666666664,48
7,31,2015,11.822125,12.871,1.0488750000000007,48
8,1,2001,11.51125,14.04,2.5287499999999987,96
8,1,2002,12.710208333333334,16.36,3.6497916666666654,48
8,1,2006,9.620208333333332,10.36,0.7397916666666671,48
8,1,2007,10.933125,12.01,1.0768749999999994,48
8,1,2008,10.268125,12.34,2.0718750000000004,48
8,1,2009,11.588750000000001,11.77,0.18124999999999858,48
8,1,2011,10.859895833333333,11.467,0.6071041666666677,48
8,1,2012,12.861791666666667,14.122,1.260208333333333,48
8,1,2013,14.7941875,15.366,0.5718125000000001,48
8,1,2014,9.908916666666666,10.687,0.778083333333333,48
8,1,2015,11.625125,12.678,1.0528750000000002,48
8,2,2001,11.89125,14.35,2.45875,96
8,2,2002,13.435,15.25,1.8149999999999995,48
8,2,2006,9.254375,10.08,0.8256250000000005,48
8,2,2007,10.549583333333333,11.73,1.1804166666666678,48
8,2,2008,10.979166666666666,12.19,1.2108333333333334,48
8,2,2009,11.709583333333333,11.77,0.060416666666666785,48
8,2,2011,10.809229166666666,12.025,1.215770833333334,48
8,2,2012,12.4899375,13.209,0.7190624999999997,48
8,2,2013,13.860166666666666,14.361,0.5008333333333344,48
8,2,2014,9.587041666666666,9.928,0.3409583333333348,48
8,2,2015,11.294875000000001,11.71,0.41512499999999974,48
8,3,2001,10.222916666666666,12.19,1.967083333333333,96
8,3,2002,12.07625,17.15,5.073749999999999,48
8,3,2006,9.272291666666666,10.08,0.8077083333333341,48
8,3,2007,9.803541666666668,11.15,1.3464583333333326,48
8,3,2008,11.906041666666667,13.58,1.6739583333333332,48
8,3,2009,11.625,11.77,0.14499999999999957,48
8,3,2011,11.1978125,11.904,0.7061875000000004,48
8,3,2012,12.196208333333333,12.823,0.6267916666666675,48
8,3,2013,13.089625,13.449,0.359375,48
8,3,2014,9.694916666666666,10.051,0.3560833333333342,48
8,3,2015,11.374833333333333,11.904,0.5291666666666668,48
8,4,2001,10.27875,13.11,2.831249999999999,96
8,4,2002,12.370625,17.63,5.259374999999999,48
8,4,2006,10.053749999999999,11.51,1.4562500000000007,48
8,4,2007,9.600625,10.57,0.9693749999999994,48
8,4,2008,12.765,14.35,1.584999999999999,48
8,4,2009,11.353125,11.48,0.12687500000000007,48
8,4,2011,11.9274375,14.002,2.0745625000000008,48
8,4,2012,10.90315625,12.413,1.50984375,96
8,4,2013,12.695604166666667,12.775,0.07939583333333289,48
8,4,2014,10.328625,11.005,0.6763750000000002,48
8,4,2015,10.654666666666667,11.078,0.423333333333332,48
8,5,2001,10.585833333333333,12.34,1.7541666666666664,96
8,5,2002,11.359791666666666,13.07,1.710208333333334,48
8,5,2006,10.346041666666666,11.8,1.4539583333333344,48
8,5,2007,10.553958333333334,11.15,0.5960416666666664,48
8,5,2008,16.949583333333333,19.77,2.8204166666666666,48
8,5,2009,11.026875,11.19,0.16312499999999908,48
8,5,2011,13.35525,14.721,1.3657500000000002,48
8,5,2012,11.029010416666667,12.582,1.5529895833333338,96
8,5,2013,12.810541666666667,12.968,0.1574583333333326,48
8,5,2014,10.848958333333334,11.224,0.3750416666666663,48
8,5,2015,10.2355,10.516,0.28049999999999997,48
8,6,2001,11.133541666666666,13.73,2.5964583333333344,96
8,6,2002,11.037291666666667,13.84,2.8027083333333334,48
8,6,2006,10.991666666666667,12.67,1.6783333333333328,48
8,6,2007,10.020416666666668,11.15,1.1295833333333327,48
8,6,2008,16.055625,19.44,3.384375000000002,48
8,6,2009,10.69,10.9,0.21000000000000085,48
8,6,2011,13.552416666666666,14.457,0.9045833333333348,48
8,6,2012,10.882927083333334,12.001,1.1180729166666659,96
8,6,2013,13.568854166666666,13.954,0.3851458333333344,48
8,6,2014,11.230916666666667,11.686,0.4550833333333326,48
8,6,2015,10.031958333333334,10.369,0.337041666666666,48
8,7,2001,10.603125,14.19,3.586874999999999,96
8,7,2002,14.58608695652174,18.44,3.8539130434782614,46
8,7,2006,10.724583333333333,12.96,2.2354166666666675,48
8,7,2007,10.326875,11.73,1.403125000000001,48
8,7,2008,14.141041666666666,19.12,4.978958333333335,48
8,7,2009,10.7075,10.9,0.19250000000000078,48
8,7,2011,13.054604166666667,14.026,0.9713958333333323,48
8,7,2012,10.974083333333333,12.509,1.5349166666666676,96
8,7,2013,13.885,14.05,0.16500000000000092,48
8,7,2014,11.831083333333334,12.727,0.8959166666666665,48
8,7,2015,10.647499999999999,10.834,0.18650000000000055,48
8,8,2001,10.750833333333333,13.42,2.6691666666666674,96
8,8,2002,17.014090909090907,18.32,1.3059090909090934,22
8,8,2006,10.024791666666667,10.94,0.9152083333333323,48
8,8,2007,9.703958333333334,10,0.29604166666666565,48
8,8,2008,11.905208333333334,13.11,1.2047916666666652,48
8,8,2009,11.010833333333334,11.48,0.4691666666666663,48
8,8,2011,11.546083333333334,12.606,1.0599166666666662,48
8,8,2012,11.338489583333333,12.582,1.243510416666668,96
8,8,2013,13.287791666666667,13.594,0.3062083333333323,48
8,8,2014,12.234875,13.161,0.926124999999999,48
8,8,2015,11.897541666666667,12.799,0.9014583333333324,48
8,9,2001,10.888541666666667,12.96,2.071458333333334,96
8,9,2002,17.166041666666665,19.29,2.1239583333333343,48
8,9,2005,9.005833333333333,11.75,2.7441666666666666,48
8,9,2006,10.054375,11.8,1.7456250000000004,48
8,9,2007,10.366875,10.86,0.49312499999999915,48
8,9,2008,12.765625,15.13,2.364375000000001,48
8,9,2009,11.328958333333333,11.48,0.15104166666666785,48
8,9,2011,11.308875,13.112,1.8031249999999996,48
8,9,2012,10.888239583333334,12.485,1.5967604166666653,96
8,9,2013,12.476979166666666,12.799,0.3220208333333332,48
8,9,2014,12.904083333333332,13.978,1.0739166666666673,48
8,9,2015,12.852875000000001,14.122,1.269124999999999,48
8,10,2001,10.246458333333333,13.42,3.173541666666667,96
8,10,2002,15.8225,19.29,3.4674999999999994,48
8,10,2005,8.45,11.6,3.1500000000000004,48
8,10,2006,10.520624999999999,12.67,2.149375000000001,48
8,10,2007,10.499375,10.86,0.36062499999999886,48
8,10,2008,13.990416666666667,16.24,2.249583333333332,48
8,10,2009,10.7775,10.9,0.1225000000000005,48
8,10,2011,12.997145833333333,15.652,2.6548541666666665,48
8,10,2012,11.174614583333334,12.437,1.2623854166666657,96
8,10,2013,11.716729166666667,12.05,0.3332708333333336,48
8,10,2014,12.824375,13.738,0.9136249999999997,48
8,10,2015,14.60725,15.581,0.973749999999999,48
8,11,2001,10.04,14.19,4.15,96
8,11,2002,13.774791666666667,19.45,5.675208333333332,48
8,11,2005,8.229375,10.83,2.600625000000001,48
8,11,2006,10.654791666666666,15.57,4.915208333333334,48
8,11,2007,10.902291666666667,11.44,0.5377083333333328,48
8,11,2008,15.574166666666667,18.15,2.575833333333332,48
8,11,2009,10.69,10.9,0.21000000000000085,48
8,11,2011,12.675708333333333,13.69,1.0142916666666668,48
8,11,2012,11.141114583333334,12.413,1.2718854166666667,96
8,11,2013,11.357354166666667,11.516,0.15864583333333293,48
8,11,2014,12.985416666666667,13.738,0.752583333333332,48
8,11,2015,14.805625,16.487,1.6813749999999992,48
8,12,2001,11.191041666666667,14.19,2.9989583333333325,96
8,12,2002,12.368541666666667,18.8,6.4314583333333335,48
8,12,2005,9.029166666666667,15.16,6.130833333333333,48
8,12,2006,12.091666666666667,15.28,3.1883333333333326,48
8,12,2007,11.047291666666666,11.73,0.6827083333333341,48
8,12,2008,17.736875,19.44,1.703125,48
8,12,2009,10.961666666666666,11.19,0.2283333333333335,48
8,12,2011,13.228,13.93,0.702,48
8,12,2012,10.8600625,11.977,1.1169375000000006,96
8,12,2013,11.431791666666667,11.516,0.08420833333333277,48
8,12,2014,11.883125,12.147,0.2638750000000005,48
8,12,2015,12.524375000000001,14.242,1.717625,48
8,13,2001,11.8075,13.27,1.4625000000000004,96
8,13,2002,11.522083333333333,17.84,6.317916666666667,48
8,13,2004,10.092916666666667,11.74,1.6470833333333328,48
8,13,2005,9.15625,11.44,2.2837499999999995,48
8,13,2006,13.687291666666667,15.86,2.1727083333333326,48
8,13,2007,10.764375,11.44,0.6756250000000001,48
8,13,2008,18.235833333333332,19.28,1.0441666666666691,48
8,13,2009,11.401458333333332,12.06,0.6585416666666681,48
8,13,2011,14.277729166666667,15.294,1.0162708333333335,48
8,13,2012,11.558395833333334,11.71,0.15160416666666698,48
8,13,2013,11.449645833333333,11.516,0.06635416666666671,48
8,13,2014,12.858625,13.786,0.9273749999999996,48
8,13,2015,11.262083333333333,11.88,0.6179166666666678,48
8,14,2001,12.730416666666667,15.76,3.029583333333333,96
8,14,2002,11.142708333333333,14.52,3.3772916666666664,48
8,14,2004,9.265833333333333,10.66,1.394166666666667,48
8,14,2005,9.195,11.29,2.094999999999999,48
8,14,2006,14.38625,16.16,1.7737499999999997,48
8,14,2007,11.319166666666666,11.73,0.4108333333333345,48
8,14,2008,16.943125000000002,18.47,1.5268749999999969,48
8,14,2009,11.848541666666666,12.35,0.5014583333333338,48
8,14,2011,14.392645833333333,15.079,0.6863541666666677,48
8,14,2012,11.694458333333333,11.856,0.16154166666666647,48
8,14,2013,11.309666666666667,11.516,0.20633333333333326,48
8,14,2014,11.709916666666667,12.92,1.2100833333333334,48
8,14,2015,11.961291666666668,12.63,0.668708333333333,48
8,15,2001,12.606666666666667,14.66,2.053333333333333,96
8,15,2002,10.882291666666667,12.98,2.0977083333333333,48
8,15,2004,9.393333333333334,10.81,1.416666666666666,48
8,15,2005,10.660416666666666,13.15,2.489583333333334,48
8,15,2006,11.730416666666667,15.28,3.5495833333333326,48
8,15,2007,10.812291666666667,11.44,0.6277083333333326,48
8,15,2008,15.948333333333334,17.67,1.7216666666666676,48
8,15,2009,11.8425,12.35,0.5075000000000003,48
8,15,2011,15.247958333333333,16.749,1.5010416666666657,48
8,15,2012,12.052729166666667,12.316,0.26327083333333334,48
8,15,2013,11.173729166666666,11.443,0.26927083333333357,48
8,15,2014,10.981416666666666,12.001,1.0195833333333333,48
8,15,2015,11.415375000000001,11.807,0.39162499999999945,48
8,16,2001,12.539791666666666,14.98,2.4402083333333344,96
8,16,2002,10.5725,12.51,1.9375,48
8,16,2004,11.64875,14.99,3.3412500000000005,48
8,16,2005,13.443333333333333,15.63,2.1866666666666674,48
8,16,2006,10.404375,10.94,0.5356249999999996,48
8,16,2007,10.986875,11.73,0.7431250000000009,48
8,16,2008,15.798333333333334,17.99,2.1916666666666647,48
8,16,2009,11.395416666666666,11.77,0.3745833333333337,48
8,16,2011,17.303104166666667,17.605,0.30189583333333303,48
8,16,2012,12.409479166666667,12.92,0.5105208333333326,48
8,16,2013,11.750562500000001,11.904,0.153437499999999,48
8,16,2014,12.163833333333333,12.292,0.12816666666666698,48
8,16,2015,11.2765,11.613,0.33649999999999913,48
8,17,2001,10.575833333333334,13.11,2.534166666666666,96
8,17,2002,10.595625,13.74,3.144375,48
8,17,2004,12.883333333333333,14.99,2.1066666666666674,48
8,17,2005,12.487916666666667,15.79,3.302083333333332,48
8,17,2006,10.900416666666667,11.8,0.8995833333333341,48
8,17,2007,10.308125,11.73,1.421875,48
8,17,2008,14.751458333333334,19.12,4.368541666666667,48
8,17,2009,11.057083333333333,11.19,0.13291666666666657,48
8,17,2011,17.148875,17.439,0.29012499999999974,48
8,17,2012,12.817625,13.04,0.22237499999999955,48
8,17,2013,11.75625,11.88,0.12375000000000114,48
8,17,2014,12.695458333333333,12.823,0.12754166666666755,48
8,17,2015,11.630041666666667,11.953,0.32295833333333235,48
8,18,2001,9.688541666666667,12.34,2.6514583333333324,96
8,18,2002,11.154375,12.98,1.8256250000000005,48
8,18,2004,11.68125,14.52,2.838749999999999,48
8,18,2005,13.339583333333334,16.58,3.2404166666666647,48
8,18,2006,10.625833333333333,11.51,0.8841666666666672,48
8,18,2007,11.106666666666667,12.3,1.1933333333333334,48
8,18,2008,14.438958333333334,16.55,2.111041666666667,48
8,18,2009,10.8825,10.9,0.01750000000000007,48
8,18,2011,16.998604166666667,17.153,0.15439583333333218,48
8,18,2012,12.667791666666666,12.992,0.32420833333333476,48
8,18,2013,11.891645833333333,12.001,0.10935416666666598,48
8,18,2014,12.925666666666666,13.137,0.21133333333333404,48
8,18,2015,11.664666666666667,11.856,0.1913333333333327,48
8,19,2001,9.592916666666667,15.45,5.857083333333332,96
8,19,2002,11.491875,12.82,1.328125,48
8,19,2004,10.17625,14.05,3.873750000000001,48
8,19,2005,13.426875,17.37,3.943125,48
8,19,2006,9.547708333333333,10.36,0.8122916666666669,48
8,19,2007,13.018958333333334,14.33,1.3110416666666662,48
8,19,2008,12.783541666666666,14.04,1.2564583333333328,48
8,19,2009,10.841666666666667,10.9,0.05833333333333357,48
8,19,2011,16.835541666666668,17.249,0.41345833333333104,48
8,19,2012,12.9175625,13.281,0.36343749999999986,48
8,19,2013,11.515375,11.686,0.17062499999999936,48
8,19,2014,13.452291666666667,13.738,0.2857083333333321,48
8,19,2015,11.992958333333334,12.292,0.29904166666666576,48
8,20,2001,10.371875,13.11,2.738125,96
8,20,2002,12.177916666666667,16.25,4.0720833333333335,48
8,20,2004,9.642291666666667,11.43,1.7877083333333328,48
8,20,2005,12.43,16.11,3.6799999999999997,48
8,20,2006,9.589375,10.94,1.350624999999999,48
8,20,2007,13.834583333333333,14.62,0.7854166666666664,48
8,20,2008,14.78,16.39,1.6100000000000012,48
8,20,2009,11.129791666666666,11.19,0.06020833333333364,48
8,20,2011,16.849875,17.391,0.5411249999999974,48
8,20,2012,13.221229166666667,13.594,0.37277083333333216,48
8,20,2013,11.216916666666666,11.297,0.0800833333333344,48
8,20,2014,13.5845,13.93,0.3454999999999995,48
8,20,2015,11.666541666666667,11.929,0.262458333333333,48
8,21,2001,10.802083333333334,13.42,2.617916666666666,96
8,21,2002,13.117083333333333,16.88,3.7629166666666656,48
8,21,2004,9.2025,11.89,2.6875,48
8,21,2005,11.911458333333334,16.26,4.348541666666668,48
8,21,2006,10.1975,11.8,1.602500000000001,48
8,21,2007,14.414583333333333,14.91,0.4954166666666673,48
8,21,2008,15.206041666666666,17.35,2.1439583333333356,48
8,21,2009,11.22625,11.48,0.25375000000000014,48
8,21,2011,15.706770833333334,16.511,0.8042291666666657,48
8,21,2012,13.132520833333334,13.401,0.2684791666666655,48
8,21,2013,11.42325,11.516,0.09275000000000055,48
8,21,2014,13.774833333333333,14.05,0.2751666666666672,48
8,21,2015,12.239166666666668,12.534,0.29483333333333306,48
8,22,2001,11.536875,14.98,3.443125,96
8,22,2002,13.486666666666666,16.88,3.3933333333333326,48
8,22,2004,9.5975,11.74,2.1425,48
8,22,2005,11.160625,15.16,3.9993750000000006,48
8,22,2006,10.203125,11.22,1.0168750000000006,48
8,22,2007,14.161666666666667,15.21,1.0483333333333338,48
8,22,2008,13.170208333333333,15.29,2.119791666666666,48
8,22,2009,11.032916666666667,11.19,0.15708333333333258,48
8,22,2011,13.759166666666667,14.745,0.985833333333332,48
8,22,2012,12.9959375,13.305,0.3090624999999996,48
8,22,2013,11.417083333333334,11.467,0.04991666666666639,48
8,22,2014,14.143833333333333,14.385,0.24116666666666653,48
8,22,2015,11.793,12.025,0.2320000000000011,48
8,23,2001,12.043541666666666,16.24,4.196458333333332,96
8,23,2002,13.322291666666667,17.36,4.037708333333333,48
8,23,2004,10.4825,11.89,1.4075000000000006,48
8,23,2005,11.671875,13.61,1.9381249999999994,48
8,23,2006,10.757083333333334,11.51,0.7529166666666658,48
8,23,2007,13.490833333333333,15.21,1.719166666666668,48
8,23,2008,11.556875,15.76,4.203125,48
8,23,2009,11.963333333333333,13.8,1.8366666666666678,48
8,23,2011,13.612270833333334,14.385,0.7727291666666662,48
8,23,2012,13.08175,13.353,0.2712500000000002,48
8,23,2013,11.411541666666666,11.807,0.3954583333333339,48
8,23,2014,15.134,15.39,0.2560000000000002,48
8,23,2015,12.657083333333333,13.161,0.503916666666667,48
8,24,2001,12.639166666666666,14.66,2.020833333333334,96
8,24,2002,14.662708333333333,16.57,1.9072916666666675,48
8,24,2004,11.094166666666666,15.15,4.055833333333334,48
8,24,2005,12.922291666666666,15.48,2.557708333333334,48
8,24,2006,11.52375,12.67,1.1462500000000002,48
8,24,2007,12.080208333333333,13.17,1.0897916666666667,48
8,24,2008,11.121041666666667,14.35,3.228958333333333,48
8,24,2009,12.295625,12.93,0.6343750000000004,48
8,24,2011,13.7213125,14.409,0.6876875000000009,48
8,24,2012,12.950208333333334,13.257,0.30679166666666546,48
8,24,2013,11.735520833333334,11.953,0.21747916666666534,48
8,24,2014,16.056874999999998,16.344,0.2871250000000032,48
8,24,2015,14.112875,14.745,0.6321249999999985,48
8,25,2001,14.683333333333334,17.19,2.5066666666666677,96
8,25,2002,15.638125,17.2,1.5618749999999988,48
8,25,2004,11.933333333333334,16.09,4.156666666666666,48
8,25,2005,14.480208333333334,18.49,4.009791666666665,48
8,25,2007,10.666666666666666,11.15,0.4833333333333343,48
8,25,2008,10.358958333333334,12.8,2.441041666666667,48
8,25,2009,12.537291666666667,12.93,0.3927083333333332,48
8,25,2011,12.6230625,13.305,0.6819375000000001,48
8,25,2012,13.172604166666666,13.594,0.4213958333333334,48
8,25,2013,12.051208333333333,12.292,0.24079166666666652,48
8,25,2014,16.238583333333334,16.558,0.31941666666666535,48
8,25,2015,14.604833333333334,15.151,0.5461666666666662,48
8,26,2001,14.827916666666667,17.67,2.842083333333335,96
8,26,2002,15.488333333333333,18.32,2.831666666666667,48
8,26,2004,11.385833333333332,16.72,5.3341666666666665,48
8,26,2005,14.402291666666667,17.37,2.9677083333333343,48
8,26,2007,10.613333333333333,11.73,1.1166666666666671,48
8,26,2008,11.590625,17.03,5.439375000000002,48
8,26,2009,12.434583333333334,12.93,0.4954166666666655,48
8,26,2011,11.523354166666667,11.904,0.38064583333333246,48
8,26,2012,13.324583333333333,13.642,0.31741666666666646,48
8,26,2013,12.127,12.316,0.18900000000000006,48
8,26,2014,15.030958333333334,15.891,0.8600416666666657,48
8,26,2015,14.444333333333333,14.697,0.2526666666666664,48
8,27,2001,11.953541666666666,15.6,3.6464583333333334,96
8,27,2002,15.853333333333333,18.16,2.3066666666666666,48
8,27,2004,10.337708333333333,12.82,2.482291666666667,48
8,27,2005,13.759791666666667,17.05,3.290208333333334,48
8,27,2007,11.233958333333334,12.01,0.7760416666666661,48
8,27,2008,13.236041666666667,16.39,3.1539583333333336,48
8,27,2009,12.108333333333334,12.64,0.5316666666666663,48
8,27,2011,11.488416666666668,11.977,0.4885833333333327,48
8,27,2012,12.980625,13.69,0.7093749999999996,48
8,27,2013,11.794166666666667,11.929,0.13483333333333292,48
8,27,2014,13.248666666666667,13.786,0.5373333333333328,48
8,27,2015,13.796666666666667,14.361,0.5643333333333338,48
8,28,2001,11.0325,13.73,2.6975,96
8,28,2002,16.632708333333333,17.52,0.8872916666666661,48
8,28,2004,10.3125,13.44,3.1274999999999995,48
8,28,2005,12.658541666666666,15.79,3.131458333333333,48
8,28,2007,11.1725,12.3,1.1275000000000013,48
8,28,2008,14.374166666666667,17.03,2.6558333333333337,48
8,28,2009,13.274375000000001,14.09,0.8156249999999989,48
8,28,2011,13.252208333333334,16.082,2.829791666666667,48
8,28,2012,12.483729166666667,12.775,0.2912708333333338,48
8,28,2013,11.779979166666667,11.807,0.027020833333333272,48
8,28,2014,12.24425,12.558,0.31375000000000064,48
8,29,2001,10.8125,16.71,5.897500000000001,96
8,29,2002,16.891458333333333,17.36,0.46854166666666686,48
8,29,2004,10.564166666666667,13.59,3.025833333333333,48
8,29,2005,11.08125,12.99,1.9087499999999995,48
8,29,2008,15.541458333333333,17.51,1.9685416666666686,48
8,29,2009,15.024166666666666,16.43,1.4058333333333337,48
8,29,2011,9.907125,13.978,4.070874999999999,48
8,29,2012,12.601895833333334,12.944,0.3421041666666671,48
8,29,2013,12.052625,12.678,0.625375,48
8,29,2014,12.211,12.799,0.5879999999999992,48
8,30,2001,11.466458333333334,15.29,3.8235416666666655,96
8,30,2002,17.026666666666667,17.36,0.33333333333333215,48
8,30,2004,11.084999999999999,16.72,5.635,48
8,30,2005,10.612291666666666,13.3,2.687708333333335,48
8,30,2008,13.373333333333333,15.92,2.546666666666667,48
8,30,2009,15.062708333333333,15.54,0.477291666666666,48
8,30,2011,9.733625,11.662,1.9283750000000008,48
8,30,2012,12.716020833333333,12.896,0.17997916666666747,48
8,30,2013,12.790958333333334,12.92,0.12904166666666583,48
8,30,2014,14.065416666666668,14.481,0.4155833333333323,48
8,31,2001,11.658958333333333,14.19,2.531041666666667,96
8,31,2002,17.13,17.36,0.23000000000000043,48
8,31,2004,11.118333333333334,13.44,2.3216666666666654,48
8,31,2005,10.04,11.44,1.4000000000000004,48
8,31,2007,10.422083333333333,13.52,3.0979166666666664,48
8,31,2008,13.080833333333333,15.6,2.519166666666667,48
8,31,2009,14.857291666666667,15.25,0.3927083333333332,48
8,31,2011,10.203291666666667,11.248,1.0447083333333325,48
8,31,2012,12.344708333333333,12.582,0.23729166666666757,48
8,31,2013,12.872875,12.992,0.11912500000000037,48
8,31,2014,11.992041666666667,12.268,0.2759583333333335,48
9,1,2001,10.016875,13.58,3.5631249999999994,96
9,1,2002,17.146666666666665,17.2,0.053333333333334565,48
9,1,2004,11.980416666666667,16.72,4.739583333333332,48
9,1,2005,8.824375,10.22,1.3956250000000008,48
9,1,2007,11.756874999999999,15.85,4.093125000000001,48
9,1,2008,15.064583333333333,17.83,2.765416666666665,48
9,1,2009,15.44375,15.84,0.3962500000000002,48
9,1,2011,11.475479166666666,13.04,1.564520833333333,48
9,1,2012,12.572770833333333,13.353,0.7802291666666665,48
9,1,2013,12.622229166666667,12.751,0.1287708333333324,48
9,1,2014,11.003708333333334,11.297,0.29329166666666673,48
9,2,2001,11.92375,15.29,3.366249999999999,96
9,2,2002,17.476666666666667,17.84,0.3633333333333333,48
9,2,2004,13.468125,16.72,3.2518749999999983,48
9,2,2005,8.549375,10.68,2.130625,48
9,2,2007,13.314375,15.56,2.2456250000000004,48
9,2,2008,16.72125,19.12,2.3987499999999997,48
9,2,2009,15.443333333333333,15.54,0.09666666666666579,48
9,2,2011,12.618541666666667,15.509,2.890458333333333,48
9,2,2012,13.173083333333333,13.401,0.2279166666666672,48
9,2,2013,12.459916666666667,12.509,0.04908333333333381,48
9,2,2014,11.035,11.37,0.3349999999999991,48
9,3,2001,12.130208333333334,14.5,2.369791666666666,96
9,3,2002,17.496666666666666,17.84,0.3433333333333337,48
9,3,2004,13.005416666666667,15.15,2.1445833333333333,48
9,3,2005,9.241666666666667,11.44,2.1983333333333324,48
9,3,2007,13.088958333333334,14.68,1.5910416666666656,48
9,3,2008,17.291666666666668,19.28,1.9883333333333333,48
9,3,2009,15.63375,15.84,0.2062500000000007,48
9,3,2011,13.4910625,15.127,1.6359375000000007,48
9,3,2012,13.199166666666667,13.666,0.46683333333333366,48
9,3,2013,12.2253125,12.34,0.1146875000000005,48
9,3,2014,11.022958333333333,11.224,0.20104166666666679,48
9,4,2001,9.911249999999999,12.96,3.048750000000002,96
9,4,2002,17.776666666666667,18.64,0.8633333333333333,48
9,4,2004,12.01,16.41,4.4,48
9,4,2005,10.416458333333333,13.91,3.493541666666667,48
9,4,2007,11.989374999999999,13.23,1.2406250000000014,48
9,4,2008,14.782916666666667,17.19,2.4070833333333344,48
9,4,2009,15.815,15.84,0.025000000000000355,48
9,4,2011,12.347291666666667,13.69,1.3427083333333325,48
9,4,2012,11.975541666666667,13.329,1.353458333333334,96
9,4,2013,11.8626875,12.074,0.21131250000000001,48
9,4,2014,11.061541666666667,11.589,0.5274583333333336,48
9,5,2001,10.435208333333334,14.82,4.384791666666667,96
9,5,2002,17.58,18.16,0.5800000000000018,48
9,5,2004,14.755625,16.57,1.814375,48
9,5,2005,12.11,15.63,3.5200000000000014,48
9,5,2007,12.943333333333333,13.81,0.8666666666666671,48
9,5,2008,13.752708333333333,15.76,2.007291666666667,48
9,5,2009,15.857083333333334,16.13,0.27291666666666536,48
9,5,2011,11.764354166666667,12.558,0.7936458333333327,48
9,5,2012,11.65840625,13.377,1.7185937500000001,96
9,5,2013,12.4145,12.92,0.5054999999999996,48
9,5,2014,11.765791666666667,11.88,0.11420833333333391,48
9,6,2002,17.686666666666667,18.32,0.6333333333333329,48
9,6,2004,13.865416666666667,16.72,2.8545833333333324,48
9,6,2005,12.693541666666667,14.69,1.996458333333333,48
9,6,2007,13.028125,14.1,1.0718750000000004,48
9,6,2008,13.334791666666666,14.66,1.3252083333333342,48
9,6,2009,16.071041666666666,16.43,0.3589583333333337,48
9,6,2011,12.646270833333334,14.17,1.5237291666666657,48
9,6,2012,11.075166666666666,12.654,1.5788333333333338,96
9,6,2013,13.631916666666667,14.146,0.5140833333333337,48
9,6,2014,11.427791666666666,11.54,0.11220833333333324,48
9,7,2002,17.770416666666666,19.13,1.3595833333333331,48
9,7,2004,13.041458333333333,16.57,3.5285416666666674,48
9,7,2005,12.374375,17.05,4.675625,48
9,7,2007,11.119583333333333,12.94,1.8204166666666666,48
9,7,2008,13.76,16.87,3.110000000000001,48
9,7,2009,16.305,16.43,0.125,48
9,7,2011,13.655625,14.553,0.8973750000000003,48
9,7,2012,11.069375,12.413,1.3436249999999994,96
9,7,2013,13.644104166666667,14.05,0.405895833333334,48
9,7,2014,11.2615,11.37,0.10849999999999937,48
9,8,2002,17.758125,19.13,1.3718749999999993,48
9,8,2004,12.50125,16.72,4.218749999999998,48
9,8,2005,11.10375,15.16,4.05625,48
9,8,2007,9.698958333333334,10.64,0.941041666666667,48
9,8,2008,16.11,18.47,2.3599999999999994,48
9,8,2009,16.13,16.13,0,48
9,8,2011,14.95475,15.342,0.38724999999999987,48
9,8,2012,11.167583333333333,12.461,1.2934166666666673,96
9,8,2013,13.378729166666666,13.666,0.28727083333333425,48
9,8,2014,11.685875000000001,11.953,0.2671249999999983,48
9,9,2002,17.142916666666668,19.13,1.9870833333333309,48
9,9,2004,14.287708333333333,16.25,1.9622916666666672,48
9,9,2005,10.142916666666666,15.79,5.647083333333333,48
9,9,2007,9.973541666666666,11.5,1.5264583333333341,48
9,9,2008,15.083958333333333,17.35,2.266041666666668,48
9,9,2009,16.3675,16.43,0.0625,48
9,9,2011,15.339583333333334,15.772,0.43241666666666667,48
9,9,2012,11.08253125,12.025,0.9424687499999997,96
9,9,2013,13.89625,14.314,0.41774999999999984,48
9,9,2014,13.422208333333334,13.834,0.4117916666666659,48
9,10,2002,15.784791666666667,19.13,3.345208333333332,48
9,10,2004,11.275416666666667,13.74,2.4645833333333336,48
9,10,2005,11.21625,14.07,2.85375,48
9,10,2007,10.879166666666666,11.21,0.3308333333333344,48
9,10,2008,14.340625,18.31,3.9693749999999994,48
9,10,2009,16.43,16.43,0,48
9,10,2011,15.621458333333333,16.201,0.5795416666666675,48
9,10,2013,13.5920625,14.194,0.6019375,48
9,10,2014,13.468583333333333,13.69,0.22141666666666637,48
9,11,2002,13.631666666666666,18.16,4.528333333333334,48
9,11,2004,12.356666666666667,14.99,2.633333333333333,48
9,11,2005,12.661041666666666,15.79,3.1289583333333333,48
9,11,2007,12.108125,13.52,1.4118750000000002,48
9,11,2008,14.928125,15.76,0.8318750000000001,48
9,11,2009,16.43,16.43,0,48
9,11,2011,15.6825625,16.344,0.6614375000000017,48
9,11,2012,10.488479166666666,10.932,0.44352083333333425,48
9,11,2013,13.012895833333333,13.377,0.36410416666666734,48
9,11,2014,14.345458333333333,14.553,0.20754166666666762,48
9,12,2002,12.112291666666666,12.98,0.8677083333333346,48
9,12,2004,13.967083333333333,15.78,1.8129166666666663,48
9,12,2005,11.515833333333333,15.32,3.804166666666667,48
9,12,2007,11.263125,13.52,2.256874999999999,48
9,12,2008,12.520208333333333,15.13,2.609791666666668,48
9,12,2009,16.43,16.43,0,48
9,12,2011,14.910416666666666,16.153,1.2425833333333323,48
9,12,2012,10.264270833333333,11.734,1.4697291666666672,48
9,12,2013,12.459854166666666,13.112,0.6521458333333339,48
9,12,2014,13.132666666666667,13.281,0.14833333333333343,48
9,13,2002,13.31875,14.36,1.0412499999999998,48
9,13,2004,13.991041666666666,16.57,2.5789583333333344,48
9,13,2005,12.2475,14.38,2.1325000000000003,48
9,13,2007,11.923125,14.68,2.756874999999999,48
9,13,2008,11.251041666666666,12.34,1.0889583333333341,48
9,13,2009,16.43,16.43,0,48
9,13,2011,14.2908125,15.031,0.7401875000000011,48
9,13,2012,10.190604166666667,11.175,0.984395833333334,48
9,13,2013,11.864395833333333,12.074,0.2096041666666668,48
9,13,2014,13.656583333333334,14.122,0.46541666666666615,48
9,14,2002,14.303541666666666,15.31,1.0064583333333346,48
9,14,2004,14.768125,16.57,1.8018750000000008,48
9,14,2005,12.118958333333333,13.91,1.7910416666666666,48
9,14,2007,13.058958333333333,14.68,1.6210416666666667,48
9,14,2008,11.327916666666667,12.65,1.3220833333333335,48
9,14,2009,16.43,16.43,0,48
9,14,2011,13.580604166666667,14.098,0.5173958333333335,48
9,14,2012,11.1739375,13.161,1.9870625000000004,48
9,14,2013,11.640875,11.734,0.09312500000000057,48
9,14,2014,14.226833333333333,14.361,0.1341666666666672,48
9,15,2002,13.722916666666666,14.83,1.1070833333333336,48
9,15,2004,14.315,16.72,2.4049999999999994,48
9,15,2005,11.273958333333333,17.05,5.776041666666668,48
9,15,2007,12.446041666666666,13.52,1.0739583333333336,48
9,15,2008,10.604166666666666,14.82,4.215833333333334,48
9,15,2009,16.508541666666666,16.72,0.21145833333333286,48
9,15,2011,13.260125,13.738,0.47787499999999916,48
9,15,2012,11.819208333333334,12.847,1.0277916666666655,48
9,15,2013,12.0264375,12.461,0.4345625000000002,48
9,15,2014,14.422,14.457,0.03500000000000014,48
9,16,2002,13.893958333333334,16.25,2.356041666666666,48
9,16,2004,12.991875,17.2,4.208124999999999,48
9,16,2005,10.790416666666667,13.61,2.819583333333332,48
9,16,2007,12.05,14.39,2.34,48
9,16,2008,10.839791666666667,14.35,3.510208333333333,48
9,16,2009,16.61125,16.72,0.10875000000000057,48
9,16,2011,13.700979166666666,14.816,1.1150208333333342,48
9,16,2012,11.245958333333334,12.606,1.3600416666666657,48
9,16,2013,12.403104166666667,12.63,0.22689583333333374,48
9,16,2014,14.502,14.529,0.026999999999999247,48
9,17,2002,13.808125,16.09,2.2818749999999994,48
9,17,2004,12.746041666666667,15.94,3.193958333333333,48
9,17,2005,12.386458333333334,16.11,3.723541666666666,48
9,17,2007,12.884791666666667,14.39,1.505208333333334,48
9,17,2008,11.406041666666667,12.65,1.2439583333333335,48
9,17,2009,16.665625,16.72,0.054375000000000284,48
9,17,2011,15.028416666666667,15.461,0.43258333333333354,48
9,17,2012,10.485645833333333,11.977,1.4913541666666674,48
9,17,2013,13.237416666666666,13.714,0.476583333333334,48
9,17,2014,14.501,14.529,0.02800000000000047,48
9,18,2002,13.492083333333333,17.52,4.027916666666666,48
9,18,2004,13.810416666666667,15.78,1.9695833333333326,48
9,18,2005,13.883333333333333,15.79,1.9066666666666663,48
9,18,2007,13.556458333333333,14.39,0.8335416666666671,48
9,18,2008,12.33875,14.66,2.321250000000001,48
9,18,2009,16.212916666666665,16.43,0.21708333333333485,48
9,18,2011,15.156812500000001,15.557,0.4001874999999995,48
9,18,2012,10.168458333333334,10.712,0.5435416666666661,48
9,18,2013,13.8605,14.002,0.14150000000000063,48
9,18,2014,14.613,14.649,0.03599999999999959,48
9,19,2002,13.192291666666666,17.2,4.007708333333333,48
9,19,2004,14.333541666666667,14.67,0.33645833333333286,48
9,19,2005,13.663541666666667,15.95,2.286458333333332,48
9,19,2007,13.948958333333334,14.97,1.021041666666667,48
9,19,2008,14.020833333333334,14.66,0.6391666666666662,48
9,19,2009,15.79625,15.84,0.04374999999999929,48
9,19,2011,15.432895833333333,15.772,0.339104166666667,48
9,19,2012,10.46575,11.637,1.1712500000000006,48
9,19,2013,13.9655,14.05,0.08450000000000024,48
9,19,2014,14.830125,14.936,0.10587499999999928,48
9,20,2002,12.253958333333333,15.94,3.686041666666666,48
9,20,2004,14.550416666666667,14.99,0.4395833333333332,48
9,20,2005,13.553333333333333,15.63,2.076666666666668,48
9,20,2007,13.22,14.1,0.879999999999999,48
9,20,2008,14.079583333333334,15.29,1.2104166666666654,48
9,20,2009,15.69,15.84,0.15000000000000036,48
9,20,2011,15.026166666666667,15.652,0.6258333333333326,48
9,20,2012,11.957458333333333,12.871,0.9135416666666671,48
9,20,2013,14.035,14.17,0.1349999999999998,48
9,20,2014,14.915000000000001,14.96,0.04499999999999993,48
9,21,2002,11.976875,14.2,2.2231249999999996,48
9,21,2004,14.425416666666667,14.83,0.4045833333333331,48
9,21,2005,12.154166666666667,14.38,2.225833333333334,48
9,21,2007,12.481666666666666,14.1,1.618333333333334,48
9,21,2008,14.073125000000001,15.29,1.2168749999999982,48
9,21,2009,15.6275,15.84,0.21250000000000036,48
9,21,2011,14.488583333333333,15.581,1.0924166666666668,48
9,21,2012,11.738458333333334,13.233,1.4945416666666667,48
9,21,2013,14.0035,14.098,0.09450000000000003,48
9,21,2014,14.781375,15.031,0.24962499999999999,48
9,22,2002,11.764583333333334,13.44,1.6754166666666652,48
9,22,2004,14.5925,15.31,0.7175000000000011,48
9,22,2005,11.369583333333333,13.45,2.0804166666666664,48
9,22,2007,11.928541666666666,13.52,1.5914583333333336,48
9,22,2008,14.745833333333334,15.13,0.3841666666666672,48
9,22,2009,15.703125,15.84,0.13687499999999986,48
9,22,2011,14.021895833333334,14.984,0.9621041666666663,48
9,22,2012,10.557125,12.05,1.4928750000000015,48
9,22,2013,13.3184375,13.786,0.46756249999999966,48
9,22,2014,14.237458333333333,14.649,0.4115416666666665,48
9,23,2002,11.617083333333333,13.28,1.662916666666666,48
9,23,2004,14.890833333333333,15.94,1.0491666666666664,48
9,23,2005,10.606041666666666,12.84,2.2339583333333337,48
9,23,2007,10.824375,11.5,0.6756250000000001,48
9,23,2008,14.903958333333334,15.13,0.22604166666666714,48
9,23,2009,15.165416666666667,15.54,0.37458333333333194,48
9,23,2011,13.9733125,14.745,0.7716874999999987,48
9,23,2012,11.25525,13.161,1.9057499999999994,48
9,23,2013,12.534520833333334,12.871,0.3364791666666669,48
9,23,2014,12.683208333333333,13.137,0.4537916666666675,48
9,24,2002,13.179583333333333,16.72,3.5404166666666654,48
9,24,2004,15.12125,15.62,0.49874999999999936,48
9,24,2005,11.907083333333333,15.16,3.2529166666666676,48
9,24,2007,10.818125,11.79,0.9718749999999989,48
9,24,2008,14.559791666666667,15.45,0.8902083333333319,48
9,24,2009,14.228958333333333,14.96,0.7310416666666679,48
9,24,2011,14.021125,14.673,0.6518750000000004,48
9,24,2012,11.645145833333334,13.594,1.9488541666666652,48
9,24,2013,12.832625,13.305,0.47237499999999955,48
9,24,2014,12.87325,13.112,0.23874999999999957,48
9,25,2002,14.134791666666667,16.57,2.4352083333333336,48
9,25,2004,14.50375,15.46,0.9562500000000007,48
9,25,2005,12.312083333333334,14.38,2.067916666666667,48
9,25,2007,11.598125,12.66,1.0618750000000006,48
9,25,2008,14.700625,15.29,0.58937499999999865,48
9,25,2009,14.295416666666666,14.96,0.6645833333333346,48
9,25,2011,13.903604166666668,14.529,0.6253958333333323,48
9,25,2012,12.4323125,14.481,2.0486874999999998,48
9,25,2013,13.549166666666666,13.738,0.1888333333333332,48
9,25,2014,13.661708333333333,13.882,0.22029166666666633,48
9,26,2002,14.94125,16.25,1.3087499999999999,48
9,26,2004,14.68375,15.94,1.2562499999999996,48
9,26,2005,9.5095833333333335,11.75,2.2404166666666665,48
9,26,2007,11.064166666666667,11.5,0.4358333333333331,48
9,26,2008,14.835208333333334,15.13,0.2947916666666668,48
9,26,2009,15.111041666666667,15.25,0.13895833333333307,48
9,26,2011,13.924583333333333,14.529,0.6044166666666673,48
9,26,2012,11.839708333333334,12.871,1.0312916666666663,48
9,26,2013,13.7935,13.93,0.13649999999999984,48
9,26,2014,13.98,14.194,0.2140000000000004,48
9,27,2002,15.860833333333334,16.57,0.7091666666666665,48
9,27,2004,14.599791666666667,16.88,2.2802083333333325,48
9,27,2005,8.339583333333334,11.29,2.9504166666666656,48
9,27,2007,10.950625,11.21,0.25937500000000036,48
9,27,2008,14.651666666666667,15.13,0.4783333333333335,48
9,27,2009,15.401041666666666,15.54,0.13895833333333307,48
9,27,2011,14.355291666666666,15.079,0.7237083333333345,48
9,27,2012,12.108875,12.896,0.7871250000000014,48
9,27,2013,13.99,14.122,0.13199999999999967,48
9,27,2014,14.42425,14.649,0.22474999999999845,48
9,28,2002,15.176458333333333,16.41,1.2335416666666674,48
9,28,2004,14.089791666666667,15.62,1.5302083333333325,48
9,28,2005,8.866666666666667,10.53,1.6633333333333322,48
9,28,2007,11.040000000000001,11.5,0.4599999999999991,48
9,28,2008,14.764166666666666,15.13,0.36583333333333456,48
9,28,2009,14.132291666666667,15.54,1.407708333333332,48
9,28,2011,14.9873125,15.939,0.9516875000000002,48
9,28,2012,12.535416666666666,13.088,0.5525833333333328,48
9,28,2013,14.1815,14.29,0.10849999999999937,48
9,28,2014,14.655625,14.912,0.25637500000000024,48
9,29,2002,15.798541666666667,16.57,0.7714583333333334,48
9,29,2004,14.611666666666666,15.15,0.538333333333334,48
9,29,2005,9.623333333333333,11.44,1.8166666666666664,48
9,29,2007,11.161458333333334,14.1,2.9385416666666657,48
9,29,2008,14.889166666666666,15.6,0.7108333333333334,48
9,29,2009,12.138541666666667,12.93,0.7914583333333329,48
9,29,2011,15.587770833333334,16.606,1.0182291666666679,48
9,29,2012,12.071229166666667,12.823,0.7517708333333335,48
9,29,2013,14.3399375,14.409,0.06906250000000114,48
9,29,2014,14.074,14.314,0.2400000000000002,48
9,30,2002,15.312083333333334,15.94,0.6279166666666658,48
9,30,2004,14.550416666666667,14.67,0.11958333333333293,48
9,30,2005,8.314166666666667,10.22,1.9058333333333337,48
9,30,2007,12.867083333333333,15.56,2.692916666666667,48
9,30,2008,15.243333333333334,15.76,0.5166666666666657,48
9,30,2009,11.570625,12.35,0.7793749999999999,48
9,30,2011,13.626458333333334,14.218,0.5915416666666662,48
9,30,2012,11.658895833333334,12.219,0.5601041666666653,48
9,30,2013,14.4625,14.505,0.042500000000000426,48
9,30,2014,14.958625,15.127,0.16837500000000105,48
10,1,2002,13.348958333333334,15.46,2.111041666666667,48
10,1,2004,14.788958333333333,15.31,0.5210416666666671,48
10,1,2005,7.83375,11.14,3.3062500000000004,48
10,1,2007,13.639375,15.56,1.9206250000000011,48
10,1,2008,14.727083333333333,15.29,0.5629166666666663,48
10,1,2009,11.389375,11.77,0.3806250000000002,48
10,1,2011,13.350458333333334,13.546,0.1955416666666654,48
10,1,2012,11.988958333333333,12.654,0.6650416666666672,48
10,1,2013,14.5215,14.577,0.05550000000000033,48
10,1,2014,15.117,15.127,0.009999999999999787,48
10,2,2002,12.802708333333333,14.52,1.7172916666666662,48
10,2,2004,14.983333333333334,15.31,0.3266666666666662,48
10,2,2005,7.490625,9.9,2.4093750000000007,48
10,2,2007,12.644375,14.68,2.0356249999999996,48
10,2,2008,13.34625,14.98,1.633750000000001,48
10,2,2009,11.558541666666667,11.77,0.21145833333333286,48
10,2,2011,14.810833333333333,16.272,1.4611666666666654,48
10,2,2012,13.5175625,14.697,1.1794374999999988,48
10,2,2013,14.5785,14.673,0.09450000000000003,48
10,2,2014,14.964875000000001,15.055,0.09012499999999868,48
10,3,2002,14.045625,15.78,1.734375,48
10,3,2004,14.72625,15.15,0.42375000000000007,48
10,3,2005,7.758333333333334,9.9,2.1416666666666666,48
10,3,2007,12.513125,14.68,2.166874999999999,48
10,3,2008,11.762916666666667,13.58,1.8170833333333327,48
10,3,2009,12.198958333333334,12.64,0.441041666666667,48
10,3,2011,16.040458333333333,16.272,0.23154166666666498,48
10,3,2012,14.051166666666667,14.816,0.7648333333333337,48
10,3,2013,14.594,14.697,0.10299999999999976,48
10,3,2014,15.2575,15.318,0.06049999999999933,48
10,4,2002,15.057500000000001,15.78,0.7224999999999984,48
10,4,2004,14.850416666666666,15.15,0.2995833333333344,48
10,4,2005,8.313125,10.22,1.9068750000000012,48
10,4,2007,11.395208333333333,13.23,1.8347916666666677,48
10,4,2008,11.189375,13.73,2.5406250000000004,48
10,4,2009,12.35,12.64,0.2900000000000009,48
10,4,2011,16.0086875,16.201,0.1923124999999999,48
10,4,2012,12.424041666666668,13.425,1.0009583333333332,48
10,4,2013,14.583,14.673,0.08999999999999986,48
10,4,2014,15.138,15.223,0.08500000000000085,48
10,5,2002,13.784166666666668,15.31,1.525833333333333,48
10,5,2004,14.597291666666667,14.99,0.3927083333333332,48
10,5,2005,8.560208333333334,10.99,2.4297916666666666,48
10,5,2007,11.245625,12.94,1.694374999999999,48
10,5,2008,11.189166666666667,13.11,1.9208333333333325,48
10,5,2009,12.066041666666667,12.35,0.28395833333333265,48
10,5,2011,15.913333333333334,16.01,0.09666666666666757,48
10,5,2012,11.805875,12.292,0.4861249999999995,48
10,5,2013,14.551,14.649,0.09799999999999898,48
10,5,2014,14.996541666666667,15.127,0.13045833333333334,48
10,6,2002,13.763541666666667,15.62,1.8564583333333324,48
10,6,2004,14.514999999999999,14.67,0.15500000000000114,48
10,6,2005,8.620208333333334,10.37,1.749791666666665,48
10,6,2007,11.269583333333333,12.94,1.6704166666666662,48
10,6,2008,11.870416666666667,12.8,0.9295833333333334,48
10,6,2009,11.612916666666667,12.06,0.4470833333333335,48
10,6,2011,15.5668125,15.819,0.25218750000000156,48
10,6,2012,12.111437500000001,12.703,0.5915624999999984,48
10,6,2013,14.7355625,14.936,0.2004374999999996,48
10,6,2014,15.075208333333334,15.318,0.2427916666666654,48
10,7,2002,14.174791666666668,15.31,1.135208333333333,48
10,7,2004,14.366875,14.67,0.30312499999999964,48
10,7,2005,8.65,11.44,2.789999999999999,48
10,7,2007,12.681875,14.97,2.288125000000001,48
10,7,2008,12.295208333333333,12.96,0.6647916666666678,48
10,7,2009,11.492083333333333,11.77,0.27791666666666615,48
10,7,2011,15.451958333333334,15.485,0.03304166666666575,48
10,7,2012,12.560083333333333,13.497,0.9369166666666668,48
10,7,2013,14.971229166666667,15.079,0.10777083333333337,48
10,7,2014,15.123,15.199,0.07600000000000051,48
10,8,2002,14.092291666666666,14.83,0.7377083333333339,48
10,8,2004,14.379583333333333,14.83,0.45041666666666735,48
10,8,2005,8.491666666666667,10.68,2.1883333333333326,48
10,8,2007,12.919791666666667,13.52,0.6002083333333328,48
10,8,2008,12.644791666666666,13.11,0.465208333333333,48
10,8,2009,11.165833333333333,11.48,0.3141666666666669,48
10,8,2011,15.3161875,15.414,0.09781249999999986,48
10,8,2012,12.511916666666666,13.449,0.9370833333333337,48
10,8,2013,14.699104166666666,15.008,0.3088958333333327,48
10,8,2014,15.096083333333334,15.294,0.19791666666666607,48
10,9,2002,14.118541666666667,14.67,0.5514583333333327,48
10,9,2004,14.242708333333333,14.83,0.5872916666666672,48
10,9,2005,10.71125,12.06,1.3487500000000008,48
10,9,2007,13.105625,13.81,0.7043750000000006,48
10,9,2008,12.075208333333334,13.42,1.3447916666666657,48
10,9,2009,11.824375,12.35,0.5256249999999998,48
10,9,2011,15.0955,15.247,0.1515000000000004,48
10,9,2012,11.9123125,12.92,1.0076874999999994,48
10,9,2013,14.624,14.745,0.12099999999999866,48
10,9,2014,13.541166666666667,14.649,1.107833333333332,48
10,10,2002,14.136666666666667,14.52,0.38333333333333286,48
10,10,2004,13.4075,14.52,1.112499999999999,48
10,10,2005,11.068125,11.91,0.8418749999999999,48
10,10,2007,13.574583333333333,13.81,0.2354166666666675,48
10,10,2008,11.540625,13.58,2.0393749999999997,48
10,10,2009,12.4225,12.64,0.21750000000000114,48
10,10,2011,15.043270833333333,15.127,0.08372916666666796,48
10,10,2012,11.405083333333334,12.122,0.7169166666666662,48
10,10,2013,14.709,14.745,0.03599999999999959,48
10,10,2014,12.169625,12.485,0.3153749999999995,48
10,11,2002,14.27125,14.52,0.24874999999999936,48
10,11,2004,13.45375,14.2,0.7462499999999999,48
10,11,2005,11.611041666666667,12.68,1.0689583333333328,48
10,11,2007,13.846666666666668,14.39,0.543333333333333,48
10,11,2008,11.805208333333333,13.73,1.9247916666666676,48
10,11,2009,12.2775,12.35,0.07249999999999979,48
10,11,2011,15.2045625,15.509,0.3044375000000006,48
10,11,2012,11.503645833333334,11.88,0.3763541666666672,48
10,11,2013,14.772083333333333,14.84,0.06791666666666707,48
10,11,2014,12.3665,13.209,0.8424999999999994,48
10,12,2002,14.443333333333333,14.52,0.07666666666666622,48
10,12,2004,13.707916666666668,14.05,0.3420833333333331,48
10,12,2005,12.100625,12.37,0.26937499999999837,48
10,12,2007,14.287291666666667,14.39,0.10270833333333407,48
10,12,2008,12.031041666666667,13.27,1.2389583333333327,48
10,12,2009,12.06,12.35,0.28999999999999915,48
10,12,2011,15.526104166666666,15.605,0.07889583333333405,48
10,12,2012,12.368583333333333,13.209,0.8404166666666661,48
10,12,2013,14.787020833333333,14.84,0.0529791666666668,48
10,12,2014,12.57075,12.703,0.1322499999999991,48
10,13,2002,14.602708333333332,14.83,0.22729166666666778,48
10,13,2004,13.562083333333334,14.05,0.487916666666667,48
10,13,2005,12.192916666666667,12.37,0.17708333333333215,48
10,13,2007,12.787083333333333,13.81,1.0229166666666671,48
10,13,2008,12.307916666666667,14.04,1.7320833333333319,48
10,13,2009,11.691458333333333,11.77,0.07854166666666629,48
10,13,2011,15.50775,15.629,0.12124999999999986,48
10,13,2012,12.768666666666666,13.281,0.5123333333333342,48
10,13,2013,14.758520833333334,14.792,0.03347916666666606,48
10,13,2014,12.909666666666666,13.016,0.10633333333333361,48
10,14,2002,14.449166666666667,14.67,0.22083333333333321,48
10,14,2004,13.580625,13.9,0.31937500000000085,48
10,14,2005,12.329374999999999,12.53,0.2006250000000005,48
10,14,2007,13.550208333333334,13.81,0.25979166666666664,48
10,14,2008,12.40625,14.19,1.7837499999999995,48
10,14,2009,11.48,11.48,0,48
10,14,2011,15.445020833333333,15.557,0.11197916666666785,48
10,14,2012,10.994520833333333,12.147,1.1524791666666676,48
10,14,2013,14.7379375,14.768,0.030062500000001435,48
10,14,2014,12.967833333333333,13.233,0.26516666666666744,48
10,15,2002,14.05875,14.36,0.3012499999999996,48
10,15,2004,13.694375,13.9,0.2056249999999995,48
10,15,2005,12.462708333333333,12.68,0.21729166666666622,48
10,15,2007,13.381041666666667,13.52,0.13895833333333307,48
10,15,2008,12.120416666666667,14.35,2.2295833333333324,48
10,15,2009,11.48,11.48,0,48
10,15,2011,14.898979166666667,15.342,0.44302083333333364,48
10,15,2012,10.670333333333334,11.443,0.772666666666666,48
10,15,2013,14.7265,14.745,0.018499999999999517,48
10,15,2014,12.726541666666666,13.064,0.3374583333333341,48
10,16,2002,13.682708333333334,14.05,0.36729166666666657,48
10,16,2004,13.590625,13.9,0.30937500000000107,48
10,16,2005,12.320833333333333,12.84,0.519166666666667,48
10,16,2007,13.236041666666667,13.52,0.28395833333333265,48
10,16,2008,11.704791666666667,13.58,1.8752083333333331,48
10,16,2009,11.625,11.77,0.14499999999999957,48
10,16,2011,14.3818125,14.649,0.2671874999999986,48
10,16,2012,11.261020833333333,11.953,0.6919791666666661,48
10,16,2013,14.734,14.745,0.010999999999999233,48
10,16,2014,12.535125,13.112,0.5768749999999994,48
10,17,2002,13.505625,13.74,0.234375,48
10,17,2004,12.863333333333333,13.59,0.7266666666666666,48
10,17,2005,12.010625000000001,12.22,0.20937499999999964,48
10,17,2007,13.169583333333334,13.23,0.060416666666666785,48
10,17,2008,12.103958333333333,13.73,1.6260416666666675,48
10,17,2009,11.87875,12.35,0.4712499999999995,48
10,17,2011,14.2325625,14.745,0.512437499999999,48
10,17,2012,11.754145833333334,12.05,0.29585416666666653,48
10,17,2013,14.681,14.697,0.016000000000000014,48
10,17,2014,12.296791666666667,12.558,0.2612083333333324,48
10,18,2002,13.530625,13.59,0.05937499999999929,48
10,18,2004,11.361875,12.36,0.9981249999999999,48
10,18,2005,12.024375000000001,12.22,0.19562499999999972,48
10,18,2007,13.242083333333333,13.52,0.27791666666666615,48
10,18,2008,13.122291666666667,13.42,0.2977083333333326,48
10,18,2009,11.818333333333333,12.06,0.24166666666666714,48
10,18,2011,13.7968125,14.433,0.6361875000000001,48
10,18,2012,11.278770833333333,12.147,0.8682291666666675,48
10,18,2013,14.522,14.721,0.19899999999999984,48
10,18,2014,11.696625000000001,12.316,0.6193749999999998,48
10,19,2002,13.435625,13.59,0.15437499999999993,48
10,19,2004,12.048333333333334,12.98,0.9316666666666666,48
10,19,2005,12.146041666666667,12.37,0.22395833333333215,48
10,19,2007,13.296458333333334,13.52,0.22354166666666586,48
10,19,2008,12.947708333333335,13.11,0.16229166666666472,48
10,19,2009,11.643125,11.77,0.12687500000000007,48
10,19,2011,14.168875,14.361,0.19212500000000077,48
10,19,2012,10.652375,11.321,0.6686250000000005,48
10,19,2013,14.054875000000001,14.409,0.3541249999999998,48
10,19,2014,11.2015,11.516,0.31450000000000067,48
10,20,2002,13.32125,13.44,0.11875000000000036,48
10,20,2004,12.315416666666666,12.67,0.35458333333333414,48
10,20,2005,12.196666666666667,12.22,0.023333333333333428,48
10,20,2007,13.26625,13.52,0.25375000000000014,48
10,20,2008,12.733958333333334,12.96,0.22604166666666714,48
10,20,2009,11.582708333333333,11.77,0.18729166666666686,48
10,20,2011,14.273333333333333,14.361,0.08766666666666723,48
10,20,2012,10.762479166666667,12.34,1.5775208333333328,48
10,20,2013,13.544583333333334,13.858,0.3134166666666669,48
10,20,2014,11.182375,11.346,0.1636249999999997,48
10,21,2002,13.070625,13.28,0.20937499999999964,48
10,21,2004,12.502916666666666,12.67,0.16708333333333414,48
10,21,2005,12.16,12.22,0.0600000000000005,48
10,21,2007,12.894375,13.52,0.6256249999999994,48
10,21,2008,12.636666666666667,12.65,0.013333333333333641,48
10,21,2009,11.564583333333333,11.77,0.20541666666666636,48
10,21,2011,13.906,14.194,0.28800000000000026,48
10,21,2012,11.144270833333334,11.589,0.44472916666666684,48
10,21,2013,13.258229166666666,13.594,0.33577083333333313,48
10,21,2014,11.962875,12.098,0.13512500000000038,48
10,22,2002,12.886875,12.98,0.09312500000000057,48
10,22,2004,12.355625,12.51,0.15437499999999993,48
10,22,2005,12.031875000000001,12.06,0.02812499999999929,48
10,22,2007,12.619375,13.81,1.1906250000000007,48
10,22,2008,12.425,12.65,0.22499999999999964,48
10,22,2009,11.673333333333334,11.77,0.09666666666666579,48
10,22,2011,13.722895833333332,13.906,0.18310416666666818,48
10,22,2012,11.538458333333333,12.509,0.9705416666666675,48
10,22,2013,13.140437499999999,13.546,0.40556250000000027,48
10,22,2014,12.291875,12.437,0.14512500000000017,48
10,23,2002,12.677708333333333,12.82,0.14229166666666693,48
10,23,2004,12.045,12.2,0.15499999999999936,48
10,23,2005,11.740625,11.75,0.009375000000000355,48
10,23,2007,12.307083333333333,13.52,1.2129166666666666,48
10,23,2008,12.211875,12.34,0.1281250000000007,48
10,23,2009,11.48,11.48,0,48
10,23,2011,13.631770833333333,13.906,0.2742291666666681,48
10,23,2012,11.365666666666666,11.832,0.4663333333333348,48
10,23,2013,13.0095625,13.257,0.2474375000000002,48
10,23,2014,13.206708333333333,13.353,0.1462916666666665,48
10,24,2002,12.447708333333333,12.67,0.222291666666667,48
10,24,2004,11.82,12.05,0.23000000000000043,48
10,24,2005,11.6625,11.75,0.08750000000000036,48
10,24,2007,11.676041666666666,12.94,1.263958333333333,48
10,24,2008,12.17,12.19,0.019999999999999574,48
10,24,2009,11.401458333333334,11.48,0.07854166666666629,48
10,24,2011,13.438812500000001,13.57,0.13118749999999935,48
10,24,2012,10.540291666666667,11.102,0.5617083333333337,48
10,24,2013,12.806125,12.968,0.1618750000000002,48
10,24,2014,12.53775,12.654,0.11624999999999908,48
10,25,2002,12.263333333333332,12.36,0.09666666666666757,48
10,25,2004,11.600416666666666,11.74,0.13958333333333428,48
10,25,2005,11.503333333333332,11.6,0.09666666666666757,48
10,25,2007,12.589166666666667,13.23,0.6408333333333331,48
10,25,2008,12.186666666666666,12.19,0.0033333333333338544,48
10,25,2009,11.395416666666666,11.77,0.3745833333333337,48
10,25,2011,13.033875,13.401,0.3671249999999997,48
10,25,2012,10.201145833333333,10.663,0.4618541666666669,48
10,25,2013,12.323520833333333,12.509,0.18547916666666708,48
10,25,2014,12.462083333333332,12.534,0.0719166666666684,48
10,26,2002,12.204583333333332,12.36,0.15541666666666742,48
10,26,2004,11.4675,11.58,0.11250000000000071,48
10,26,2005,11.523333333333333,11.6,0.07666666666666622,48
10,26,2007,12.690416666666666,13.23,0.5395833333333346,48
10,26,2008,12.166666666666666,12.19,0.023333333333333428,48
10,26,2009,11.208124999999999,11.48,0.2718750000000014,48
10,26,2011,12.65375,12.944,0.29025000000000034,48
10,26,2012,10.267166666666666,11.224,0.9568333333333339,48
10,26,2013,12.157645833333333,12.268,0.1103541666666672,48
10,26,2014,12.455958333333333,12.509,0.0530416666666671,48
10,27,2002,12.077916666666667,12.2,0.12208333333333243,48
10,27,2004,11.42375,11.43,0.006249999999999645,48
10,27,2007,12.918333333333333,13.23,0.3116666666666674,48
10,27,2008,12.133333333333333,12.34,0.206666666666667,48
10,27,2009,11.020833333333334,11.19,0.16916666666666558,48
10,27,2011,12.686583333333333,12.775,0.08841666666666725,48
10,27,2012,11.0408125,11.613,0.5721875000000001,48
10,27,2013,11.811791666666666,12.025,0.2132083333333341,48
10,27,2014,12.327041666666666,12.389,0.061958333333333115,48
10,28,2002,11.898958333333335,12.05,0.15104166666666607,48
10,28,2004,11.305,11.43,0.125,48
10,28,2007,11.23875,12.66,1.4212500000000006,48
10,28,2008,11.991458333333332,12.03,0.03854166666666714,48
10,28,2009,11.19,11.19,0,48
10,28,2011,12.541645833333334,12.63,0.08835416666666696,48
10,28,2012,11.459125,11.734,0.27487499999999976,48
10,28,2013,11.542354166666666,11.613,0.07064583333333374,48
10,28,2014,12.401541666666667,12.582,0.18045833333333405,48
10,29,2004,11.227291666666666,11.28,0.05270833333333336,48
10,29,2007,10.452916666666667,11.5,1.0470833333333331,48
10,29,2008,11.153333333333332,11.57,0.41666666666666785,48
10,29,2009,11.19,11.19,0,48
10,29,2011,12.414770833333334,12.461,0.046229166666666544,48
10,29,2012,11.28625,11.856,0.5697499999999991,48
10,29,2013,11.556979166666666,11.734,0.17702083333333363,48
10,29,2014,12.443999999999999,12.485,0.04100000000000037,48
10,30,2004,11.18375,11.28,0.0962499999999995,48
10,30,2007,10.898125,11.21,0.31187500000000057,48
10,30,2008,10.923958333333333,11.26,0.33604166666666657,48
10,30,2009,11.196041666666666,11.48,0.2839583333333344,48
10,30,2011,12.110770833333333,12.268,0.1572291666666672,48
10,30,2012,10.992083333333333,11.807,0.814916666666667,48
10,30,2013,11.590937499999999,11.71,0.11906250000000185,48
10,30,2014,12.390708333333333,12.437,0.04629166666666684,48
10,31,2004,11.108749999999999,11.28,0.17125000000000057,48
10,31,2007,11.145833333333334,11.21,0.06416666666666693,48
10,31,2008,10.995208333333332,11.1,0.10479166666666728,48
10,31,2009,11.232291666666667,11.48,0.24770833333333364,48
10,31,2011,11.899291666666667,12.001,0.10170833333333285,48
10,31,2012,11.7820625,12.582,0.7999375000000004,48
10,31,2013,11.671729166666667,11.734,0.06227083333333283,48
10,31,2014,12.390666666666666,12.485,0.09433333333333316,48
11,1,2004,11.143958333333332,11.28,0.13604166666666728,48
11,1,2007,10.9525,11.21,0.2575000000000003,48
11,1,2008,11.036666666666665,11.1,0.06333333333333435,48
11,1,2009,11.19,11.19,0,48
11,1,2011,11.730354166666666,11.832,0.10164583333333432,48
11,1,2012,12.693104166666666,12.823,0.1298958333333342,48
11,1,2013,11.6090625,11.71,0.10093750000000057,48
11,1,2014,12.27175,12.34,0.06824999999999903,48
11,2,2004,11.063749999999999,11.12,0.056250000000000355,48
11,2,2007,10.670208333333333,10.93,0.25979166666666664,48
11,2,2008,10.751041666666666,10.95,0.19895833333333357,48
11,2,2009,11.19,11.19,0,48
11,2,2011,11.700458333333334,11.88,0.17954166666666715,48
11,2,2012,12.4916875,12.703,0.21131250000000001,48
11,2,2013,11.478083333333334,11.516,0.03791666666666593,48
11,2,2014,12.036583333333333,12.098,0.06141666666666801,48
11,3,2004,10.768333333333334,10.97,0.20166666666666622,48
11,3,2007,10.567708333333334,10.93,0.3622916666666658,48
11,3,2008,10.715,10.79,0.07499999999999929,48
11,3,2009,11.038958333333333,11.19,0.15104166666666607,48
11,3,2011,12.043708333333333,12.195,0.15129166666666727,48
11,3,2012,12.3644375,12.461,0.096562500000001,48
11,3,2013,11.335083333333333,11.394,0.05891666666666673,48
11,3,2014,11.655625,11.759,0.10337499999999977,48
11,4,2004,10.646666666666667,10.66,0.013333333333333641,48
11,4,2007,10.93,10.93,0,48
11,4,2008,10.7775,10.79,0.01249999999999929,48
11,4,2009,10.924166666666666,11.19,0.26583333333333314,48
11,4,2011,11.535145833333333,11.977,0.4418541666666673,48
11,4,2012,12.262020833333333,12.389,0.12697916666666664,48
11,4,2013,11.356645833333333,11.394,0.0373541666666668,48
11,4,2014,11.38125,11.443,0.06174999999999997,48
11,5,2004,10.509375,10.81,0.30062500000000014,48
11,5,2007,10.772916666666667,10.93,0.15708333333333258,48
11,5,2008,10.79,10.79,0,48
11,5,2009,10.870833333333334,10.9,0.029166666666666785,48
11,5,2011,11.156437500000001,11.297,0.1405624999999997,48
11,5,2012,12.136479166666668,12.413,0.27652083333333266,48
11,5,2013,11.419708333333334,11.467,0.04729166666666629,48
11,5,2014,11.390291666666666,11.443,0.05270833333333336,48
11,6,2004,10.306666666666667,10.35,0.043333333333333,48
11,6,2007,10.64,10.64,0,48
11,6,2008,10.856666666666666,10.95,0.09333333333333371,48
11,6,2009,10.553541666666666,10.62,0.06645833333333329,48
11,6,2011,11.178770833333333,11.516,0.3372291666666669,48
11,6,2012,12.051666666666668,12.34,0.2883333333333322,48
11,6,2013,11.427,11.443,0.016000000000000014,48
11,6,2014,11.3255,11.443,0.11749999999999972,48
11,7,2004,10.35,10.35,0,48
11,7,2007,10.482916666666666,10.64,0.15708333333333435,48
11,7,2008,10.99,11.1,0.10999999999999943,48
11,7,2009,10.438749999999999,10.62,0.18125000000000036,48
11,7,2011,11.447583333333334,11.589,0.1414166666666663,48
11,7,2012,11.872375,12.074,0.20162499999999994,48
11,7,2013,11.347145833333332,11.419,0.0718541666666681,48
11,7,2014,11.355916666666667,11.443,0.08708333333333229,48
11,8,2004,10.1975,10.35,0.15249999999999986,48
11,8,2007,10.211041666666667,10.35,0.13895833333333307,48
11,8,2008,10.938958333333332,11.1,0.16104166666666764,48
11,8,2009,10.577708333333332,10.62,0.04229166666666728,48
11,8,2011,11.3673125,11.492,0.12468750000000028,48
11,8,2012,11.656625,11.856,0.19937499999999986,48
11,8,2013,11.187479166666666,11.273,0.08552083333333371,48
11,8,2014,11.024916666666666,11.102,0.07708333333333428,48
11,9,2001,9.635416666666668,9.79,0.1545833333333313,48
11,9,2004,9.953333333333333,10.04,0.086666666666666,48
11,9,2007,10.192916666666667,10.35,0.15708333333333258,48
11,9,2008,10.840208333333333,10.95,0.10979166666666629,48
11,9,2009,10.649166666666666,10.9,0.25083333333333435,48
11,9,2011,11.177312500000001,11.516,0.3386874999999989,48
11,9,2012,11.380645833333332,11.54,0.15935416666666669,48
11,9,2013,10.994520833333333,11.078,0.08347916666666677,48
11,9,2014,11.011833333333334,11.053,0.04116666666666724,48
11,10,2001,9.541666666666668,9.79,0.2483333333333313,48
11,10,2004,9.715625000000001,9.88,0.16437499999999972,48
11,10,2007,10.080625,10.35,0.26937500000000014,48
11,10,2008,10.780833333333334,10.95,0.16916666666666558,48
11,10,2009,10.655,10.9,0.245000000000001,48
11,10,2011,11.341083333333334,11.589,0.24791666666666679,48
11,10,2012,11.223458333333333,11.297,0.07354166666666728,48
11,10,2013,10.885916666666667,10.956,0.07008333333333283,48
11,10,2014,10.985166666666666,11.029,0.04383333333333361,48
11,11,2001,9.249791666666667,9.48,0.23020833333333357,48
11,11,2004,9.560625,9.57,0.009375000000000355,48
11,11,2007,9.641041666666666,9.78,0.13895833333333307,48
11,11,2008,10.405000000000001,10.48,0.07499999999999929,48
11,11,2009,10.748333333333333,10.9,0.15166666666666728,48
11,11,2011,11.2441875,11.394,0.14981249999999946,48
11,11,2012,11.0609375,11.127,0.06606250000000102,48
11,11,2013,10.711208333333333,10.81,0.09879166666666706,48
11,11,2014,11.037083333333333,11.2,0.16291666666666593,48
11,12,2001,9.14,9.33,0.1899999999999995,48
11,12,2004,9.48875,9.57,0.08125000000000071,48
11,12,2007,9.604791666666667,9.78,0.17520833333333208,48
11,12,2008,10.229375,10.48,0.2506250000000012,48
11,12,2009,10.61375,10.9,0.2862500000000008,48
11,12,2011,10.84,11.175,0.33500000000000085,48
11,12,2012,11.0113125,11.102,0.09068749999999959,48
11,12,2013,10.546875,10.638,0.0911249999999999,48
11,12,2014,11.040125,11.078,0.03787499999999966,48
11,13,2001,8.903333333333332,9.02,0.11666666666666714,48
11,13,2004,9.287708333333333,9.42,0.13229166666666714,48
11,13,2007,9.483958333333334,9.78,0.29604166666666565,48
11,13,2008,10.07625,10.17,0.09375,48
11,13,2009,10.336041666666667,10.62,0.28395833333333265,48
11,13,2011,10.785083333333333,10.907,0.12191666666666734,48
11,13,2012,10.889375,11.029,0.13962500000000055,48
11,13,2013,10.352958333333333,10.443,0.09004166666666613,48
11,13,2014,10.962166666666667,11.029,0.0668333333333333,48
11,14,2001,8.87375,9.02,0.1462500000000002,48
11,14,2004,8.953333333333333,9.26,0.30666666666666664,48
11,14,2007,9.653125,9.78,0.12687500000000007,48
11,14,2008,10.115,10.33,0.21499999999999986,48
11,14,2009,10.4025,10.62,0.21749999999999936,48
11,14,2011,10.879645833333333,11.053,0.1733541666666678,48
11,14,2012,10.82175,10.932,0.11025000000000063,48
11,14,2013,10.199791666666666,10.271,0.07120833333333465,48
11,14,2014,10.943666666666667,10.98,0.03633333333333333,48
11,15,2001,8.854166666666666,9.02,0.1658333333333335,48
11,15,2004,8.841458333333334,9.11,0.2685416666666658,48
11,15,2007,9.641041666666666,9.78,0.13895833333333307,48
11,15,2008,10.223541666666666,10.33,0.10645833333333421,48
11,15,2009,10.553541666666666,10.62,0.06645833333333329,48
11,15,2011,10.960041666666667,11.127,0.16695833333333354,48
11,15,2012,10.9010625,10.932,0.030937500000000284,48
11,15,2013,10.108062499999999,10.149,0.04093750000000007,48
11,15,2014,10.69225,10.785,0.09275000000000055,48
11,16,2001,8.879999999999999,9.02,0.14000000000000057,48
11,16,2004,8.861041666666667,9.11,0.2489583333333325,48
11,16,2007,9.628958333333333,9.78,0.15104166666666607,48
11,16,2008,10.104583333333332,10.33,0.2254166666666677,48
11,16,2009,10.517291666666667,10.62,0.10270833333333229,48
11,16,2011,10.8625625,11.005,0.14243750000000155,48
11,16,2012,10.876708333333333,10.98,0.10329166666666723,48
11,16,2013,10.091666666666667,10.1,0.00833333333333286,48
11,16,2014,10.537583333333334,10.59,0.05241666666666589,48
11,17,2001,8.85375,8.86,0.006249999999999645,48
11,17,2004,8.924791666666668,9.11,0.18520833333333186,48
11,17,2007,9.314791666666666,9.49,0.17520833333333385,48
11,17,2008,9.873333333333333,10.02,0.1466666666666665,48
11,17,2009,10.33,10.33,0,48
11,17,2011,10.834395833333334,11.005,0.1706041666666671,48
11,17,2012,10.743333333333334,10.883,0.13966666666666505,48
11,17,2013,10.0854375,10.124,0.038562500000001165,48
11,17,2014,10.500958333333333,10.541,0.0400416666666672,48
11,18,2001,8.725625,8.86,0.13437499999999858,48
11,18,2004,8.967916666666667,9.11,0.142083333333332,48
11,18,2007,9.193958333333333,9.2,0.006041666666666501,48
11,18,2008,9.803333333333333,9.86,0.05666666666666664,48
11,18,2009,10.324166666666667,10.33,0.005833333333333357,48
11,18,2011,10.576833333333333,10.81,0.2331666666666674,48
11,18,2012,10.514770833333333,10.614,0.09922916666666737,48
11,18,2013,10.102895833333333,10.149,0.04610416666666595,48
11,18,2014,10.48575,10.614,0.1282500000000013,48
11,19,2001,8.641666666666667,9.02,0.3783333333333321,48
11,19,2004,8.981666666666667,9.11,0.12833333333333208,48
11,19,2007,9.091249999999999,9.2,0.10875000000000057,48
11,19,2008,9.421458333333334,9.7,0.2785416666666656,48
11,19,2009,10.120000000000001,10.33,0.20999999999999908,48
11,19,2011,10.3013125,10.492,0.190687500000001,48
11,19,2012,10.4785625,10.516,0.037437499999999346,48
11,19,2013,9.965520833333333,10.051,0.08547916666666744,48
11,19,2014,10.249791666666667,10.296,0.04620833333333252,48
11,20,2001,9.020624999999999,9.17,0.14937500000000092,48
11,20,2004,8.896875000000001,9.11,0.213124999999998,48
11,20,2007,8.698541666666666,8.91,0.21145833333333464,48
11,20,2008,9.08875,9.24,0.151250000000001,48
11,20,2009,10.33,10.33,0,48
11,20,2011,10.267208333333333,10.369,0.10179166666666717,48
11,20,2012,10.364749999999999,10.443,0.0782500000000006,48
11,20,2013,9.859208333333333,9.879,0.01979166666666643,48
11,20,2014,10.10475,10.247,0.14225000000000065,48
11,21,2001,8.791875000000001,9.17,0.37812499999999893,48
11,21,2004,8.659375,8.8,0.140625,48
11,21,2007,8.668333333333333,8.91,0.24166666666666714,48
11,21,2008,9.076041666666667,9.24,0.16395833333333343,48
11,21,2009,10.283333333333333,10.33,0.046666666666666856,48
11,21,2011,10.2569375,10.394,0.13706250000000075,48
11,21,2012,10.073916666666667,10.32,0.246083333333333,48
11,21,2013,9.881791666666667,9.903,0.02120833333333394,48
11,21,2014,9.903208333333334,10.075,0.17179166666666568,48
11,22,2001,8.518333333333334,8.71,0.19166666666666643,48
11,22,2004,8.65,8.8,0.15000000000000036,48
11,22,2007,8.746875,9.2,0.453125,48
11,22,2008,8.7283333333333335,8.93,0.20166666666666622,48
11,22,2009,10.265833333333333,10.33,0.06416666666666693,48
11,22,2011,10.113875,10.32,0.2061250000000001,48
11,22,2012,10.025645833333334,10.1,0.07435416666666583,48
11,22,2013,9.881625,9.903,0.02137500000000081,48
11,22,2014,9.292125,9.558,0.2658749999999994,48
11,23,2001,8.911666666666667,9.17,0.25833333333333286,48
11,23,2004,8.783750000000001,9.11,0.32624999999999815,48
11,23,2007,8.783125,8.91,0.12687500000000007,48
11,23,2008,8.216875,8.32,0.10312500000000036,48
11,23,2009,10.01375,10.05,0.03625000000000078,48
11,23,2011,10.055104166666666,10.32,0.264895833333334,48
11,23,2012,9.959875,10.026,0.06612499999999955,48
11,23,2013,9.7505625,9.805,0.05443750000000058,48
11,23,2014,9.610791666666668,9.756,0.14520833333333272,48
11,24,2001,8.7225,8.86,0.1374999999999993,48
11,24,2004,8.863333333333333,8.96,0.09666666666666757,48
11,24,2007,8.523333333333333,8.62,0.09666666666666579,48
11,24,2008,8.486458333333333,8.63,0.14354166666666757,48
11,24,2009,9.965416666666668,10.05,0.08458333333333279,48
11,24,2011,9.976270833333333,10.222,0.245729166666667,48
11,24,2012,9.894895833333333,9.952,0.057104166666666956,48
11,24,2013,9.644145833333333,9.731,0.0868541666666669,48
11,24,2014,9.550291666666666,9.657,0.10670833333333363,48
11,25,2001,8.725625,8.86,0.13437499999999858,48
11,25,2004,8.916666666666668,8.96,0.043333333333333,48
11,25,2007,8.317916666666667,8.62,0.30208333333333215,48
11,25,2008,8.257083333333334,8.32,0.06291666666666629,48
11,25,2009,9.741875,9.76,0.018124999999999503,48
11,25,2011,9.8745,10.051,0.17650000000000077,48
11,25,2012,9.903083333333333,10.051,0.14791666666666714,48
11,25,2013,9.3604375,9.46,0.09956250000000111,48
11,25,2014,9.583041666666666,9.657,0.07395833333333357,48
11,26,2001,8.74125,8.86,0.11874999999999858,48
11,26,2004,8.750833333333334,8.96,0.2091666666666665,48
11,26,2007,8.529375,8.62,0.09062499999999929,48
11,26,2008,8.030625,8.17,0.13937499999999936,48
11,26,2009,9.584791666666668,9.76,0.17520833333333208,48
11,26,2011,9.821666666666667,9.952,0.13033333333333275,48
11,26,2012,10.0178125,10.149,0.13118749999999935,48
11,26,2013,9.365166666666667,9.386,0.02083333333333215,48
11,26,2014,9.558375,9.706,0.14762499999999967,48
11,27,2001,8.866666666666667,9.17,0.3033333333333328,48
11,27,2004,8.621875000000001,8.65,0.02812499999999929,48
11,27,2007,8.529375,8.62,0.09062499999999929,48
11,27,2008,7.851041666666667,8.17,0.3189583333333328,48
11,27,2009,9.669375,9.76,0.09062499999999929,48
11,27,2011,10.031583333333334,10.247,0.21541666666666615,48
11,27,2012,10.036166666666666,10.247,0.21083333333333343,48
11,27,2013,9.1369375,9.361,0.2240625000000005,48
11,27,2014,9.441208333333334,9.78,0.3387916666666655,48
11,28,2001,8.79125,8.86,0.06874999999999964,48
11,28,2004,8.65,8.65,0,48
11,28,2007,8.33,8.33,0,48
11,28,2008,8.000416666666666,8.32,0.319583333333334,48
11,28,2009,9.76,9.76,0,48
11,28,2011,9.863729166666667,10.149,0.2852708333333318,48
11,28,2012,9.824791666666666,9.903,0.07820833333333432,48
11,28,2013,8.84525,8.941,0.09575000000000067,48
11,28,2014,9.377416666666667,9.657,0.2795833333333331,48
11,29,2001,8.813125,8.86,0.046875,48
11,29,2004,8.571875,8.65,0.078125,48
11,29,2007,8.33,8.33,0,48
11,29,2008,7.773125,8.63,0.8568750000000005,48
11,29,2009,9.705625,9.76,0.054375000000000284,48
11,29,2011,9.99975,10.345,0.34525000000000006,48
11,29,2012,9.884708333333334,10.001,0.11629166666666535,48
11,29,2013,8.703979166666667,8.817,0.11302083333333357,48
11,29,2014,8.856541666666667,9.361,0.5044583333333339,48
11,30,2001,8.728750000000002,8.86,0.13124999999999787,48
11,30,2004,8.486666666666666,8.5,0.013333333333333641,48
11,30,2007,8.269583333333333,8.33,0.060416666666666785,48
11,30,2008,7.513541666666667,8.01,0.496458333333333,48
11,30,2009,9.590833333333334,9.76,0.16916666666666558,48
11,30,2011,10.0373125,10.149,0.11168749999999861,48
11,30,2012,9.959958333333333,10.075,0.11504166666666649,48
11,30,2013,8.54025,8.593,0.05274999999999963,48
11,30,2014,9.075791666666667,9.361,0.2852083333333333,48
12,1,2001,8.795,9.02,0.22499999999999964,48
12,1,2004,8.44,8.5,0.0600000000000005,48
12,1,2007,8.136666666666667,8.33,0.19333333333333336,48
12,1,2008,7.67625,7.86,0.18375000000000075,48
12,1,2009,9.476041666666667,9.76,0.28395833333333265,48
12,1,2011,9.937416666666667,10.124,0.1865833333333331,48
12,1,2012,9.7811875,9.928,0.14681250000000112,48
12,1,2013,8.445041666666667,8.494,0.048958333333333215,48
12,1,2014,9.152916666666666,9.509,0.3560833333333342,48
12,2,2001,8.750625000000001,8.86,0.10937499999999822,48
12,2,2004,8.370416666666667,8.5,0.12958333333333272,48
12,2,2007,7.665416666666666,7.75,0.08458333333333368,48
12,2,2008,7.622916666666667,8.01,0.387083333333333,48
12,2,2009,9.445833333333335,9.47,0.024166666666666003,48
12,2,2011,9.675458333333333,9.829,0.15354166666666735,48
12,2,2012,9.508583333333334,9.608,0.09941666666666649,48
12,2,2013,8.434125,8.543,0.10887499999999939,48
12,2,2014,9.084041666666668,9.139,0.054958333333331666,48
12,3,2001,8.65375,8.71,0.056250000000000355,48
12,3,2004,8.321458333333332,8.5,0.1785416666666677,48
12,3,2007,7.103541666666667,7.46,0.3564583333333333,48
12,3,2008,7.601875,7.86,0.2581250000000006,48
12,3,2009,9.47,9.47,0,48
12,3,2011,9.541020833333334,9.756,0.21497916666666583,48
12,3,2012,9.303041666666667,9.41,0.10695833333333304,48
12,3,2013,8.1871875,8.27,0.08281249999999929,48
12,3,2014,9.202458333333333,9.386,0.18354166666666671,48
12,4,2001,8.56625,8.71,0.1437500000000007,48
12,4,2004,8.136875,8.34,0.203125,48
12,4,2007,6.798125,7.17,0.3718750000000002,48
12,4,2008,8.007291666666667,8.17,0.1627083333333328,48
12,4,2009,9.47,9.47,0,48
12,4,2011,9.485958333333334,9.657,0.17104166666666565,48
12,4,2012,9.205708333333334,9.262,0.05629166666666663,48
12,4,2013,8.0746875,8.195,0.12031250000000071,48
12,4,2014,9.3445,9.608,0.2635000000000005,48
12,5,2001,8.558541666666667,8.71,0.15145833333333414,48
12,5,2004,8.1525,8.19,0.037499999999999645,48
12,5,2007,6.557291666666666,7.17,0.6127083333333339,48
12,5,2008,7.929166666666667,8.17,0.2408333333333328,48
12,5,2009,9.457916666666668,9.47,0.012083333333333002,48
12,5,2011,9.550729166666667,9.682,0.13127083333333367,48
12,5,2012,9.170958333333333,9.46,0.28904166666666775,48
12,5,2013,7.8871875,8.02,0.1328125,48
12,5,2014,9.073583333333334,9.139,0.06541666666666579,48
12,6,2001,8.60375,8.71,0.10625000000000107,48
12,6,2004,8.036666666666665,8.04,0.0033333333333338544,48
12,6,2007,6.379583333333333,6.59,0.21041666666666714,48
12,6,2008,7.806875,8.01,0.203125,48
12,6,2009,9.210208333333334,9.47,0.25979166666666664,48
12,6,2011,9.580479166666667,9.756,0.17552083333333357,48
12,6,2012,9.2951041666666665,9.657,0.3618958333333335,48
12,6,2013,7.895520833333333,8.07,0.17447916666666696,48
12,6,2014,8.990041666666666,9.04,0.04995833333333266,48
12,7,2001,8.66,8.71,0.05000000000000071,48
12,7,2004,7.748125,8.04,0.2918749999999992,48
12,7,2007,6.6033333333333335,6.88,0.2766666666666664,48
12,7,2008,7.7785416666666665,8.01,0.23145833333333332,48
12,7,2009,8.944375,9.18,0.23562499999999886,48
12,7,2011,9.694374999999999,9.854,0.15962500000000013,48
12,7,2012,9.1653125,9.657,0.4916874999999994,48
12,7,2013,7.92,8.02,0.09999999999999964,48
12,7,2014,8.905333333333333,8.965,0.05966666666666676,48
12,8,2001,8.468958333333333,8.71,0.2410416666666677,48
12,8,2004,7.605625,7.88,0.27437500000000004,48
12,8,2007,6.759166666666666,6.88,0.12083333333333357,48
12,8,2008,7.65625,8.01,0.3537499999999998,48
12,8,2009,8.8375,8.89,0.05250000000000021,48
12,8,2011,9.487,9.657,0.16999999999999993,48
12,8,2012,9.499270833333334,10.075,0.5757291666666653,48
12,8,2013,7.738229166666667,7.845,0.10677083333333304,48
12,8,2014,8.509291666666666,8.742,0.23270833333333485,48
12,9,2001,8.315625,8.4,0.08437499999999964,48
12,9,2004,7.496666666666667,7.58,0.08333333333333304,48
12,9,2007,6.946458333333333,7.17,0.22354166666666675,48
12,9,2008,7.8412500000000005,7.86,0.018749999999999822,48
12,9,2009,8.579166666666666,8.89,0.31083333333333485,48
12,9,2011,9.441729166666667,9.706,0.2642708333333328,48
12,9,2012,9.248333333333333,10.001,0.7526666666666664,48
12,9,2013,7.603645833333333,7.645,0.04135416666666636,48
12,9,2014,8.403458333333333,8.519,0.1155416666666671,48
12,10,2001,8.16,8.25,0.08999999999999986,48
12,10,2004,7.454166666666667,7.58,0.12583333333333346,48
12,10,2007,7.0008333333333335,7.17,0.16916666666666647,48
12,10,2008,7.894375,8.01,0.11562499999999964,48
12,10,2009,8.439791666666666,8.89,0.4502083333333342,48
12,10,2011,9.315208333333333,9.558,0.24279166666666718,48
12,10,2012,8.7601875,9.805,1.044812499999999,48
12,10,2013,7.670875,7.695,0.024125000000000618,48
12,10,2014,8.639708333333333,8.767,0.12729166666666636,48
12,11,2001,8.192708333333334,8.4,0.20729166666666643,48
12,11,2004,7.45,7.58,0.1299999999999999,48
12,11,2007,6.910208333333333,7.17,0.25979166666666664,48
12,11,2008,7.8475,7.86,0.012500000000000178,48
12,11,2009,8.422708333333333,8.61,0.18729166666666686,48
12,11,2011,9.058083333333334,9.287,0.22891666666666666,48
12,11,2012,9.5216666666666665,10.001,0.47933333333333294,48
12,11,2013,7.5926875,7.67,0.07731249999999967,48
12,11,2014,8.691666666666666,8.742,0.05033333333333445,48
12,12,2001,8.25875,8.4,0.1412500000000012,48
12,12,2004,7.467083333333333,7.73,0.26291666666666735,48
12,12,2007,6.734999999999999,6.88,0.14500000000000046,48
12,12,2008,7.800625,7.86,0.05937500000000018,48
12,12,2009,8.28875,8.32,0.03125,48
12,12,2011,9.050458333333333,9.213,0.16254166666666592,48
12,12,2012,9.606562499999999,10.075,0.4684375000000003,48
12,12,2013,7.598166666666667,7.619,0.020833333333333037,48
12,12,2014,8.650125,8.916,0.2658750000000012,48
12,13,2001,8.211875,8.4,0.1881250000000012,48
12,13,2004,7.4418750000000005,7.73,0.28812499999999996,48
12,13,2007,6.795416666666666,6.88,0.08458333333333368,48
12,13,2008,7.500625,7.71,0.20937499999999964,48
12,13,2009,8.02625,8.32,0.29375000000000107,48
12,13,2011,8.953479166666666,9.064,0.11052083333333407,48
12,13,2012,9.4598125,9.977,0.5171875000000004,48
12,13,2013,7.584625,7.619,0.03437499999999982,48
12,13,2014,8.429291666666666,8.891,0.46170833333333405,48
12,14,2001,8.269791666666666,8.71,0.4402083333333344,48
12,14,2004,7.479375,7.88,0.4006249999999998,48
12,14,2007,6.59,6.59,0,48
12,14,2008,7.39125,7.55,0.1587499999999995,48
12,14,2009,8.244791666666666,8.61,0.36520833333333336,48
12,14,2011,8.909041666666667,9.015,0.1059583333333336,48
12,14,2012,9.4865625,9.977,0.4904375000000005,48
12,14,2013,7.434770833333333,7.569,0.13422916666666662,48
12,14,2014,8.32775,8.394,0.06625000000000014,48
12,15,1999,7.508958333333333,7.88,0.3710416666666667,48
12,15,2001,8.286666666666667,8.56,0.27333333333333343,48
12,15,2004,7.233124999999999,7.42,0.18687500000000057,48
12,15,2007,6.391249999999999,6.59,0.19875000000000043,48
12,15,2008,7.503333333333333,7.71,0.206666666666667,48
12,15,2009,8.046458333333334,8.61,0.5635416666666657,48
12,15,2011,8.7829375,9.336,0.5530625000000011,48
12,15,2012,9.323604166666668,9.952,0.6283958333333324,48
12,15,2013,6.326291666666667,7.192,0.8657083333333331,48
12,15,2014,8.346291666666666,8.444,0.09770833333333506,48
12,16,1999,7.546458333333334,7.72,0.17354166666666604,48
12,16,2001,7.895208333333334,8.09,0.19479166666666625,48
12,16,2004,6.948333333333333,7.11,0.16166666666666707,48
12,16,2007,6.0320833333333335,6.31,0.27791666666666615,48
12,16,2008,7.360833333333334,7.55,0.18916666666666604,48
12,16,2009,7.875208333333333,8.32,0.44479166666666714,48
12,16,2011,9.174666666666667,9.46,0.2853333333333339,48
12,16,2012,9.290916666666666,9.928,0.6370833333333348,48
12,16,2013,6.354145833333334,6.535,0.18085416666666632,48
12,16,2014,8.036666666666667,8.245,0.20833333333333215,48
12,17,1999,7.550000000000001,7.57,0.019999999999999574,48
12,17,2001,7.6575,7.78,0.1225000000000005,48
12,17,2004,6.7995833333333335,7.11,0.3104166666666668,48
12,17,2007,5.856875,6.31,0.453125,48
12,17,2008,6.619583333333333,7.4,0.7804166666666674,48
12,17,2009,7.156041666666667,7.73,0.5739583333333336,48
12,17,2011,8.987041666666666,9.163,0.17595833333333388,48
12,17,2012,9.131145833333333,10.075,0.9438541666666662,48
12,17,2013,6.144104166666667,6.255,0.1108958333333332,48
12,17,2014,8.027291666666667,8.22,0.19270833333333393,48
12,18,1999,7.44,7.57,0.1299999999999999,48
12,18,2001,7.6535416666666665,7.78,0.12645833333333378,48
12,18,2004,6.5531250000000005,6.8,0.2468749999999993,48
12,18,2007,5.633333333333334,6.02,0.3866666666666658,48
12,18,2008,5.8410416666666665,6.62,0.7789583333333336,48
12,18,2009,6.431041666666667,6.86,0.4289583333333331,48
12,18,2011,8.688916666666668,8.916,0.22708333333333286,48
12,18,2012,9.1474375,10.051,0.9035624999999996,48
12,18,2013,5.3115625,5.821,0.5094374999999998,48
12,18,2014,8.046041666666666,8.27,0.22395833333333393,48
12,19,1999,7.392708333333333,7.57,0.17729166666666707,48
12,19,2001,7.5460416666666665,7.94,0.39395833333333385,48
12,19,2004,6.357083333333334,6.49,0.13291666666666657,48
12,19,2007,6.001875,6.02,0.018124999999999503,48
12,19,2008,5.973541666666667,6.78,0.8064583333333335,48
12,19,2009,6.304166666666667,6.57,0.26583333333333314,48
12,19,2011,8.3579375,8.643,0.28506250000000044,48
12,19,2012,8.758041666666667,9.632,0.8739583333333325,48
12,19,2013,6.0500625,6.382,0.33193749999999955,48
12,19,2014,7.862708333333333,8.145,0.2822916666666666,48
12,20,1999,7.096666666666667,7.26,0.1633333333333331,48
12,20,2001,7.839583333333334,8.09,0.2504166666666663,48
12,20,2004,6.30875,6.49,0.18125000000000036,48
12,20,2007,5.331250000000001,5.73,0.3987499999999997,48
12,20,2008,8.732083333333334,10.17,1.4379166666666663,48
12,20,2009,6.557916666666667,6.86,0.30208333333333304,48
12,20,2011,8.59775,8.965,0.3672500000000003,48
12,20,2012,8.4090625,8.866,0.45693750000000044,48
12,20,2013,6.249645833333333,6.509,0.2593541666666672,48
12,20,2014,7.670833333333333,7.72,0.04916666666666636,48
12,21,1999,7.002916666666667,7.1,0.09708333333333297,48
12,21,2001,7.885,8.09,0.20500000000000007,48
12,21,2004,5.78875,6.03,0.24124999999999996,48
12,21,2007,5.25875,5.73,0.4712500000000004,48
12,21,2008,10.35625,11.26,0.9037500000000005,48
12,21,2009,6.322291666666667,6.86,0.5377083333333337,48
12,21,2011,8.435145833333333,8.494,0.05885416666666643,48
12,21,2012,8.531375,9.238,0.706624999999999,48
12,21,2013,6.152479166666667,6.484,0.33152083333333326,48
12,21,2014,7.441708333333334,7.519,0.07729166666666654,48
12,22,1999,7.066458333333333,7.41,0.34354166666666686,48
12,22,2001,7.687916666666666,7.94,0.2520833333333341,48
12,22,2004,5.3275,5.72,0.39250000000000007,48
12,22,2007,5.15,5.15,0,48
12,22,2008,10.5075,10.79,0.28249999999999886,48
12,22,2009,5.395,5.99,0.5950000000000006,48
12,22,2011,8.4720625,8.568,0.09593749999999979,48
12,22,2012,8.650458333333333,9.04,0.38954166666666623,48
12,22,2013,6.454979166666667,6.712,0.2570208333333328,48
12,22,2014,6.982666666666667,7.217,0.23433333333333284,48
12,23,1999,7.354166666666667,7.57,0.21583333333333332,48
12,23,2001,7.3675,7.63,0.2625000000000002,48
12,23,2004,5.517916666666666,6.03,0.5120833333333339,48
12,23,2007,5.162083333333333,5.44,0.27791666666666703,48
12,23,2008,10.837708333333333,11.72,0.8822916666666671,48
12,23,2009,5.287083333333333,5.71,0.4229166666666666,48
12,23,2011,8.4205625,8.519,0.09843749999999929,48
12,23,2012,8.990479166666667,9.854,0.8635208333333324,48
12,23,2013,6.650166666666666,6.813,0.16283333333333339,48
12,23,2014,7.219291666666667,7.393,0.1737083333333329,48
12,24,1999,7.232083333333333,7.57,0.33791666666666753,48
12,24,2001,7.578541666666667,7.94,0.3614583333333332,48
12,24,2004,5.68875,6.03,0.3412500000000005,48
12,24,2007,5.119791666666667,5.73,0.6102083333333335,48
12,24,2008,10.385,11.1,0.7149999999999999,48
12,24,2009,4.773541666666667,5.13,0.3564583333333333,48
12,24,2011,8.058395833333334,8.444,0.38560416666666697,48
12,24,2012,8.4165625,9.657,1.2404375000000005,48
12,24,2013,6.237770833333333,6.788,0.550229166666667,48
12,24,2014,6.857375,7.116,0.25862499999999944,48
12,25,1999,6.877083333333333,7.1,0.22291666666666643,48
12,25,2001,7.803333333333334,7.94,0.13666666666666671,48
12,25,2004,5.704791666666666,5.87,0.16520833333333407,48
12,25,2007,5.041250000000001,5.73,0.6887499999999998,48
12,25,2008,11.576666666666666,11.88,0.30333333333333456,48
12,25,2009,5.033333333333333,5.42,0.3866666666666667,48
12,25,2011,7.7760625,8.27,0.4939374999999995,48
12,25,2012,8.592458333333333,9.114,0.5215416666666677,48
12,25,2013,5.635583333333333,6.281,0.6454166666666667,48
12,25,2014,6.7647916666666665,6.889,0.1242083333333337,48
12,26,1999,6.638541666666667,6.95,0.3114583333333334,48
12,26,2001,7.78,7.78,0,48
12,26,2004,5.561875,5.87,0.3081250000000004,48
12,26,2007,4.956666666666667,5.15,0.19333333333333336,48
12,26,2008,10.905,11.72,0.8150000000000013,48
12,26,2009,5.908125,5.99,0.08187500000000014,48
12,26,2011,7.7389375,8.295,0.5560625000000003,48
12,26,2012,8.347479166666666,9.064,0.7165208333333339,48
12,26,2013,5.645708333333333,6.331,0.6852916666666671,48
12,26,2014,6.971125,7.091,0.1198750000000004,48
12,27,1999,6.583541666666666,6.79,0.20645833333333385,48
12,27,2001,7.626458333333333,7.78,0.15354166666666735,48
12,27,2004,5.713125,5.87,0.15687500000000032,48
12,27,2007,5.156041666666667,5.44,0.28395833333333353,48
12,27,2008,9.667291666666667,10.02,0.3527083333333323,48
12,27,2009,5.9725,5.99,0.01750000000000007,48
12,27,2011,7.649791666666666,8.045,0.3952083333333336,48
12,27,2012,8.403395833333333,8.792,0.3886041666666671,48
12,27,2013,5.7608958333333335,6.204,0.4431041666666662,48
12,27,2014,6.9911666666666665,7.142,0.15083333333333382,48
12,28,1999,6.034375,6.33,0.29562500000000025,48
12,28,2001,7.454375,7.47,0.015625,48
12,28,2004,5.401041666666667,5.72,0.3189583333333328,48
12,28,2007,5.162083333333333,5.44,0.27791666666666703,48
12,28,2008,10.24,11.88,1.6400000000000006,48
12,28,2009,5.9725,5.99,0.01750000000000007,48
12,28,2011,8.3648125,8.916,0.551187500000001,48
12,28,2012,8.561479166666667,8.965,0.40352083333333333,48
12,28,2013,5.7022916666666665,5.949,0.2467083333333333,48
12,28,2014,6.978541666666667,7.091,0.11245833333333355,48
12,29,1999,6.173541666666667,6.48,0.3064583333333335,48
12,29,2001,7.179375,7.47,0.29062499999999947,48
12,29,2004,5.352916666666666,5.56,0.20708333333333329,48
12,29,2007,5.192291666666667,5.44,0.24770833333333364,48
12,29,2008,10.093333333333334,11.88,1.786666666666667,48
12,29,2009,5.61125,5.99,0.37875000000000014,48
12,29,2011,8.1783125,8.319,0.1406875000000003,48
12,29,2012,8.386479166666666,8.841,0.4545208333333335,48
12,29,2013,5.401666666666666,5.924,0.522333333333334,48
12,29,2014,6.922791666666667,7.091,0.1682083333333333,48
12,30,1999,6.057083333333333,6.48,0.4229166666666675,48
12,30,2001,7.116666666666667,7.16,0.043333333333333,48
12,30,2004,5.293333333333333,5.41,0.11666666666666714,48
12,30,2007,5.15,5.44,0.29000000000000004,48
12,30,2008,8.725416666666668,9.7,0.9745833333333316,48
12,30,2009,4.616458333333333,5.13,0.5135416666666668,48
12,30,2011,8.1371875,8.195,0.05781250000000071,48
12,30,2012,7.910916666666666,8.543,0.6320833333333331,48
12,30,2013,5.759333333333333,6.56,0.8006666666666664,48
12,30,2014,6.660291666666667,6.763,0.10270833333333318,48
12,31,1999,6.413541666666667,6.64,0.22645833333333254,48
12,31,2001,6.825625,7.16,0.33437500000000053,48
12,31,2004,5.059375,5.25,0.19062499999999982,48
12,31,2007,5.131875,5.44,0.3081250000000004,48
12,31,2008,7.958541666666666,8.93,0.9714583333333335,48
12,31,2009,5.31125,5.42,0.10874999999999968,48
12,31,2011,8.014791666666667,8.095,0.08020833333333321,48
12,31,2012,8.349499999999999,8.568,0.21850000000000058,48
12,31,2013,5.5757916666666665,6.026,0.4502083333333333,48
12,31,2014,6.602,6.864,0.26199999999999957,48
